conversation_id,conversation_text,attribute_count_normalized,average_specificity,maximum_specificity,high_specificity_ratio,sensitive_category_count_normalized,uniqueness_risk,risk_score,risk_level,attributes_json,contextual_indicators_json
ml_conv_0001,My situation is that I live in Ward 14 in Jaipur.,0.2,0.26,0.26,0.0,0.0,0,0.944444,LOW,"[{""type"": ""LOCATION"", ""value"": ""Ward 14 in Jaipur"", ""specificity"": 0.26, ""confidence"": 0.89, ""source_message_id"": 1}]",[]
ml_conv_0002,A few details about me: I have rare neurological disorder; I have a ration card; the relevant date is yesterday; I live in India; I work as a shopkeeper; I identify as nonbinary adult.,1.0,0.9016666666666667,0.97,1.0,0.2,0.2,6.285185,MEDIUM,"[{""type"": ""HEALTH"", ""value"": ""rare neurological disorder"", ""specificity"": 0.83, ""confidence"": 0.94, ""source_message_id"": 1}, {""type"": ""GOVERNMENT_ID"", ""value"": ""a ration card"", ""specificity"": 0.9, ""confidence"": 0.99, ""source_message_id"": 1}, {""type"": ""DATE"", ""value"": ""yesterday"", ""specificity"": 0.83, ""confidence"": 0.96, ""source_message_id"": 2}, {""type"": ""LOCATION"", ""value"": ""India"", ""specificity"": 0.97, ""confidence"": 0.95, ""source_message_id"": 1}, {""type"": ""OCCUPATION"", ""value"": ""shopkeeper"", ""specificity"": 0.91, ""confidence"": 0.96, ""source_message_id"": 4}, {""type"": ""GENDER"", ""value"": ""nonbinary adult"", ""specificity"": 0.97, ""confidence"": 0.9, ""source_message_id"": 2}]","[{""indicator"": ""sensitive_health_attribute"", ""attribute_type"": ""HEALTH""}]"
ml_conv_0003,Yesterday I mentioned that my family includes single parent; I visited district clinic.,0.4,0.26,0.4,0.0,0.2,0,1.844444,LOW,"[{""type"": ""FAMILY"", ""value"": ""single parent"", ""specificity"": 0.12, ""confidence"": 0.94, ""source_message_id"": 1}, {""type"": ""FACILITY"", ""value"": ""district clinic"", ""specificity"": 0.4, ""confidence"": 0.89, ""source_message_id"": 1}]",[]
ml_conv_0004,"For context, I have a government identification number; I work as a farm worker; my family includes elderly dependent; I identify as nonbinary adult; I live in Village Y.",1.0,0.8640000000000001,0.99,0.8,0.2,0.6,6.832222,HIGH,"[{""type"": ""GOVERNMENT_ID"", ""value"": ""a government identification number"", ""specificity"": 0.65, ""confidence"": 0.99, ""source_message_id"": 1}, {""type"": ""OCCUPATION"", ""value"": ""farm worker"", ""specificity"": 0.99, ""confidence"": 0.94, ""source_message_id"": 2}, {""type"": ""FAMILY"", ""value"": ""elderly dependent"", ""specificity"": 0.85, ""confidence"": 0.94, ""source_message_id"": 1}, {""type"": ""GENDER"", ""value"": ""nonbinary adult"", ""specificity"": 0.98, ""confidence"": 0.96, ""source_message_id"": 3}, {""type"": ""LOCATION"", ""value"": ""Village Y"", ""specificity"": 0.85, ""confidence"": 0.9, ""source_message_id"": 1}]","[{""indicator"": ""village_level_location"", ""attribute_type"": ""LOCATION""}]"
ml_conv_0005,A few details about me: I am the only person matching these details: I have a rare blood disorder; my contact is a phone ending in 4421; I have a ration card; my family includes elderly dependent; I have ₹50 lakh debt.,1.0,0.8,0.96,0.6,0.6,1.0,8.155556,HIGH,"[{""type"": ""HEALTH"", ""value"": ""a rare blood disorder"", ""specificity"": 0.65, ""confidence"": 0.94, ""source_message_id"": 1}, {""type"": ""PHONE_NUMBER"", ""value"": ""a phone ending in 4421"", ""specificity"": 0.87, ""confidence"": 0.99, ""source_message_id"": 2}, {""type"": ""GOVERNMENT_ID"", ""value"": ""a ration card"", ""specificity"": 0.87, ""confidence"": 0.95, ""source_message_id"": 3}, {""type"": ""FAMILY"", ""value"": ""elderly dependent"", ""specificity"": 0.96, ""confidence"": 0.9, ""source_message_id"": 4}, {""type"": ""FINANCIAL"", ""value"": ""₹50 lakh debt"", ""specificity"": 0.65, ""confidence"": 0.97, ""source_message_id"": 1}]","[{""indicator"": ""uniqueness_word"", ""attribute_type"": ""HEALTH""}]"
ml_conv_0006,A few details about me: my family includes single parent; I have medical debt; I have asthma; I work as a farm worker.,0.8,0.625,0.78,0.5,0.6,0.2,5.494444,MEDIUM,"[{""type"": ""FAMILY"", ""value"": ""single parent"", ""specificity"": 0.45, ""confidence"": 0.92, ""source_message_id"": 1}, {""type"": ""FINANCIAL"", ""value"": ""medical debt"", ""specificity"": 0.74, ""confidence"": 0.9, ""source_message_id"": 1}, {""type"": ""HEALTH"", ""value"": ""asthma"", ""specificity"": 0.78, ""confidence"": 0.88, ""source_message_id"": 3}, {""type"": ""OCCUPATION"", ""value"": ""farm worker"", ""specificity"": 0.53, ""confidence"": 0.91, ""source_message_id"": 2}]","[{""indicator"": ""sensitive_health_attribute"", ""attribute_type"": ""HEALTH""}]"
ml_conv_0007,A few details about me: I am the only person matching these details: my contact is a phone ending in 4421; I am 29; I work as a teacher; I have a rare blood disorder.,0.8,0.87,0.99,1.0,0.2,1.0,7.838889,HIGH,"[{""type"": ""PHONE_NUMBER"", ""value"": ""a phone ending in 4421"", ""specificity"": 0.81, ""confidence"": 0.96, ""source_message_id"": 1}, {""type"": ""AGE"", ""value"": ""29"", ""specificity"": 0.89, ""confidence"": 0.93, ""source_message_id"": 1}, {""type"": ""OCCUPATION"", ""value"": ""teacher"", ""specificity"": 0.99, ""confidence"": 0.95, ""source_message_id"": 3}, {""type"": ""HEALTH"", ""value"": ""a rare blood disorder"", ""specificity"": 0.79, ""confidence"": 0.92, ""source_message_id"": 3}]","[{""indicator"": ""exact_age"", ""attribute_type"": ""AGE""}, {""indicator"": ""sensitive_health_attribute"", ""attribute_type"": ""HEALTH""}, {""indicator"": ""uniqueness_word"", ""attribute_type"": ""AGE""}]"
ml_conv_0008,A few details about me: my family includes parent; I am 57; my contact is a phone ending in 4421.,0.6,0.6766666666666667,0.8,0.3333333333333333,0.2,0,3.751852,MEDIUM,"[{""type"": ""FAMILY"", ""value"": ""parent"", ""specificity"": 0.8, ""confidence"": 0.99, ""source_message_id"": 1}, {""type"": ""AGE"", ""value"": ""57"", ""specificity"": 0.58, ""confidence"": 0.94, ""source_message_id"": 2}, {""type"": ""PHONE_NUMBER"", ""value"": ""a phone ending in 4421"", ""specificity"": 0.65, ""confidence"": 0.99, ""source_message_id"": 3}]",[]
ml_conv_0009,A few details about me: I am the only person matching these details: the relevant date is this week; I have asthma; I visited PHC Y; I work as a student; I have a government identification number; I have financial difficulty. Only a few people in the area know these details about me.,1.0,0.7933333333333333,1.0,0.6666666666666666,0.4,1.0,7.881481,HIGH,"[{""type"": ""DATE"", ""value"": ""this week"", ""specificity"": 0.76, ""confidence"": 0.98, ""source_message_id"": 1}, {""type"": ""HEALTH"", ""value"": ""asthma"", ""specificity"": 0.67, ""confidence"": 0.96, ""source_message_id"": 2}, {""type"": ""FACILITY"", ""value"": ""PHC Y"", ""specificity"": 0.67, ""confidence"": 0.94, ""source_message_id"": 2}, {""type"": ""OCCUPATION"", ""value"": ""student"", ""specificity"": 0.77, ""confidence"": 0.93, ""source_message_id"": 3}, {""type"": ""GOVERNMENT_ID"", ""value"": ""a government identification number"", ""specificity"": 1.0, ""confidence"": 0.97, ""source_message_id"": 4}, {""type"": ""FINANCIAL"", ""value"": ""financial difficulty"", ""specificity"": 0.89, ""confidence"": 0.98, ""source_message_id"": 1}]","[{""indicator"": ""uniqueness_word"", ""attribute_type"": ""HEALTH""}]"
ml_conv_0010,Here are some details: I have asthma. After work I walked through the park and called a friend.,0.2,0.11,0.11,0.0,0.2,0,0.972222,LOW,"[{""type"": ""HEALTH"", ""value"": ""asthma"", ""specificity"": 0.11, ""confidence"": 0.97, ""source_message_id"": 1}]",[]
ml_conv_0011,Here are some details: I have financial difficulty; I work as a student; I visited district clinic; I identify as nonbinary adult.,0.8,0.73,0.81,0.5,0.2,0,4.327778,MEDIUM,"[{""type"": ""FINANCIAL"", ""value"": ""financial difficulty"", ""specificity"": 0.78, ""confidence"": 0.95, ""source_message_id"": 1}, {""type"": ""OCCUPATION"", ""value"": ""student"", ""specificity"": 0.81, ""confidence"": 0.97, ""source_message_id"": 2}, {""type"": ""FACILITY"", ""value"": ""district clinic"", ""specificity"": 0.69, ""confidence"": 0.91, ""source_message_id"": 2}, {""type"": ""GENDER"", ""value"": ""nonbinary adult"", ""specificity"": 0.64, ""confidence"": 0.97, ""source_message_id"": 3}]",[]
ml_conv_0012,A few details about me: the relevant date is this week; I am young adult.,0.4,0.685,0.84,0.5,0.0,0,3.438889,MEDIUM,"[{""type"": ""DATE"", ""value"": ""this week"", ""specificity"": 0.53, ""confidence"": 0.97, ""source_message_id"": 1}, {""type"": ""AGE"", ""value"": ""young adult"", ""specificity"": 0.84, ""confidence"": 0.97, ""source_message_id"": 2}]",[]
ml_conv_0013,A few details about me: the relevant date is 2 January 2025; I have medical debt.,0.4,0.72,0.85,0.5,0.2,0,3.938889,MEDIUM,"[{""type"": ""DATE"", ""value"": ""2 January 2025"", ""specificity"": 0.59, ""confidence"": 0.95, ""source_message_id"": 1}, {""type"": ""FINANCIAL"", ""value"": ""medical debt"", ""specificity"": 0.85, ""confidence"": 0.96, ""source_message_id"": 2}]",[]
ml_conv_0014,My situation is that I visited health centre.,0.2,0.14,0.14,0.0,0.0,0,0.611111,LOW,"[{""type"": ""FACILITY"", ""value"": ""health centre"", ""specificity"": 0.14, ""confidence"": 0.95, ""source_message_id"": 1}]",[]
ml_conv_0015,My situation is that I have a ration card; I am 29; I work as a software engineer; my contact is a mobile number; I have financial difficulty; I have a rare blood disorder; I identify as nonbinary adult; I visited district clinic.,1.0,0.90125,0.98,1.0,0.4,0.2,6.745833,HIGH,"[{""type"": ""GOVERNMENT_ID"", ""value"": ""a ration card"", ""specificity"": 0.97, ""confidence"": 0.89, ""source_message_id"": 1}, {""type"": ""AGE"", ""value"": ""29"", ""specificity"": 0.83, ""confidence"": 0.94, ""source_message_id"": 2}, {""type"": ""OCCUPATION"", ""value"": ""software engineer"", ""specificity"": 0.95, ""confidence"": 0.91, ""source_message_id"": 2}, {""type"": ""PHONE_NUMBER"", ""value"": ""a mobile number"", ""specificity"": 0.81, ""confidence"": 0.88, ""source_message_id"": 4}, {""type"": ""FINANCIAL"", ""value"": ""financial difficulty"", ""specificity"": 0.84, ""confidence"": 0.92, ""source_message_id"": 4}, {""type"": ""HEALTH"", ""value"": ""a rare blood disorder"", ""specificity"": 0.9, ""confidence"": 0.88, ""source_message_id"": 2}, {""type"": ""GENDER"", ""value"": ""nonbinary adult"", ""specificity"": 0.93, ""confidence"": 0.93, ""source_message_id"": 2}, {""type"": ""FACILITY"", ""value"": ""district clinic"", ""specificity"": 0.98, ""confidence"": 0.88, ""source_message_id"": 1}]","[{""indicator"": ""sensitive_health_attribute"", ""attribute_type"": ""HEALTH""}]"
ml_conv_0016,Yesterday I mentioned that I live in Village X; I am 57; I visited health centre. The appointment was recorded in the local clinic register.,0.6,0.9500000000000001,0.98,1.0,0.0,0.8999999999999999,7.022222,HIGH,"[{""type"": ""LOCATION"", ""value"": ""Village X"", ""specificity"": 0.95, ""confidence"": 0.88, ""source_message_id"": 1}, {""type"": ""AGE"", ""value"": ""57"", ""specificity"": 0.98, ""confidence"": 0.94, ""source_message_id"": 2}, {""type"": ""FACILITY"", ""value"": ""health centre"", ""specificity"": 0.92, ""confidence"": 0.91, ""source_message_id"": 2}]","[{""indicator"": ""village_level_location"", ""attribute_type"": ""LOCATION""}, {""indicator"": ""exact_age"", ""attribute_type"": ""AGE""}]"
ml_conv_0017,"For context, my family includes two children; I live in Ward 14 in Jaipur; my contact is a phone ending in 4421.",0.6,0.7000000000000001,0.83,0.6666666666666666,0.2,0,4.383333,MEDIUM,"[{""type"": ""FAMILY"", ""value"": ""two children"", ""specificity"": 0.53, ""confidence"": 0.92, ""source_message_id"": 1}, {""type"": ""LOCATION"", ""value"": ""Ward 14 in Jaipur"", ""specificity"": 0.83, ""confidence"": 0.93, ""source_message_id"": 1}, {""type"": ""PHONE_NUMBER"", ""value"": ""a phone ending in 4421"", ""specificity"": 0.74, ""confidence"": 0.91, ""source_message_id"": 3}]",[]
ml_conv_0018,"For context, my contact is a mobile number; I live in Village X. After work I walked through the park and called a friend.",0.4,0.27,0.34,0.0,0.0,0.6,2.644444,LOW,"[{""type"": ""PHONE_NUMBER"", ""value"": ""a mobile number"", ""specificity"": 0.2, ""confidence"": 0.88, ""source_message_id"": 1}, {""type"": ""LOCATION"", ""value"": ""Village X"", ""specificity"": 0.34, ""confidence"": 0.89, ""source_message_id"": 1}]","[{""indicator"": ""village_level_location"", ""attribute_type"": ""LOCATION""}]"
ml_conv_0019,"For context, my contact is a mobile number; I visited PHC Y.",0.4,0.245,0.33,0.0,0.0,0,1.266667,LOW,"[{""type"": ""PHONE_NUMBER"", ""value"": ""a mobile number"", ""specificity"": 0.16, ""confidence"": 0.91, ""source_message_id"": 1}, {""type"": ""FACILITY"", ""value"": ""PHC Y"", ""specificity"": 0.33, ""confidence"": 0.93, ""source_message_id"": 2}]",[]
ml_conv_0020,"A few details about me: I have asthma; I have a ration card; I identify as man. I attended two classes, shared lunch with classmates, and came home.",0.6,0.32,0.58,0.0,0.2,0,2.433333,LOW,"[{""type"": ""HEALTH"", ""value"": ""asthma"", ""specificity"": 0.33, ""confidence"": 0.91, ""source_message_id"": 1}, {""type"": ""GOVERNMENT_ID"", ""value"": ""a ration card"", ""specificity"": 0.05, ""confidence"": 0.92, ""source_message_id"": 2}, {""type"": ""GENDER"", ""value"": ""man"", ""specificity"": 0.58, ""confidence"": 0.98, ""source_message_id"": 2}]",[]
ml_conv_0021,My situation is that my contact is a mobile number; I am 34; I have a ration card; my family includes elderly dependent.,0.8,0.73,0.79,0.75,0.2,0,4.711111,MEDIUM,"[{""type"": ""PHONE_NUMBER"", ""value"": ""a mobile number"", ""specificity"": 0.79, ""confidence"": 0.89, ""source_message_id"": 1}, {""type"": ""AGE"", ""value"": ""34"", ""specificity"": 0.74, ""confidence"": 0.97, ""source_message_id"": 1}, {""type"": ""GOVERNMENT_ID"", ""value"": ""a ration card"", ""specificity"": 0.79, ""confidence"": 0.97, ""source_message_id"": 1}, {""type"": ""FAMILY"", ""value"": ""elderly dependent"", ""specificity"": 0.6, ""confidence"": 0.95, ""source_message_id"": 2}]",[]
ml_conv_0022,"For context, I live in Ward 14 in Jaipur.",0.2,0.19,0.19,0.0,0.0,0,0.75,LOW,"[{""type"": ""LOCATION"", ""value"": ""Ward 14 in Jaipur"", ""specificity"": 0.19, ""confidence"": 0.95, ""source_message_id"": 1}]",[]
ml_conv_0023,Yesterday I mentioned that my contact is a phone ending in 4421.,0.2,0.41,0.41,0.0,0.0,0,1.361111,LOW,"[{""type"": ""PHONE_NUMBER"", ""value"": ""a phone ending in 4421"", ""specificity"": 0.41, ""confidence"": 0.9, ""source_message_id"": 1}]",[]
ml_conv_0024,My situation is that I am the only person matching these details: I visited City Hospital; the relevant date is 14 March 2026; I work as a student; I have a government identification number; my contact is a phone ending in 4421.,1.0,0.8300000000000001,0.94,1.0,0.0,1.0,7.488889,HIGH,"[{""type"": ""FACILITY"", ""value"": ""City Hospital"", ""specificity"": 0.89, ""confidence"": 0.97, ""source_message_id"": 1}, {""type"": ""DATE"", ""value"": ""14 March 2026"", ""specificity"": 0.94, ""confidence"": 0.93, ""source_message_id"": 1}, {""type"": ""OCCUPATION"", ""value"": ""student"", ""specificity"": 0.8, ""confidence"": 0.96, ""source_message_id"": 1}, {""type"": ""GOVERNMENT_ID"", ""value"": ""a government identification number"", ""specificity"": 0.7, ""confidence"": 0.89, ""source_message_id"": 3}, {""type"": ""PHONE_NUMBER"", ""value"": ""a phone ending in 4421"", ""specificity"": 0.82, ""confidence"": 0.95, ""source_message_id"": 4}]","[{""indicator"": ""exact_date"", ""attribute_type"": ""DATE""}, {""indicator"": ""uniqueness_word"", ""attribute_type"": ""AGE""}]"
ml_conv_0025,"For context, the relevant date is 2 January 2025; I work as a student; my family includes two children; I am adult; I have financial difficulty.",1.0,0.554,0.84,0.2,0.4,0,4.348889,MEDIUM,"[{""type"": ""DATE"", ""value"": ""2 January 2025"", ""specificity"": 0.84, ""confidence"": 0.96, ""source_message_id"": 1}, {""type"": ""OCCUPATION"", ""value"": ""student"", ""specificity"": 0.67, ""confidence"": 0.89, ""source_message_id"": 2}, {""type"": ""FAMILY"", ""value"": ""two children"", ""specificity"": 0.52, ""confidence"": 0.9, ""source_message_id"": 3}, {""type"": ""AGE"", ""value"": ""adult"", ""specificity"": 0.35, ""confidence"": 0.91, ""source_message_id"": 2}, {""type"": ""FINANCIAL"", ""value"": ""financial difficulty"", ""specificity"": 0.39, ""confidence"": 0.89, ""source_message_id"": 3}]",[]
ml_conv_0026,"For context, I am the only person matching these details: I have medical debt; I have health problems; I have a ration card; my contact is a phone ending in 4421; I am 57. The appointment was recorded in the local clinic register.",1.0,0.826,0.92,0.8,0.4,1.0,8.006667,HIGH,"[{""type"": ""FINANCIAL"", ""value"": ""medical debt"", ""specificity"": 0.92, ""confidence"": 0.9, ""source_message_id"": 1}, {""type"": ""HEALTH"", ""value"": ""health problems"", ""specificity"": 0.78, ""confidence"": 0.88, ""source_message_id"": 1}, {""type"": ""GOVERNMENT_ID"", ""value"": ""a ration card"", ""specificity"": 0.85, ""confidence"": 0.94, ""source_message_id"": 1}, {""type"": ""PHONE_NUMBER"", ""value"": ""a phone ending in 4421"", ""specificity"": 0.91, ""confidence"": 0.93, ""source_message_id"": 1}, {""type"": ""AGE"", ""value"": ""57"", ""specificity"": 0.67, ""confidence"": 0.9, ""source_message_id"": 1}]","[{""indicator"": ""sensitive_health_attribute"", ""attribute_type"": ""HEALTH""}, {""indicator"": ""uniqueness_word"", ""attribute_type"": ""HEALTH""}]"
ml_conv_0027,"For context, my family includes two children; I live in Bengaluru; I identify as nonbinary adult.",0.6,0.5033333333333333,0.57,0.0,0.2,0,2.62037,LOW,"[{""type"": ""FAMILY"", ""value"": ""two children"", ""specificity"": 0.57, ""confidence"": 0.97, ""source_message_id"": 1}, {""type"": ""LOCATION"", ""value"": ""Bengaluru"", ""specificity"": 0.38, ""confidence"": 0.93, ""source_message_id"": 1}, {""type"": ""GENDER"", ""value"": ""nonbinary adult"", ""specificity"": 0.56, ""confidence"": 0.97, ""source_message_id"": 1}]",[]
ml_conv_0028,Yesterday I mentioned that I identify as woman; I have diabetes.,0.4,0.16,0.21,0.0,0.2,0,1.416667,LOW,"[{""type"": ""GENDER"", ""value"": ""woman"", ""specificity"": 0.21, ""confidence"": 0.96, ""source_message_id"": 1}, {""type"": ""HEALTH"", ""value"": ""diabetes"", ""specificity"": 0.11, ""confidence"": 0.88, ""source_message_id"": 2}]",[]
ml_conv_0029,My situation is that I am the only person matching these details: I work as a teacher; I live in Mysuru; I have chronic kidney disease; I am adult. I had already discussed the matter with the district office.,0.8,0.735,0.86,0.5,0.2,1.0,6.638889,MEDIUM,"[{""type"": ""OCCUPATION"", ""value"": ""teacher"", ""specificity"": 0.86, ""confidence"": 0.91, ""source_message_id"": 1}, {""type"": ""LOCATION"", ""value"": ""Mysuru"", ""specificity"": 0.7, ""confidence"": 0.96, ""source_message_id"": 2}, {""type"": ""HEALTH"", ""value"": ""chronic kidney disease"", ""specificity"": 0.69, ""confidence"": 0.91, ""source_message_id"": 3}, {""type"": ""AGE"", ""value"": ""adult"", ""specificity"": 0.69, ""confidence"": 0.93, ""source_message_id"": 4}]","[{""indicator"": ""uniqueness_word"", ""attribute_type"": ""LOCATION""}]"
ml_conv_0030,My situation is that I am the only person matching these details: I work as a software engineer; the relevant date is 2 January 2025.,0.4,0.8999999999999999,0.95,1.0,0.0,1.0,6.916667,HIGH,"[{""type"": ""OCCUPATION"", ""value"": ""software engineer"", ""specificity"": 0.95, ""confidence"": 0.93, ""source_message_id"": 1}, {""type"": ""DATE"", ""value"": ""2 January 2025"", ""specificity"": 0.85, ""confidence"": 0.97, ""source_message_id"": 2}]","[{""indicator"": ""exact_date"", ""attribute_type"": ""DATE""}, {""indicator"": ""uniqueness_word"", ""attribute_type"": ""AGE""}]"
ml_conv_0031,"For context, I have medical debt; I am young adult; my family includes two children.",0.6,0.5866666666666667,0.81,0.3333333333333333,0.4,0,4.112963,MEDIUM,"[{""type"": ""FINANCIAL"", ""value"": ""medical debt"", ""specificity"": 0.46, ""confidence"": 0.97, ""source_message_id"": 1}, {""type"": ""AGE"", ""value"": ""young adult"", ""specificity"": 0.81, ""confidence"": 0.93, ""source_message_id"": 1}, {""type"": ""FAMILY"", ""value"": ""two children"", ""specificity"": 0.49, ""confidence"": 0.89, ""source_message_id"": 2}]",[]
ml_conv_0032,Here are some details: I am 29; I have a government identification number; I work as a software engineer; I have rare neurological disorder; I have financial difficulty.,1.0,0.86,0.99,1.0,0.4,0.2,6.716667,HIGH,"[{""type"": ""AGE"", ""value"": ""29"", ""specificity"": 0.81, ""confidence"": 0.91, ""source_message_id"": 1}, {""type"": ""GOVERNMENT_ID"", ""value"": ""a government identification number"", ""specificity"": 0.99, ""confidence"": 0.96, ""source_message_id"": 2}, {""type"": ""OCCUPATION"", ""value"": ""software engineer"", ""specificity"": 0.79, ""confidence"": 0.89, ""source_message_id"": 1}, {""type"": ""HEALTH"", ""value"": ""rare neurological disorder"", ""specificity"": 0.85, ""confidence"": 0.91, ""source_message_id"": 2}, {""type"": ""FINANCIAL"", ""value"": ""financial difficulty"", ""specificity"": 0.86, ""confidence"": 0.96, ""source_message_id"": 2}]","[{""indicator"": ""sensitive_health_attribute"", ""attribute_type"": ""HEALTH""}]"
ml_conv_0033,Yesterday I mentioned that I am the only person matching these details: I visited City Hospital; I have ₹50 lakh debt.,0.4,0.8400000000000001,0.9,1.0,0.2,1.0,7.211111,HIGH,"[{""type"": ""FACILITY"", ""value"": ""City Hospital"", ""specificity"": 0.78, ""confidence"": 0.92, ""source_message_id"": 1}, {""type"": ""FINANCIAL"", ""value"": ""₹50 lakh debt"", ""specificity"": 0.9, ""confidence"": 0.92, ""source_message_id"": 1}]","[{""indicator"": ""uniqueness_word"", ""attribute_type"": ""AGE""}]"
ml_conv_0034,Here are some details: I have chronic kidney disease; I work as a shopkeeper; I have a small loan.,0.6,0.7000000000000001,0.77,0.6666666666666666,0.4,0.2,5.172222,MEDIUM,"[{""type"": ""HEALTH"", ""value"": ""chronic kidney disease"", ""specificity"": 0.77, ""confidence"": 0.94, ""source_message_id"": 1}, {""type"": ""OCCUPATION"", ""value"": ""shopkeeper"", ""specificity"": 0.71, ""confidence"": 0.93, ""source_message_id"": 2}, {""type"": ""FINANCIAL"", ""value"": ""a small loan"", ""specificity"": 0.62, ""confidence"": 0.88, ""source_message_id"": 3}]","[{""indicator"": ""sensitive_health_attribute"", ""attribute_type"": ""HEALTH""}]"
ml_conv_0035,Yesterday I mentioned that I visited PHC Y; the relevant date is 14 March 2026.,0.4,0.18,0.23,0.0,0.0,0,1.027778,LOW,"[{""type"": ""FACILITY"", ""value"": ""PHC Y"", ""specificity"": 0.13, ""confidence"": 0.99, ""source_message_id"": 1}, {""type"": ""DATE"", ""value"": ""14 March 2026"", ""specificity"": 0.23, ""confidence"": 0.93, ""source_message_id"": 1}]",[]
ml_conv_0036,A few details about me: I am the only person matching these details: I have a small loan; I have asthma; I am 57; I work as a student; the relevant date is yesterday.,1.0,0.818,0.92,0.8,0.4,1.0,7.997778,HIGH,"[{""type"": ""FINANCIAL"", ""value"": ""a small loan"", ""specificity"": 0.72, ""confidence"": 0.93, ""source_message_id"": 1}, {""type"": ""HEALTH"", ""value"": ""asthma"", ""specificity"": 0.92, ""confidence"": 0.93, ""source_message_id"": 1}, {""type"": ""AGE"", ""value"": ""57"", ""specificity"": 0.88, ""confidence"": 0.92, ""source_message_id"": 2}, {""type"": ""OCCUPATION"", ""value"": ""student"", ""specificity"": 0.89, ""confidence"": 0.9, ""source_message_id"": 1}, {""type"": ""DATE"", ""value"": ""yesterday"", ""specificity"": 0.68, ""confidence"": 0.93, ""source_message_id"": 3}]","[{""indicator"": ""sensitive_health_attribute"", ""attribute_type"": ""HEALTH""}, {""indicator"": ""exact_age"", ""attribute_type"": ""AGE""}, {""indicator"": ""uniqueness_word"", ""attribute_type"": ""HEALTH""}]"
ml_conv_0037,"For context, the relevant date is 2 January 2025; I visited health centre; I live in Village X; I have a small loan; I have a government identification number.",1.0,0.544,0.81,0.2,0.2,0.6,5.176667,MEDIUM,"[{""type"": ""DATE"", ""value"": ""2 January 2025"", ""specificity"": 0.44, ""confidence"": 0.88, ""source_message_id"": 1}, {""type"": ""FACILITY"", ""value"": ""health centre"", ""specificity"": 0.47, ""confidence"": 0.9, ""source_message_id"": 2}, {""type"": ""LOCATION"", ""value"": ""Village X"", ""specificity"": 0.81, ""confidence"": 0.93, ""source_message_id"": 1}, {""type"": ""FINANCIAL"", ""value"": ""a small loan"", ""specificity"": 0.62, ""confidence"": 0.95, ""source_message_id"": 3}, {""type"": ""GOVERNMENT_ID"", ""value"": ""a government identification number"", ""specificity"": 0.38, ""confidence"": 0.97, ""source_message_id"": 2}]","[{""indicator"": ""village_level_location"", ""attribute_type"": ""LOCATION""}]"
ml_conv_0038,My situation is that I am the only person matching these details: I am 34; I have ₹50 lakh debt; my contact is a mobile number; I identify as nonbinary adult; I have diabetes; the relevant date is 2 January 2025.,1.0,0.7116666666666666,0.82,0.5,0.4,1.0,7.212963,HIGH,"[{""type"": ""AGE"", ""value"": ""34"", ""specificity"": 0.72, ""confidence"": 0.94, ""source_message_id"": 1}, {""type"": ""FINANCIAL"", ""value"": ""₹50 lakh debt"", ""specificity"": 0.74, ""confidence"": 0.89, ""source_message_id"": 1}, {""type"": ""PHONE_NUMBER"", ""value"": ""a mobile number"", ""specificity"": 0.82, ""confidence"": 0.93, ""source_message_id"": 1}, {""type"": ""GENDER"", ""value"": ""nonbinary adult"", ""specificity"": 0.68, ""confidence"": 0.94, ""source_message_id"": 1}, {""type"": ""HEALTH"", ""value"": ""diabetes"", ""specificity"": 0.66, ""confidence"": 0.97, ""source_message_id"": 3}, {""type"": ""DATE"", ""value"": ""2 January 2025"", ""specificity"": 0.65, ""confidence"": 0.9, ""source_message_id"": 1}]","[{""indicator"": ""uniqueness_word"", ""attribute_type"": ""AGE""}]"
ml_conv_0039,A few details about me: I live in small village near Pune; I have a rare blood disorder; my family includes parent.,0.6,0.7066666666666667,0.85,0.6666666666666666,0.4,0.8,6.646296,MEDIUM,"[{""type"": ""LOCATION"", ""value"": ""small village near Pune"", ""specificity"": 0.44, ""confidence"": 0.98, ""source_message_id"": 1}, {""type"": ""HEALTH"", ""value"": ""a rare blood disorder"", ""specificity"": 0.83, ""confidence"": 0.98, ""source_message_id"": 1}, {""type"": ""FAMILY"", ""value"": ""parent"", ""specificity"": 0.85, ""confidence"": 0.92, ""source_message_id"": 3}]","[{""indicator"": ""village_level_location"", ""attribute_type"": ""LOCATION""}, {""indicator"": ""sensitive_health_attribute"", ""attribute_type"": ""HEALTH""}]"
ml_conv_0040,"For context, I visited City Hospital; my contact is a phone ending in 4421; the relevant date is 2 January 2025. After work I walked through the park and called a friend.",0.6,0.42333333333333334,0.58,0.0,0.0,0,2.103704,LOW,"[{""type"": ""FACILITY"", ""value"": ""City Hospital"", ""specificity"": 0.49, ""confidence"": 0.98, ""source_message_id"": 1}, {""type"": ""PHONE_NUMBER"", ""value"": ""a phone ending in 4421"", ""specificity"": 0.2, ""confidence"": 0.97, ""source_message_id"": 2}, {""type"": ""DATE"", ""value"": ""2 January 2025"", ""specificity"": 0.58, ""confidence"": 0.88, ""source_message_id"": 1}]",[]
ml_conv_0041,"For context, I work as a software engineer; I visited PHC Y; I live in small village near Pune.",0.6,0.54,0.59,0.0,0.0,0.6,3.583333,MEDIUM,"[{""type"": ""OCCUPATION"", ""value"": ""software engineer"", ""specificity"": 0.52, ""confidence"": 0.94, ""source_message_id"": 1}, {""type"": ""FACILITY"", ""value"": ""PHC Y"", ""specificity"": 0.59, ""confidence"": 0.92, ""source_message_id"": 1}, {""type"": ""LOCATION"", ""value"": ""small village near Pune"", ""specificity"": 0.51, ""confidence"": 0.9, ""source_message_id"": 2}]","[{""indicator"": ""village_level_location"", ""attribute_type"": ""LOCATION""}]"
ml_conv_0042,Yesterday I mentioned that I am adult; I identify as woman; the relevant date is yesterday; I visited PHC Y; my family includes elderly dependent; I have asthma; I live in Mysuru; I have a small loan.,1.0,0.81125,0.99,0.75,0.6,0.3,6.9125,HIGH,"[{""type"": ""AGE"", ""value"": ""adult"", ""specificity"": 0.99, ""confidence"": 0.9, ""source_message_id"": 1}, {""type"": ""GENDER"", ""value"": ""woman"", ""specificity"": 0.88, ""confidence"": 0.96, ""source_message_id"": 2}, {""type"": ""DATE"", ""value"": ""yesterday"", ""specificity"": 0.68, ""confidence"": 0.92, ""source_message_id"": 2}, {""type"": ""FACILITY"", ""value"": ""PHC Y"", ""specificity"": 0.82, ""confidence"": 0.89, ""source_message_id"": 1}, {""type"": ""FAMILY"", ""value"": ""elderly dependent"", ""specificity"": 0.74, ""confidence"": 0.95, ""source_message_id"": 2}, {""type"": ""HEALTH"", ""value"": ""asthma"", ""specificity"": 0.66, ""confidence"": 0.98, ""source_message_id"": 3}, {""type"": ""LOCATION"", ""value"": ""Mysuru"", ""specificity"": 0.83, ""confidence"": 0.96, ""source_message_id"": 1}, {""type"": ""FINANCIAL"", ""value"": ""a small loan"", ""specificity"": 0.89, ""confidence"": 0.93, ""source_message_id"": 2}]","[{""indicator"": ""exact_age"", ""attribute_type"": ""AGE""}]"
ml_conv_0043,My situation is that I have chronic kidney disease; the relevant date is yesterday.,0.4,0.815,0.92,1.0,0.2,0.2,5.438889,MEDIUM,"[{""type"": ""HEALTH"", ""value"": ""chronic kidney disease"", ""specificity"": 0.92, ""confidence"": 0.92, ""source_message_id"": 1}, {""type"": ""DATE"", ""value"": ""yesterday"", ""specificity"": 0.71, ""confidence"": 0.98, ""source_message_id"": 2}]","[{""indicator"": ""sensitive_health_attribute"", ""attribute_type"": ""HEALTH""}]"
ml_conv_0044,My situation is that I am young adult; I identify as nonbinary adult.,0.4,0.725,0.75,1.0,0.0,0,4.166667,MEDIUM,"[{""type"": ""AGE"", ""value"": ""young adult"", ""specificity"": 0.75, ""confidence"": 0.98, ""source_message_id"": 1}, {""type"": ""GENDER"", ""value"": ""nonbinary adult"", ""specificity"": 0.7, ""confidence"": 0.98, ""source_message_id"": 2}]",[]
ml_conv_0045,"For context, I have health problems; I have a government identification number; the relevant date is 2 January 2025; my family includes single parent; I live in Karnataka.",1.0,0.642,0.73,0.4,0.4,0,4.596667,MEDIUM,"[{""type"": ""HEALTH"", ""value"": ""health problems"", ""specificity"": 0.66, ""confidence"": 0.96, ""source_message_id"": 1}, {""type"": ""GOVERNMENT_ID"", ""value"": ""a government identification number"", ""specificity"": 0.69, ""confidence"": 0.89, ""source_message_id"": 2}, {""type"": ""DATE"", ""value"": ""2 January 2025"", ""specificity"": 0.4, ""confidence"": 0.96, ""source_message_id"": 3}, {""type"": ""FAMILY"", ""value"": ""single parent"", ""specificity"": 0.73, ""confidence"": 0.95, ""source_message_id"": 1}, {""type"": ""LOCATION"", ""value"": ""Karnataka"", ""specificity"": 0.73, ""confidence"": 0.92, ""source_message_id"": 1}]",[]
ml_conv_0046,A few details about me: the relevant date is this week; I identify as nonbinary adult; I live in Bengaluru.,0.6,0.35333333333333333,0.4,0.0,0.0,0,1.725926,LOW,"[{""type"": ""DATE"", ""value"": ""this week"", ""specificity"": 0.4, ""confidence"": 0.89, ""source_message_id"": 1}, {""type"": ""GENDER"", ""value"": ""nonbinary adult"", ""specificity"": 0.28, ""confidence"": 0.9, ""source_message_id"": 1}, {""type"": ""LOCATION"", ""value"": ""Bengaluru"", ""specificity"": 0.38, ""confidence"": 0.97, ""source_message_id"": 2}]",[]
ml_conv_0047,My situation is that I visited district clinic; the relevant date is this week; I live in Ward 14 in Jaipur.,0.6,0.5833333333333334,0.61,0.0,0.0,0,2.331481,LOW,"[{""type"": ""FACILITY"", ""value"": ""district clinic"", ""specificity"": 0.55, ""confidence"": 0.91, ""source_message_id"": 1}, {""type"": ""DATE"", ""value"": ""this week"", ""specificity"": 0.59, ""confidence"": 0.99, ""source_message_id"": 1}, {""type"": ""LOCATION"", ""value"": ""Ward 14 in Jaipur"", ""specificity"": 0.61, ""confidence"": 0.92, ""source_message_id"": 2}]",[]
ml_conv_0048,"For context, I am the only person matching these details: I have a small loan; I have a government identification number; I am young adult. Only a few people in the area know these details about me.",0.6,0.8333333333333334,0.99,1.0,0.2,1.0,7.575926,HIGH,"[{""type"": ""FINANCIAL"", ""value"": ""a small loan"", ""specificity"": 0.99, ""confidence"": 0.89, ""source_message_id"": 1}, {""type"": ""GOVERNMENT_ID"", ""value"": ""a government identification number"", ""specificity"": 0.79, ""confidence"": 0.96, ""source_message_id"": 2}, {""type"": ""AGE"", ""value"": ""young adult"", ""specificity"": 0.72, ""confidence"": 0.97, ""source_message_id"": 2}]","[{""indicator"": ""uniqueness_word"", ""attribute_type"": ""AGE""}]"
ml_conv_0049,"Here are some details: my contact is a phone ending in 4421; I work as a shopkeeper. I attended two classes, shared lunch with classmates, and came home.",0.4,0.315,0.41,0.0,0.0,0,1.477778,LOW,"[{""type"": ""PHONE_NUMBER"", ""value"": ""a phone ending in 4421"", ""specificity"": 0.41, ""confidence"": 0.9, ""source_message_id"": 1}, {""type"": ""OCCUPATION"", ""value"": ""shopkeeper"", ""specificity"": 0.22, ""confidence"": 0.93, ""source_message_id"": 1}]",[]
ml_conv_0050,My situation is that my contact is a mobile number; I have health problems; I am 34.,0.6,0.41333333333333333,0.44,0.0,0.2,0,2.303704,LOW,"[{""type"": ""PHONE_NUMBER"", ""value"": ""a mobile number"", ""specificity"": 0.44, ""confidence"": 0.91, ""source_message_id"": 1}, {""type"": ""HEALTH"", ""value"": ""health problems"", ""specificity"": 0.41, ""confidence"": 0.97, ""source_message_id"": 2}, {""type"": ""AGE"", ""value"": ""34"", ""specificity"": 0.39, ""confidence"": 0.88, ""source_message_id"": 2}]",[]
ml_conv_0051,Yesterday I mentioned that I am the only person matching these details: I live in Village X; I am 29; my family includes single parent; I identify as woman; I have a government identification number.,1.0,0.746,0.95,0.6,0.2,1.0,7.19,HIGH,"[{""type"": ""LOCATION"", ""value"": ""Village X"", ""specificity"": 0.69, ""confidence"": 0.94, ""source_message_id"": 1}, {""type"": ""AGE"", ""value"": ""29"", ""specificity"": 0.72, ""confidence"": 0.91, ""source_message_id"": 1}, {""type"": ""FAMILY"", ""value"": ""single parent"", ""specificity"": 0.95, ""confidence"": 0.98, ""source_message_id"": 1}, {""type"": ""GENDER"", ""value"": ""woman"", ""specificity"": 0.7, ""confidence"": 0.92, ""source_message_id"": 2}, {""type"": ""GOVERNMENT_ID"", ""value"": ""a government identification number"", ""specificity"": 0.67, ""confidence"": 0.89, ""source_message_id"": 2}]","[{""indicator"": ""village_level_location"", ""attribute_type"": ""LOCATION""}, {""indicator"": ""uniqueness_word"", ""attribute_type"": ""LOCATION""}]"
ml_conv_0052,Here are some details: my contact is a mobile number; I have ₹50 lakh debt. I spent the morning reading and then made lunch at home.,0.4,0.35,0.5,0.0,0.2,0,2.111111,LOW,"[{""type"": ""PHONE_NUMBER"", ""value"": ""a mobile number"", ""specificity"": 0.5, ""confidence"": 0.96, ""source_message_id"": 1}, {""type"": ""FINANCIAL"", ""value"": ""₹50 lakh debt"", ""specificity"": 0.2, ""confidence"": 0.93, ""source_message_id"": 1}]",[]
ml_conv_0053,"For context, I am 57; I identify as man; I live in Ward 14 in Jaipur.",0.6,0.6233333333333334,0.7,0.3333333333333333,0.0,0,3.081481,LOW,"[{""type"": ""AGE"", ""value"": ""57"", ""specificity"": 0.66, ""confidence"": 0.9, ""source_message_id"": 1}, {""type"": ""GENDER"", ""value"": ""man"", ""specificity"": 0.7, ""confidence"": 0.96, ""source_message_id"": 2}, {""type"": ""LOCATION"", ""value"": ""Ward 14 in Jaipur"", ""specificity"": 0.51, ""confidence"": 0.9, ""source_message_id"": 2}]",[]
ml_conv_0054,"A few details about me: I am 57; I live in Bengaluru. The bus was late, so I listened to music while waiting.",0.4,0.49,0.53,0.0,0.0,0,1.872222,LOW,"[{""type"": ""AGE"", ""value"": ""57"", ""specificity"": 0.53, ""confidence"": 0.89, ""source_message_id"": 1}, {""type"": ""LOCATION"", ""value"": ""Bengaluru"", ""specificity"": 0.45, ""confidence"": 0.89, ""source_message_id"": 1}]",[]
ml_conv_0055,Here are some details: my family includes single parent; I live in Village X; the relevant date is 2 January 2025.,0.6,0.7766666666666667,0.98,0.3333333333333333,0.2,0.6,5.496296,MEDIUM,"[{""type"": ""FAMILY"", ""value"": ""single parent"", ""specificity"": 0.69, ""confidence"": 0.88, ""source_message_id"": 1}, {""type"": ""LOCATION"", ""value"": ""Village X"", ""specificity"": 0.98, ""confidence"": 0.99, ""source_message_id"": 2}, {""type"": ""DATE"", ""value"": ""2 January 2025"", ""specificity"": 0.66, ""confidence"": 0.95, ""source_message_id"": 1}]","[{""indicator"": ""village_level_location"", ""attribute_type"": ""LOCATION""}]"
ml_conv_0056,My situation is that I live in Village Y; I have ₹50 lakh debt; I have a ration card. The appointment was recorded in the local clinic register.,0.6,0.7766666666666667,0.96,0.3333333333333333,0.2,0.6,5.462963,MEDIUM,"[{""type"": ""LOCATION"", ""value"": ""Village Y"", ""specificity"": 0.69, ""confidence"": 0.93, ""source_message_id"": 1}, {""type"": ""FINANCIAL"", ""value"": ""₹50 lakh debt"", ""specificity"": 0.96, ""confidence"": 0.91, ""source_message_id"": 1}, {""type"": ""GOVERNMENT_ID"", ""value"": ""a ration card"", ""specificity"": 0.68, ""confidence"": 0.98, ""source_message_id"": 3}]","[{""indicator"": ""village_level_location"", ""attribute_type"": ""LOCATION""}]"
ml_conv_0057,Here are some details: I am the only person matching these details: I work as a farm worker; I have asthma; I have financial difficulty; my contact is a mobile number; I live in small village near Pune; I identify as woman; I am young adult. I had already discussed the matter with the district office.,1.0,0.8371428571428572,0.95,0.8571428571428571,0.4,1.0,8.164286,HIGH,"[{""type"": ""OCCUPATION"", ""value"": ""farm worker"", ""specificity"": 0.89, ""confidence"": 0.99, ""source_message_id"": 1}, {""type"": ""HEALTH"", ""value"": ""asthma"", ""specificity"": 0.94, ""confidence"": 0.97, ""source_message_id"": 1}, {""type"": ""FINANCIAL"", ""value"": ""financial difficulty"", ""specificity"": 0.95, ""confidence"": 0.89, ""source_message_id"": 3}, {""type"": ""PHONE_NUMBER"", ""value"": ""a mobile number"", ""specificity"": 0.81, ""confidence"": 0.98, ""source_message_id"": 1}, {""type"": ""LOCATION"", ""value"": ""small village near Pune"", ""specificity"": 0.68, ""confidence"": 0.93, ""source_message_id"": 1}, {""type"": ""GENDER"", ""value"": ""woman"", ""specificity"": 0.88, ""confidence"": 0.95, ""source_message_id"": 2}, {""type"": ""AGE"", ""value"": ""young adult"", ""specificity"": 0.71, ""confidence"": 0.97, ""source_message_id"": 2}]","[{""indicator"": ""sensitive_health_attribute"", ""attribute_type"": ""HEALTH""}, {""indicator"": ""village_level_location"", ""attribute_type"": ""LOCATION""}, {""indicator"": ""uniqueness_word"", ""attribute_type"": ""HEALTH""}]"
ml_conv_0058,A few details about me: I have diabetes; I have ₹50 lakh debt.,0.4,0.16,0.22,0.0,0.4,0,1.877778,LOW,"[{""type"": ""HEALTH"", ""value"": ""diabetes"", ""specificity"": 0.22, ""confidence"": 0.93, ""source_message_id"": 1}, {""type"": ""FINANCIAL"", ""value"": ""₹50 lakh debt"", ""specificity"": 0.1, ""confidence"": 0.94, ""source_message_id"": 1}]",[]
ml_conv_0059,Yesterday I mentioned that I work as a student; I visited health centre; I identify as nonbinary adult; my contact is a mobile number.,0.8,0.6125,0.71,0.25,0.0,0,3.169444,LOW,"[{""type"": ""OCCUPATION"", ""value"": ""student"", ""specificity"": 0.6, ""confidence"": 0.97, ""source_message_id"": 1}, {""type"": ""FACILITY"", ""value"": ""health centre"", ""specificity"": 0.64, ""confidence"": 0.91, ""source_message_id"": 1}, {""type"": ""GENDER"", ""value"": ""nonbinary adult"", ""specificity"": 0.5, ""confidence"": 0.93, ""source_message_id"": 2}, {""type"": ""PHONE_NUMBER"", ""value"": ""a mobile number"", ""specificity"": 0.71, ""confidence"": 0.91, ""source_message_id"": 4}]",[]
ml_conv_0060,Yesterday I mentioned that I am the only person matching these details: my family includes two children; I am 34; the relevant date is 2 January 2025.,0.6,0.79,0.95,0.6666666666666666,0.2,1.0,6.905556,HIGH,"[{""type"": ""FAMILY"", ""value"": ""two children"", ""specificity"": 0.95, ""confidence"": 0.9, ""source_message_id"": 1}, {""type"": ""AGE"", ""value"": ""34"", ""specificity"": 0.76, ""confidence"": 0.93, ""source_message_id"": 1}, {""type"": ""DATE"", ""value"": ""2 January 2025"", ""specificity"": 0.66, ""confidence"": 0.96, ""source_message_id"": 1}]","[{""indicator"": ""uniqueness_word"", ""attribute_type"": ""AGE""}]"
ml_conv_0061,Here are some details: I am young adult; I visited health centre; I identify as woman; my contact is a mobile number; I have health problems.,1.0,0.792,0.99,0.6,0.2,0.3,5.752222,MEDIUM,"[{""type"": ""AGE"", ""value"": ""young adult"", ""specificity"": 0.85, ""confidence"": 0.97, ""source_message_id"": 1}, {""type"": ""FACILITY"", ""value"": ""health centre"", ""specificity"": 0.66, ""confidence"": 0.92, ""source_message_id"": 1}, {""type"": ""GENDER"", ""value"": ""woman"", ""specificity"": 0.99, ""confidence"": 0.91, ""source_message_id"": 1}, {""type"": ""PHONE_NUMBER"", ""value"": ""a mobile number"", ""specificity"": 0.78, ""confidence"": 0.96, ""source_message_id"": 2}, {""type"": ""HEALTH"", ""value"": ""health problems"", ""specificity"": 0.68, ""confidence"": 0.95, ""source_message_id"": 1}]","[{""indicator"": ""exact_age"", ""attribute_type"": ""AGE""}]"
ml_conv_0062,"Yesterday I mentioned that I have financial difficulty; I visited PHC Y. I attended two classes, shared lunch with classmates, and came home.",0.4,0.535,0.56,0.0,0.2,0,2.416667,LOW,"[{""type"": ""FINANCIAL"", ""value"": ""financial difficulty"", ""specificity"": 0.56, ""confidence"": 0.9, ""source_message_id"": 1}, {""type"": ""FACILITY"", ""value"": ""PHC Y"", ""specificity"": 0.51, ""confidence"": 0.97, ""source_message_id"": 2}]",[]
ml_conv_0063,My situation is that I am the only person matching these details: my family includes two children; I live in Bengaluru; I have medical debt; I work as a shopkeeper; my contact is a mobile number; I have a ration card. I had already discussed the matter with the district office.,1.0,0.8616666666666667,0.98,1.0,0.4,1.0,8.47963,HIGH,"[{""type"": ""FAMILY"", ""value"": ""two children"", ""specificity"": 0.75, ""confidence"": 0.9, ""source_message_id"": 1}, {""type"": ""LOCATION"", ""value"": ""Bengaluru"", ""specificity"": 0.95, ""confidence"": 0.88, ""source_message_id"": 1}, {""type"": ""FINANCIAL"", ""value"": ""medical debt"", ""specificity"": 0.86, ""confidence"": 0.9, ""source_message_id"": 3}, {""type"": ""OCCUPATION"", ""value"": ""shopkeeper"", ""specificity"": 0.89, ""confidence"": 0.93, ""source_message_id"": 3}, {""type"": ""PHONE_NUMBER"", ""value"": ""a mobile number"", ""specificity"": 0.98, ""confidence"": 0.9, ""source_message_id"": 2}, {""type"": ""GOVERNMENT_ID"", ""value"": ""a ration card"", ""specificity"": 0.74, ""confidence"": 0.9, ""source_message_id"": 3}]","[{""indicator"": ""uniqueness_word"", ""attribute_type"": ""LOCATION""}]"
ml_conv_0064,My situation is that I have medical debt; I live in Bengaluru; my family includes parent.,0.6,0.5566666666666666,0.7,0.3333333333333333,0.4,0,3.896296,MEDIUM,"[{""type"": ""FINANCIAL"", ""value"": ""medical debt"", ""specificity"": 0.7, ""confidence"": 0.91, ""source_message_id"": 1}, {""type"": ""LOCATION"", ""value"": ""Bengaluru"", ""specificity"": 0.55, ""confidence"": 0.97, ""source_message_id"": 2}, {""type"": ""FAMILY"", ""value"": ""parent"", ""specificity"": 0.42, ""confidence"": 0.93, ""source_message_id"": 3}]",[]
ml_conv_0065,Yesterday I mentioned that I am the only person matching these details: I work as a farm worker; my family includes elderly dependent; I live in Mysuru; I have asthma; my contact is a phone ending in 4421; I have financial difficulty. I had already discussed the matter with the district office.,1.0,0.8483333333333333,0.96,0.8333333333333334,0.6,1.0,8.598148,HIGH,"[{""type"": ""OCCUPATION"", ""value"": ""farm worker"", ""specificity"": 0.85, ""confidence"": 0.91, ""source_message_id"": 1}, {""type"": ""FAMILY"", ""value"": ""elderly dependent"", ""specificity"": 0.69, ""confidence"": 0.91, ""source_message_id"": 2}, {""type"": ""LOCATION"", ""value"": ""Mysuru"", ""specificity"": 0.82, ""confidence"": 0.93, ""source_message_id"": 2}, {""type"": ""HEALTH"", ""value"": ""asthma"", ""specificity"": 0.94, ""confidence"": 0.88, ""source_message_id"": 3}, {""type"": ""PHONE_NUMBER"", ""value"": ""a phone ending in 4421"", ""specificity"": 0.83, ""confidence"": 0.98, ""source_message_id"": 4}, {""type"": ""FINANCIAL"", ""value"": ""financial difficulty"", ""specificity"": 0.96, ""confidence"": 0.89, ""source_message_id"": 2}]","[{""indicator"": ""sensitive_health_attribute"", ""attribute_type"": ""HEALTH""}, {""indicator"": ""uniqueness_word"", ""attribute_type"": ""LOCATION""}]"
ml_conv_0066,Here are some details: I am the only person matching these details: my family includes single parent; I visited health centre; I have a government identification number; I have a rare blood disorder; I am adult; the relevant date is yesterday; I have ₹50 lakh debt. Only a few people in the area know these details about me.,1.0,0.8185714285714286,1.0,0.8571428571428571,0.6,1.0,8.671429,HIGH,"[{""type"": ""FAMILY"", ""value"": ""single parent"", ""specificity"": 0.71, ""confidence"": 0.93, ""source_message_id"": 1}, {""type"": ""FACILITY"", ""value"": ""health centre"", ""specificity"": 1.0, ""confidence"": 0.9, ""source_message_id"": 1}, {""type"": ""GOVERNMENT_ID"", ""value"": ""a government identification number"", ""specificity"": 0.74, ""confidence"": 0.89, ""source_message_id"": 3}, {""type"": ""HEALTH"", ""value"": ""a rare blood disorder"", ""specificity"": 0.85, ""confidence"": 0.98, ""source_message_id"": 3}, {""type"": ""AGE"", ""value"": ""adult"", ""specificity"": 0.67, ""confidence"": 0.96, ""source_message_id"": 2}, {""type"": ""DATE"", ""value"": ""yesterday"", ""specificity"": 0.95, ""confidence"": 0.93, ""source_message_id"": 3}, {""type"": ""FINANCIAL"", ""value"": ""₹50 lakh debt"", ""specificity"": 0.81, ""confidence"": 0.91, ""source_message_id"": 2}]","[{""indicator"": ""sensitive_health_attribute"", ""attribute_type"": ""HEALTH""}, {""indicator"": ""exact_date"", ""attribute_type"": ""DATE""}, {""indicator"": ""uniqueness_word"", ""attribute_type"": ""HEALTH""}]"
ml_conv_0067,Yesterday I mentioned that my contact is a mobile number; I have a ration card; I have a small loan.,0.6,0.5499999999999999,0.71,0.3333333333333333,0.2,0,3.461111,MEDIUM,"[{""type"": ""PHONE_NUMBER"", ""value"": ""a mobile number"", ""specificity"": 0.71, ""confidence"": 0.99, ""source_message_id"": 1}, {""type"": ""GOVERNMENT_ID"", ""value"": ""a ration card"", ""specificity"": 0.51, ""confidence"": 0.99, ""source_message_id"": 2}, {""type"": ""FINANCIAL"", ""value"": ""a small loan"", ""specificity"": 0.43, ""confidence"": 0.93, ""source_message_id"": 2}]",[]
ml_conv_0068,A few details about me: I am the only person matching these details: I have a small loan; I work as a shopkeeper; I identify as woman; the relevant date is 2 January 2025; my family includes two children; I have diabetes; I have a government identification number; I visited PHC Y.,1.0,0.83,0.99,1.0,0.6,1.0,8.905556,HIGH,"[{""type"": ""FINANCIAL"", ""value"": ""a small loan"", ""specificity"": 0.84, ""confidence"": 0.91, ""source_message_id"": 1}, {""type"": ""OCCUPATION"", ""value"": ""shopkeeper"", ""specificity"": 0.93, ""confidence"": 0.93, ""source_message_id"": 2}, {""type"": ""GENDER"", ""value"": ""woman"", ""specificity"": 0.79, ""confidence"": 0.94, ""source_message_id"": 2}, {""type"": ""DATE"", ""value"": ""2 January 2025"", ""specificity"": 0.84, ""confidence"": 0.9, ""source_message_id"": 3}, {""type"": ""FAMILY"", ""value"": ""two children"", ""specificity"": 0.7, ""confidence"": 0.99, ""source_message_id"": 1}, {""type"": ""HEALTH"", ""value"": ""diabetes"", ""specificity"": 0.7, ""confidence"": 0.93, ""source_message_id"": 3}, {""type"": ""GOVERNMENT_ID"", ""value"": ""a government identification number"", ""specificity"": 0.99, ""confidence"": 0.9, ""source_message_id"": 2}, {""type"": ""FACILITY"", ""value"": ""PHC Y"", ""specificity"": 0.85, ""confidence"": 0.93, ""source_message_id"": 3}]","[{""indicator"": ""uniqueness_word"", ""attribute_type"": ""HEALTH""}]"
ml_conv_0069,"For context, the relevant date is yesterday.",0.2,0.56,0.56,0.0,0.0,0,1.777778,LOW,"[{""type"": ""DATE"", ""value"": ""yesterday"", ""specificity"": 0.56, ""confidence"": 0.92, ""source_message_id"": 1}]",[]
ml_conv_0070,"For context, I am the only person matching these details: my family includes two children; I have ₹50 lakh debt; I have a government identification number; I visited City Hospital; I have health problems.",1.0,0.86,0.98,1.0,0.6,1.0,8.922222,HIGH,"[{""type"": ""FAMILY"", ""value"": ""two children"", ""specificity"": 0.79, ""confidence"": 0.89, ""source_message_id"": 1}, {""type"": ""FINANCIAL"", ""value"": ""₹50 lakh debt"", ""specificity"": 0.82, ""confidence"": 0.88, ""source_message_id"": 2}, {""type"": ""GOVERNMENT_ID"", ""value"": ""a government identification number"", ""specificity"": 0.98, ""confidence"": 0.91, ""source_message_id"": 3}, {""type"": ""FACILITY"", ""value"": ""City Hospital"", ""specificity"": 0.91, ""confidence"": 0.89, ""source_message_id"": 1}, {""type"": ""HEALTH"", ""value"": ""health problems"", ""specificity"": 0.8, ""confidence"": 0.91, ""source_message_id"": 2}]","[{""indicator"": ""sensitive_health_attribute"", ""attribute_type"": ""HEALTH""}, {""indicator"": ""uniqueness_word"", ""attribute_type"": ""HEALTH""}]"
ml_conv_0071,Here are some details: I am 29; I have a rare blood disorder; my contact is a phone ending in 4421.,0.6,0.7366666666666667,0.82,0.6666666666666666,0.2,0.2,4.851852,MEDIUM,"[{""type"": ""AGE"", ""value"": ""29"", ""specificity"": 0.69, ""confidence"": 0.98, ""source_message_id"": 1}, {""type"": ""HEALTH"", ""value"": ""a rare blood disorder"", ""specificity"": 0.82, ""confidence"": 0.98, ""source_message_id"": 2}, {""type"": ""PHONE_NUMBER"", ""value"": ""a phone ending in 4421"", ""specificity"": 0.7, ""confidence"": 0.96, ""source_message_id"": 2}]","[{""indicator"": ""sensitive_health_attribute"", ""attribute_type"": ""HEALTH""}]"
ml_conv_0072,"My situation is that I work as a software engineer. The bus was late, so I listened to music while waiting.",0.2,0.25,0.25,0.0,0.0,0,0.916667,LOW,"[{""type"": ""OCCUPATION"", ""value"": ""software engineer"", ""specificity"": 0.25, ""confidence"": 0.97, ""source_message_id"": 1}]",[]
ml_conv_0073,My situation is that I visited City Hospital; I have a small loan.,0.4,0.52,0.55,0.0,0.2,0,2.383333,LOW,"[{""type"": ""FACILITY"", ""value"": ""City Hospital"", ""specificity"": 0.55, ""confidence"": 0.91, ""source_message_id"": 1}, {""type"": ""FINANCIAL"", ""value"": ""a small loan"", ""specificity"": 0.49, ""confidence"": 0.95, ""source_message_id"": 1}]",[]
ml_conv_0074,My situation is that I identify as man; I have a ration card; I have chronic kidney disease; the relevant date is yesterday.,0.8,0.6,0.68,0.0,0.2,0,3.133333,LOW,"[{""type"": ""GENDER"", ""value"": ""man"", ""specificity"": 0.68, ""confidence"": 0.89, ""source_message_id"": 1}, {""type"": ""GOVERNMENT_ID"", ""value"": ""a ration card"", ""specificity"": 0.65, ""confidence"": 0.89, ""source_message_id"": 2}, {""type"": ""HEALTH"", ""value"": ""chronic kidney disease"", ""specificity"": 0.62, ""confidence"": 0.89, ""source_message_id"": 1}, {""type"": ""DATE"", ""value"": ""yesterday"", ""specificity"": 0.45, ""confidence"": 0.93, ""source_message_id"": 2}]",[]
ml_conv_0075,Yesterday I mentioned that I am the only person matching these details: I have a rare blood disorder; I work as a software engineer; I have medical debt; I live in Ward 14 in Jaipur; my family includes two children.,1.0,0.8800000000000001,0.98,1.0,0.6,1.0,8.944444,HIGH,"[{""type"": ""HEALTH"", ""value"": ""a rare blood disorder"", ""specificity"": 0.98, ""confidence"": 0.93, ""source_message_id"": 1}, {""type"": ""OCCUPATION"", ""value"": ""software engineer"", ""specificity"": 0.71, ""confidence"": 0.95, ""source_message_id"": 2}, {""type"": ""FINANCIAL"", ""value"": ""medical debt"", ""specificity"": 0.95, ""confidence"": 0.98, ""source_message_id"": 2}, {""type"": ""LOCATION"", ""value"": ""Ward 14 in Jaipur"", ""specificity"": 0.86, ""confidence"": 0.92, ""source_message_id"": 2}, {""type"": ""FAMILY"", ""value"": ""two children"", ""specificity"": 0.9, ""confidence"": 0.91, ""source_message_id"": 4}]","[{""indicator"": ""sensitive_health_attribute"", ""attribute_type"": ""HEALTH""}, {""indicator"": ""uniqueness_word"", ""attribute_type"": ""HEALTH""}]"
ml_conv_0076,"For context, my contact is a phone ending in 4421; I am 57; I work as a shopkeeper; I live in Mysuru.",0.8,0.6775,0.84,0.75,0.0,0,4.291667,MEDIUM,"[{""type"": ""PHONE_NUMBER"", ""value"": ""a phone ending in 4421"", ""specificity"": 0.72, ""confidence"": 0.9, ""source_message_id"": 1}, {""type"": ""AGE"", ""value"": ""57"", ""specificity"": 0.79, ""confidence"": 0.97, ""source_message_id"": 1}, {""type"": ""OCCUPATION"", ""value"": ""shopkeeper"", ""specificity"": 0.84, ""confidence"": 0.97, ""source_message_id"": 2}, {""type"": ""LOCATION"", ""value"": ""Mysuru"", ""specificity"": 0.36, ""confidence"": 0.91, ""source_message_id"": 2}]",[]
ml_conv_0077,"For context, I am the only person matching these details: I have a government identification number; I identify as woman; my contact is a mobile number; the relevant date is yesterday; I have a rare blood disorder.",1.0,0.746,0.84,0.8,0.2,1.0,7.34,HIGH,"[{""type"": ""GOVERNMENT_ID"", ""value"": ""a government identification number"", ""specificity"": 0.75, ""confidence"": 0.99, ""source_message_id"": 1}, {""type"": ""GENDER"", ""value"": ""woman"", ""specificity"": 0.76, ""confidence"": 0.97, ""source_message_id"": 2}, {""type"": ""PHONE_NUMBER"", ""value"": ""a mobile number"", ""specificity"": 0.84, ""confidence"": 0.96, ""source_message_id"": 2}, {""type"": ""DATE"", ""value"": ""yesterday"", ""specificity"": 0.68, ""confidence"": 0.93, ""source_message_id"": 2}, {""type"": ""HEALTH"", ""value"": ""a rare blood disorder"", ""specificity"": 0.7, ""confidence"": 0.95, ""source_message_id"": 1}]","[{""indicator"": ""uniqueness_word"", ""attribute_type"": ""HEALTH""}]"
ml_conv_0078,Here are some details: I have a government identification number; I am 57.,0.4,0.29000000000000004,0.51,0.0,0.0,0,1.616667,LOW,"[{""type"": ""GOVERNMENT_ID"", ""value"": ""a government identification number"", ""specificity"": 0.51, ""confidence"": 0.93, ""source_message_id"": 1}, {""type"": ""AGE"", ""value"": ""57"", ""specificity"": 0.07, ""confidence"": 0.91, ""source_message_id"": 2}]",[]
ml_conv_0079,A few details about me: I am the only person matching these details: I visited district clinic; my contact is a mobile number; the relevant date is 14 March 2026; I work as a teacher.,0.8,0.795,0.89,0.75,0.0,1.0,6.727778,HIGH,"[{""type"": ""FACILITY"", ""value"": ""district clinic"", ""specificity"": 0.66, ""confidence"": 0.94, ""source_message_id"": 1}, {""type"": ""PHONE_NUMBER"", ""value"": ""a mobile number"", ""specificity"": 0.89, ""confidence"": 0.88, ""source_message_id"": 2}, {""type"": ""DATE"", ""value"": ""14 March 2026"", ""specificity"": 0.78, ""confidence"": 0.95, ""source_message_id"": 1}, {""type"": ""OCCUPATION"", ""value"": ""teacher"", ""specificity"": 0.85, ""confidence"": 0.94, ""source_message_id"": 3}]","[{""indicator"": ""uniqueness_word"", ""attribute_type"": ""AGE""}]"
ml_conv_0080,My situation is that I am the only person matching these details: I work as a software engineer; I have financial difficulty; I live in Karnataka; I have asthma. I had already discussed the matter with the district office.,0.8,0.895,0.99,1.0,0.4,1.0,8.311111,HIGH,"[{""type"": ""OCCUPATION"", ""value"": ""software engineer"", ""specificity"": 0.75, ""confidence"": 0.93, ""source_message_id"": 1}, {""type"": ""FINANCIAL"", ""value"": ""financial difficulty"", ""specificity"": 0.99, ""confidence"": 0.93, ""source_message_id"": 1}, {""type"": ""LOCATION"", ""value"": ""Karnataka"", ""specificity"": 0.89, ""confidence"": 0.89, ""source_message_id"": 3}, {""type"": ""HEALTH"", ""value"": ""asthma"", ""specificity"": 0.95, ""confidence"": 0.93, ""source_message_id"": 3}]","[{""indicator"": ""sensitive_health_attribute"", ""attribute_type"": ""HEALTH""}, {""indicator"": ""uniqueness_word"", ""attribute_type"": ""LOCATION""}]"
ml_conv_0081,Here are some details: I am the only person matching these details: my contact is a mobile number; I have a ration card; my family includes two children; I work as a teacher; I am young adult; the relevant date is 14 March 2026; I visited health centre. The appointment was recorded in the local clinic register.,1.0,0.7657142857142858,0.83,0.8571428571428571,0.2,1.0,7.440476,HIGH,"[{""type"": ""PHONE_NUMBER"", ""value"": ""a mobile number"", ""specificity"": 0.72, ""confidence"": 0.97, ""source_message_id"": 1}, {""type"": ""GOVERNMENT_ID"", ""value"": ""a ration card"", ""specificity"": 0.78, ""confidence"": 0.9, ""source_message_id"": 2}, {""type"": ""FAMILY"", ""value"": ""two children"", ""specificity"": 0.81, ""confidence"": 0.88, ""source_message_id"": 1}, {""type"": ""OCCUPATION"", ""value"": ""teacher"", ""specificity"": 0.79, ""confidence"": 0.89, ""source_message_id"": 4}, {""type"": ""AGE"", ""value"": ""young adult"", ""specificity"": 0.83, ""confidence"": 0.97, ""source_message_id"": 1}, {""type"": ""DATE"", ""value"": ""14 March 2026"", ""specificity"": 0.74, ""confidence"": 0.88, ""source_message_id"": 4}, {""type"": ""FACILITY"", ""value"": ""health centre"", ""specificity"": 0.69, ""confidence"": 0.97, ""source_message_id"": 3}]","[{""indicator"": ""uniqueness_word"", ""attribute_type"": ""AGE""}]"
ml_conv_0082,My situation is that I have a small loan; my family includes elderly dependent; I identify as nonbinary adult; my contact is a phone ending in 4421; I visited City Hospital.,1.0,0.696,0.8,0.6,0.4,0,5.106667,MEDIUM,"[{""type"": ""FINANCIAL"", ""value"": ""a small loan"", ""specificity"": 0.8, ""confidence"": 0.99, ""source_message_id"": 1}, {""type"": ""FAMILY"", ""value"": ""elderly dependent"", ""specificity"": 0.57, ""confidence"": 0.93, ""source_message_id"": 1}, {""type"": ""GENDER"", ""value"": ""nonbinary adult"", ""specificity"": 0.71, ""confidence"": 0.99, ""source_message_id"": 3}, {""type"": ""PHONE_NUMBER"", ""value"": ""a phone ending in 4421"", ""specificity"": 0.79, ""confidence"": 0.89, ""source_message_id"": 3}, {""type"": ""FACILITY"", ""value"": ""City Hospital"", ""specificity"": 0.61, ""confidence"": 0.94, ""source_message_id"": 3}]",[]
ml_conv_0083,My situation is that my family includes parent; I identify as man; I have medical debt; the relevant date is 2 January 2025.,0.8,0.91,0.99,1.0,0.4,0,6.105556,MEDIUM,"[{""type"": ""FAMILY"", ""value"": ""parent"", ""specificity"": 0.99, ""confidence"": 0.95, ""source_message_id"": 1}, {""type"": ""GENDER"", ""value"": ""man"", ""specificity"": 0.92, ""confidence"": 0.93, ""source_message_id"": 1}, {""type"": ""FINANCIAL"", ""value"": ""medical debt"", ""specificity"": 0.95, ""confidence"": 0.9, ""source_message_id"": 3}, {""type"": ""DATE"", ""value"": ""2 January 2025"", ""specificity"": 0.78, ""confidence"": 0.89, ""source_message_id"": 1}]",[]
ml_conv_0084,Yesterday I mentioned that I have rare neurological disorder; the relevant date is 14 March 2026.,0.4,0.26,0.28,0.0,0.2,0,1.644444,LOW,"[{""type"": ""HEALTH"", ""value"": ""rare neurological disorder"", ""specificity"": 0.28, ""confidence"": 0.93, ""source_message_id"": 1}, {""type"": ""DATE"", ""value"": ""14 March 2026"", ""specificity"": 0.24, ""confidence"": 0.96, ""source_message_id"": 2}]",[]
ml_conv_0085,Here are some details: I am the only person matching these details: my contact is a phone ending in 4421; I have a small loan; I live in Village Y; the relevant date is yesterday; I visited City Hospital.,1.0,0.836,0.92,0.8,0.2,1.0,7.573333,HIGH,"[{""type"": ""PHONE_NUMBER"", ""value"": ""a phone ending in 4421"", ""specificity"": 0.92, ""confidence"": 0.89, ""source_message_id"": 1}, {""type"": ""FINANCIAL"", ""value"": ""a small loan"", ""specificity"": 0.83, ""confidence"": 0.95, ""source_message_id"": 1}, {""type"": ""LOCATION"", ""value"": ""Village Y"", ""specificity"": 0.88, ""confidence"": 0.9, ""source_message_id"": 3}, {""type"": ""DATE"", ""value"": ""yesterday"", ""specificity"": 0.86, ""confidence"": 0.98, ""source_message_id"": 3}, {""type"": ""FACILITY"", ""value"": ""City Hospital"", ""specificity"": 0.69, ""confidence"": 0.91, ""source_message_id"": 3}]","[{""indicator"": ""village_level_location"", ""attribute_type"": ""LOCATION""}, {""indicator"": ""exact_date"", ""attribute_type"": ""DATE""}, {""indicator"": ""uniqueness_word"", ""attribute_type"": ""LOCATION""}]"
ml_conv_0086,Here are some details: I am the only person matching these details: I have a ration card; I am 57; the relevant date is this week; I work as a student; I have financial difficulty; I live in small village near Pune. Only a few people in the area know these details about me.,1.0,0.8533333333333334,0.99,1.0,0.2,1.0,8.042593,HIGH,"[{""type"": ""GOVERNMENT_ID"", ""value"": ""a ration card"", ""specificity"": 0.92, ""confidence"": 0.89, ""source_message_id"": 1}, {""type"": ""AGE"", ""value"": ""57"", ""specificity"": 0.75, ""confidence"": 0.94, ""source_message_id"": 1}, {""type"": ""DATE"", ""value"": ""this week"", ""specificity"": 0.82, ""confidence"": 0.96, ""source_message_id"": 2}, {""type"": ""OCCUPATION"", ""value"": ""student"", ""specificity"": 0.91, ""confidence"": 0.91, ""source_message_id"": 2}, {""type"": ""FINANCIAL"", ""value"": ""financial difficulty"", ""specificity"": 0.73, ""confidence"": 0.92, ""source_message_id"": 3}, {""type"": ""LOCATION"", ""value"": ""small village near Pune"", ""specificity"": 0.99, ""confidence"": 0.9, ""source_message_id"": 3}]","[{""indicator"": ""village_level_location"", ""attribute_type"": ""LOCATION""}, {""indicator"": ""uniqueness_word"", ""attribute_type"": ""AGE""}]"
ml_conv_0087,A few details about me: I am the only person matching these details: the relevant date is 14 March 2026; my contact is a mobile number; I have rare neurological disorder; I am adult; I have ₹50 lakh debt; my family includes parent.,1.0,0.9183333333333333,0.99,1.0,0.6,1.0,9.003704,HIGH,"[{""type"": ""DATE"", ""value"": ""14 March 2026"", ""specificity"": 0.84, ""confidence"": 0.95, ""source_message_id"": 1}, {""type"": ""PHONE_NUMBER"", ""value"": ""a mobile number"", ""specificity"": 0.95, ""confidence"": 0.98, ""source_message_id"": 2}, {""type"": ""HEALTH"", ""value"": ""rare neurological disorder"", ""specificity"": 0.85, ""confidence"": 0.97, ""source_message_id"": 1}, {""type"": ""AGE"", ""value"": ""adult"", ""specificity"": 0.98, ""confidence"": 0.91, ""source_message_id"": 4}, {""type"": ""FINANCIAL"", ""value"": ""₹50 lakh debt"", ""specificity"": 0.99, ""confidence"": 0.92, ""source_message_id"": 1}, {""type"": ""FAMILY"", ""value"": ""parent"", ""specificity"": 0.9, ""confidence"": 0.94, ""source_message_id"": 2}]","[{""indicator"": ""sensitive_health_attribute"", ""attribute_type"": ""HEALTH""}, {""indicator"": ""exact_age"", ""attribute_type"": ""AGE""}, {""indicator"": ""uniqueness_word"", ""attribute_type"": ""HEALTH""}]"
ml_conv_0088,A few details about me: I am 41; I have a small loan; I work as a teacher; I live in Mysuru; my contact is a phone ending in 4421.,1.0,0.646,0.79,0.4,0.2,0,4.256667,MEDIUM,"[{""type"": ""AGE"", ""value"": ""41"", ""specificity"": 0.66, ""confidence"": 0.99, ""source_message_id"": 1}, {""type"": ""FINANCIAL"", ""value"": ""a small loan"", ""specificity"": 0.79, ""confidence"": 0.9, ""source_message_id"": 1}, {""type"": ""OCCUPATION"", ""value"": ""teacher"", ""specificity"": 0.77, ""confidence"": 0.9, ""source_message_id"": 2}, {""type"": ""LOCATION"", ""value"": ""Mysuru"", ""specificity"": 0.4, ""confidence"": 0.91, ""source_message_id"": 4}, {""type"": ""PHONE_NUMBER"", ""value"": ""a phone ending in 4421"", ""specificity"": 0.61, ""confidence"": 0.9, ""source_message_id"": 2}]",[]
ml_conv_0089,My situation is that I work as a shopkeeper; I am adult.,0.4,0.275,0.45,0.0,0.0,0,1.5,LOW,"[{""type"": ""OCCUPATION"", ""value"": ""shopkeeper"", ""specificity"": 0.1, ""confidence"": 0.92, ""source_message_id"": 1}, {""type"": ""AGE"", ""value"": ""adult"", ""specificity"": 0.45, ""confidence"": 0.92, ""source_message_id"": 2}]",[]
ml_conv_0090,"For context, my family includes parent; I live in India; I have a government identification number.",0.6,0.6666666666666666,0.71,0.3333333333333333,0.2,0,3.590741,MEDIUM,"[{""type"": ""FAMILY"", ""value"": ""parent"", ""specificity"": 0.6, ""confidence"": 0.94, ""source_message_id"": 1}, {""type"": ""LOCATION"", ""value"": ""India"", ""specificity"": 0.69, ""confidence"": 0.96, ""source_message_id"": 1}, {""type"": ""GOVERNMENT_ID"", ""value"": ""a government identification number"", ""specificity"": 0.71, ""confidence"": 0.89, ""source_message_id"": 2}]",[]
ml_conv_0091,Yesterday I mentioned that I am the only person matching these details: I visited PHC Y; I have a government identification number; I identify as man; I am adult; the relevant date is 2 January 2025. Only a few people in the area know these details about me.,1.0,0.908,1.0,1.0,0.0,1.0,7.675556,HIGH,"[{""type"": ""FACILITY"", ""value"": ""PHC Y"", ""specificity"": 0.91, ""confidence"": 0.98, ""source_message_id"": 1}, {""type"": ""GOVERNMENT_ID"", ""value"": ""a government identification number"", ""specificity"": 0.91, ""confidence"": 0.94, ""source_message_id"": 1}, {""type"": ""GENDER"", ""value"": ""man"", ""specificity"": 0.75, ""confidence"": 0.97, ""source_message_id"": 1}, {""type"": ""AGE"", ""value"": ""adult"", ""specificity"": 0.97, ""confidence"": 0.97, ""source_message_id"": 2}, {""type"": ""DATE"", ""value"": ""2 January 2025"", ""specificity"": 1.0, ""confidence"": 0.9, ""source_message_id"": 3}]","[{""indicator"": ""exact_age"", ""attribute_type"": ""AGE""}, {""indicator"": ""exact_date"", ""attribute_type"": ""DATE""}, {""indicator"": ""uniqueness_word"", ""attribute_type"": ""AGE""}]"
ml_conv_0092,A few details about me: my family includes parent; I have a government identification number; I have a rare blood disorder.,0.6,0.4266666666666667,0.6,0.0,0.4,0,3.02963,LOW,"[{""type"": ""FAMILY"", ""value"": ""parent"", ""specificity"": 0.11, ""confidence"": 0.99, ""source_message_id"": 1}, {""type"": ""GOVERNMENT_ID"", ""value"": ""a government identification number"", ""specificity"": 0.6, ""confidence"": 0.96, ""source_message_id"": 2}, {""type"": ""HEALTH"", ""value"": ""a rare blood disorder"", ""specificity"": 0.57, ""confidence"": 0.98, ""source_message_id"": 2}]",[]
ml_conv_0093,Yesterday I mentioned that I have a government identification number; my family includes elderly dependent.,0.4,0.44999999999999996,0.59,0.0,0.2,0,2.372222,LOW,"[{""type"": ""GOVERNMENT_ID"", ""value"": ""a government identification number"", ""specificity"": 0.59, ""confidence"": 0.95, ""source_message_id"": 1}, {""type"": ""FAMILY"", ""value"": ""elderly dependent"", ""specificity"": 0.31, ""confidence"": 0.98, ""source_message_id"": 1}]",[]
ml_conv_0094,My situation is that I am the only person matching these details: I am adult; I visited City Hospital; my contact is a phone ending in 4421; the relevant date is 2 January 2025; I work as a software engineer.,1.0,0.7300000000000001,0.88,0.4,0.0,1.0,6.277778,MEDIUM,"[{""type"": ""AGE"", ""value"": ""adult"", ""specificity"": 0.88, ""confidence"": 0.98, ""source_message_id"": 1}, {""type"": ""FACILITY"", ""value"": ""City Hospital"", ""specificity"": 0.67, ""confidence"": 0.98, ""source_message_id"": 2}, {""type"": ""PHONE_NUMBER"", ""value"": ""a phone ending in 4421"", ""specificity"": 0.65, ""confidence"": 0.97, ""source_message_id"": 1}, {""type"": ""DATE"", ""value"": ""2 January 2025"", ""specificity"": 0.66, ""confidence"": 0.92, ""source_message_id"": 2}, {""type"": ""OCCUPATION"", ""value"": ""software engineer"", ""specificity"": 0.79, ""confidence"": 0.99, ""source_message_id"": 2}]","[{""indicator"": ""exact_age"", ""attribute_type"": ""AGE""}, {""indicator"": ""uniqueness_word"", ""attribute_type"": ""AGE""}]"
ml_conv_0095,My situation is that I have a government identification number; I visited health centre.,0.4,0.495,0.52,0.0,0.0,0,1.861111,LOW,"[{""type"": ""GOVERNMENT_ID"", ""value"": ""a government identification number"", ""specificity"": 0.47, ""confidence"": 0.93, ""source_message_id"": 1}, {""type"": ""FACILITY"", ""value"": ""health centre"", ""specificity"": 0.52, ""confidence"": 0.91, ""source_message_id"": 2}]",[]
ml_conv_0096,Only young adult in Karnataka.,0.4,0.935,0.99,1.0,0.0,1.0,7.022222,HIGH,"[{""type"": ""AGE"", ""value"": ""young adult"", ""specificity"": 0.88, ""confidence"": 0.88, ""source_message_id"": 1}, {""type"": ""LOCATION"", ""value"": ""Karnataka"", ""specificity"": 0.99, ""confidence"": 0.91, ""source_message_id"": 1}]","[{""indicator"": ""exact_age"", ""attribute_type"": ""AGE""}, {""indicator"": ""uniqueness_word"", ""attribute_type"": ""AGE""}]"
ml_conv_0097,Here are some details: my family includes parent; I identify as man; I work as a shopkeeper.,0.6,0.57,0.73,0.3333333333333333,0.2,0,3.516667,MEDIUM,"[{""type"": ""FAMILY"", ""value"": ""parent"", ""specificity"": 0.45, ""confidence"": 0.96, ""source_message_id"": 1}, {""type"": ""GENDER"", ""value"": ""man"", ""specificity"": 0.53, ""confidence"": 0.98, ""source_message_id"": 1}, {""type"": ""OCCUPATION"", ""value"": ""shopkeeper"", ""specificity"": 0.73, ""confidence"": 0.94, ""source_message_id"": 3}]",[]
ml_conv_0098,Yesterday I mentioned that I am 41; I have health problems; I work as a student; my family includes single parent.,0.8,0.5925,0.68,0.0,0.4,0,3.569444,MEDIUM,"[{""type"": ""AGE"", ""value"": ""41"", ""specificity"": 0.67, ""confidence"": 0.92, ""source_message_id"": 1}, {""type"": ""HEALTH"", ""value"": ""health problems"", ""specificity"": 0.5, ""confidence"": 0.96, ""source_message_id"": 1}, {""type"": ""OCCUPATION"", ""value"": ""student"", ""specificity"": 0.68, ""confidence"": 0.92, ""source_message_id"": 2}, {""type"": ""FAMILY"", ""value"": ""single parent"", ""specificity"": 0.52, ""confidence"": 0.96, ""source_message_id"": 1}]",[]
ml_conv_0099,"For context, my family includes parent; I am 57; I have a government identification number.",0.6,0.6033333333333334,0.79,0.3333333333333333,0.2,0,3.653704,MEDIUM,"[{""type"": ""FAMILY"", ""value"": ""parent"", ""specificity"": 0.54, ""confidence"": 0.98, ""source_message_id"": 1}, {""type"": ""AGE"", ""value"": ""57"", ""specificity"": 0.79, ""confidence"": 0.98, ""source_message_id"": 2}, {""type"": ""GOVERNMENT_ID"", ""value"": ""a government identification number"", ""specificity"": 0.48, ""confidence"": 0.98, ""source_message_id"": 1}]",[]
ml_conv_0100,"For context, I work as a teacher; I am 34; I have a ration card; I have ₹50 lakh debt; my contact is a mobile number.",1.0,0.542,0.79,0.2,0.2,0,3.807778,MEDIUM,"[{""type"": ""OCCUPATION"", ""value"": ""teacher"", ""specificity"": 0.45, ""confidence"": 0.93, ""source_message_id"": 1}, {""type"": ""AGE"", ""value"": ""34"", ""specificity"": 0.79, ""confidence"": 0.91, ""source_message_id"": 1}, {""type"": ""GOVERNMENT_ID"", ""value"": ""a ration card"", ""specificity"": 0.45, ""confidence"": 0.99, ""source_message_id"": 2}, {""type"": ""FINANCIAL"", ""value"": ""₹50 lakh debt"", ""specificity"": 0.6, ""confidence"": 0.94, ""source_message_id"": 4}, {""type"": ""PHONE_NUMBER"", ""value"": ""a mobile number"", ""specificity"": 0.42, ""confidence"": 0.97, ""source_message_id"": 1}]",[]
ml_conv_0101,Here are some details: I am the only person matching these details: I have a government identification number; the relevant date is this week; my contact is a mobile number; I have ₹50 lakh debt; I have health problems; I live in small village near Pune.,1.0,0.7683333333333334,0.96,0.5,0.4,1.0,7.509259,HIGH,"[{""type"": ""GOVERNMENT_ID"", ""value"": ""a government identification number"", ""specificity"": 0.69, ""confidence"": 0.94, ""source_message_id"": 1}, {""type"": ""DATE"", ""value"": ""this week"", ""specificity"": 0.81, ""confidence"": 0.97, ""source_message_id"": 1}, {""type"": ""PHONE_NUMBER"", ""value"": ""a mobile number"", ""specificity"": 0.69, ""confidence"": 0.95, ""source_message_id"": 2}, {""type"": ""FINANCIAL"", ""value"": ""₹50 lakh debt"", ""specificity"": 0.66, ""confidence"": 0.92, ""source_message_id"": 2}, {""type"": ""HEALTH"", ""value"": ""health problems"", ""specificity"": 0.96, ""confidence"": 0.95, ""source_message_id"": 1}, {""type"": ""LOCATION"", ""value"": ""small village near Pune"", ""specificity"": 0.8, ""confidence"": 0.94, ""source_message_id"": 4}]","[{""indicator"": ""sensitive_health_attribute"", ""attribute_type"": ""HEALTH""}, {""indicator"": ""village_level_location"", ""attribute_type"": ""LOCATION""}, {""indicator"": ""uniqueness_word"", ""attribute_type"": ""HEALTH""}]"
ml_conv_0102,Yesterday I mentioned that I have a small loan.,0.2,0.18,0.18,0.0,0.2,0,1.166667,LOW,"[{""type"": ""FINANCIAL"", ""value"": ""a small loan"", ""specificity"": 0.18, ""confidence"": 0.96, ""source_message_id"": 1}]",[]
ml_conv_0103,A few details about me: I have a government identification number; I visited district clinic; I have a small loan; I have asthma.,0.8,0.485,0.7,0.25,0.4,0,3.9,MEDIUM,"[{""type"": ""GOVERNMENT_ID"", ""value"": ""a government identification number"", ""specificity"": 0.36, ""confidence"": 0.92, ""source_message_id"": 1}, {""type"": ""FACILITY"", ""value"": ""district clinic"", ""specificity"": 0.7, ""confidence"": 0.9, ""source_message_id"": 2}, {""type"": ""FINANCIAL"", ""value"": ""a small loan"", ""specificity"": 0.41, ""confidence"": 0.96, ""source_message_id"": 2}, {""type"": ""HEALTH"", ""value"": ""asthma"", ""specificity"": 0.47, ""confidence"": 0.96, ""source_message_id"": 1}]",[]
ml_conv_0104,Here are some details: I live in Ward 14 in Jaipur; I have financial difficulty; I work as a shopkeeper.,0.6,0.5433333333333333,0.62,0.0,0.2,0,2.748148,LOW,"[{""type"": ""LOCATION"", ""value"": ""Ward 14 in Jaipur"", ""specificity"": 0.62, ""confidence"": 0.99, ""source_message_id"": 1}, {""type"": ""FINANCIAL"", ""value"": ""financial difficulty"", ""specificity"": 0.61, ""confidence"": 0.92, ""source_message_id"": 2}, {""type"": ""OCCUPATION"", ""value"": ""shopkeeper"", ""specificity"": 0.4, ""confidence"": 0.95, ""source_message_id"": 3}]",[]
ml_conv_0105,Yesterday I mentioned that I am the only person matching these details: my contact is a mobile number; I am 57; I work as a teacher; I have health problems; I visited district clinic. The appointment was recorded in the local clinic register.,1.0,0.786,0.98,0.8,0.2,1.0,7.617778,HIGH,"[{""type"": ""PHONE_NUMBER"", ""value"": ""a mobile number"", ""specificity"": 0.74, ""confidence"": 0.94, ""source_message_id"": 1}, {""type"": ""AGE"", ""value"": ""57"", ""specificity"": 0.67, ""confidence"": 0.92, ""source_message_id"": 2}, {""type"": ""OCCUPATION"", ""value"": ""teacher"", ""specificity"": 0.98, ""confidence"": 0.94, ""source_message_id"": 3}, {""type"": ""HEALTH"", ""value"": ""health problems"", ""specificity"": 0.79, ""confidence"": 0.95, ""source_message_id"": 1}, {""type"": ""FACILITY"", ""value"": ""district clinic"", ""specificity"": 0.75, ""confidence"": 0.89, ""source_message_id"": 4}]","[{""indicator"": ""sensitive_health_attribute"", ""attribute_type"": ""HEALTH""}, {""indicator"": ""uniqueness_word"", ""attribute_type"": ""AGE""}]"
ml_conv_0106,"Here are some details: the relevant date is this week; I identify as nonbinary adult. I attended two classes, shared lunch with classmates, and came home.",0.4,0.47000000000000003,0.56,0.0,0.0,0,1.9,LOW,"[{""type"": ""DATE"", ""value"": ""this week"", ""specificity"": 0.38, ""confidence"": 0.97, ""source_message_id"": 1}, {""type"": ""GENDER"", ""value"": ""nonbinary adult"", ""specificity"": 0.56, ""confidence"": 0.99, ""source_message_id"": 1}]",[]
ml_conv_0107,"For context, the relevant date is yesterday; I visited health centre; I live in Mysuru; I am 41.",0.8,0.7,0.83,0.5,0.0,0,3.883333,MEDIUM,"[{""type"": ""DATE"", ""value"": ""yesterday"", ""specificity"": 0.58, ""confidence"": 0.88, ""source_message_id"": 1}, {""type"": ""FACILITY"", ""value"": ""health centre"", ""specificity"": 0.83, ""confidence"": 0.97, ""source_message_id"": 2}, {""type"": ""LOCATION"", ""value"": ""Mysuru"", ""specificity"": 0.66, ""confidence"": 0.97, ""source_message_id"": 1}, {""type"": ""AGE"", ""value"": ""41"", ""specificity"": 0.73, ""confidence"": 0.9, ""source_message_id"": 1}]",[]
ml_conv_0108,"For context, my family includes single parent; I work as a teacher.",0.4,0.18,0.18,0.0,0.2,0,1.388889,LOW,"[{""type"": ""FAMILY"", ""value"": ""single parent"", ""specificity"": 0.18, ""confidence"": 0.93, ""source_message_id"": 1}, {""type"": ""OCCUPATION"", ""value"": ""teacher"", ""specificity"": 0.18, ""confidence"": 0.93, ""source_message_id"": 2}]",[]
ml_conv_0109,"For context, I identify as man; the relevant date is this week; I have a ration card; my family includes elderly dependent; I work as a shopkeeper.",1.0,0.588,0.79,0.4,0.2,0,4.192222,MEDIUM,"[{""type"": ""GENDER"", ""value"": ""man"", ""specificity"": 0.79, ""confidence"": 0.93, ""source_message_id"": 1}, {""type"": ""DATE"", ""value"": ""this week"", ""specificity"": 0.45, ""confidence"": 0.89, ""source_message_id"": 2}, {""type"": ""GOVERNMENT_ID"", ""value"": ""a ration card"", ""specificity"": 0.79, ""confidence"": 0.95, ""source_message_id"": 3}, {""type"": ""FAMILY"", ""value"": ""elderly dependent"", ""specificity"": 0.47, ""confidence"": 0.88, ""source_message_id"": 3}, {""type"": ""OCCUPATION"", ""value"": ""shopkeeper"", ""specificity"": 0.44, ""confidence"": 0.9, ""source_message_id"": 2}]",[]
ml_conv_0110,Here are some details: I am the only person matching these details: my family includes single parent; the relevant date is this week.,0.4,0.78,0.78,1.0,0.2,1.0,6.944444,HIGH,"[{""type"": ""FAMILY"", ""value"": ""single parent"", ""specificity"": 0.78, ""confidence"": 0.96, ""source_message_id"": 1}, {""type"": ""DATE"", ""value"": ""this week"", ""specificity"": 0.78, ""confidence"": 0.94, ""source_message_id"": 1}]","[{""indicator"": ""uniqueness_word"", ""attribute_type"": ""AGE""}]"
ml_conv_0111,A few details about me: I have a ration card; I work as a teacher; my family includes single parent.,0.6,0.79,0.89,0.6666666666666666,0.2,0,4.583333,MEDIUM,"[{""type"": ""GOVERNMENT_ID"", ""value"": ""a ration card"", ""specificity"": 0.89, ""confidence"": 0.98, ""source_message_id"": 1}, {""type"": ""OCCUPATION"", ""value"": ""teacher"", ""specificity"": 0.66, ""confidence"": 0.97, ""source_message_id"": 2}, {""type"": ""FAMILY"", ""value"": ""single parent"", ""specificity"": 0.82, ""confidence"": 0.95, ""source_message_id"": 2}]",[]
ml_conv_0112,Here are some details: I am the only person matching these details: my family includes two children; I have a government identification number; I live in Mysuru; I am adult; I have medical debt.,1.0,0.8240000000000001,0.99,0.8,0.4,1.0,8.121111,HIGH,"[{""type"": ""FAMILY"", ""value"": ""two children"", ""specificity"": 0.84, ""confidence"": 0.97, ""source_message_id"": 1}, {""type"": ""GOVERNMENT_ID"", ""value"": ""a government identification number"", ""specificity"": 0.99, ""confidence"": 0.93, ""source_message_id"": 1}, {""type"": ""LOCATION"", ""value"": ""Mysuru"", ""specificity"": 0.82, ""confidence"": 0.99, ""source_message_id"": 2}, {""type"": ""AGE"", ""value"": ""adult"", ""specificity"": 0.8, ""confidence"": 0.93, ""source_message_id"": 2}, {""type"": ""FINANCIAL"", ""value"": ""medical debt"", ""specificity"": 0.67, ""confidence"": 0.96, ""source_message_id"": 3}]","[{""indicator"": ""uniqueness_word"", ""attribute_type"": ""LOCATION""}]"
ml_conv_0113,A few details about me: my family includes parent; I am 29; I have financial difficulty.,0.6,0.29333333333333333,0.37,0.0,0.4,0,2.498148,LOW,"[{""type"": ""FAMILY"", ""value"": ""parent"", ""specificity"": 0.14, ""confidence"": 0.89, ""source_message_id"": 1}, {""type"": ""AGE"", ""value"": ""29"", ""specificity"": 0.37, ""confidence"": 0.95, ""source_message_id"": 2}, {""type"": ""FINANCIAL"", ""value"": ""financial difficulty"", ""specificity"": 0.37, ""confidence"": 0.98, ""source_message_id"": 2}]",[]
ml_conv_0114,My situation is that my family includes elderly dependent.,0.2,0.45,0.45,0.0,0.2,0,1.916667,LOW,"[{""type"": ""FAMILY"", ""value"": ""elderly dependent"", ""specificity"": 0.45, ""confidence"": 0.93, ""source_message_id"": 1}]",[]
ml_conv_0115,My situation is that I visited City Hospital; I identify as nonbinary adult; I have a small loan; my family includes two children.,0.8,0.69,0.85,0.5,0.4,0,4.794444,MEDIUM,"[{""type"": ""FACILITY"", ""value"": ""City Hospital"", ""specificity"": 0.68, ""confidence"": 0.9, ""source_message_id"": 1}, {""type"": ""GENDER"", ""value"": ""nonbinary adult"", ""specificity"": 0.72, ""confidence"": 0.89, ""source_message_id"": 2}, {""type"": ""FINANCIAL"", ""value"": ""a small loan"", ""specificity"": 0.85, ""confidence"": 0.92, ""source_message_id"": 1}, {""type"": ""FAMILY"", ""value"": ""two children"", ""specificity"": 0.51, ""confidence"": 0.92, ""source_message_id"": 1}]",[]
ml_conv_0116,Here are some details: I work as a software engineer; I have health problems; I visited health centre.,0.6,0.8066666666666666,0.91,0.6666666666666666,0.2,0.2,5.07963,MEDIUM,"[{""type"": ""OCCUPATION"", ""value"": ""software engineer"", ""specificity"": 0.84, ""confidence"": 0.9, ""source_message_id"": 1}, {""type"": ""HEALTH"", ""value"": ""health problems"", ""specificity"": 0.91, ""confidence"": 0.9, ""source_message_id"": 2}, {""type"": ""FACILITY"", ""value"": ""health centre"", ""specificity"": 0.67, ""confidence"": 0.97, ""source_message_id"": 2}]","[{""indicator"": ""sensitive_health_attribute"", ""attribute_type"": ""HEALTH""}]"
ml_conv_0117,Here are some details: I work as a teacher; I visited City Hospital; the relevant date is this week; I identify as nonbinary adult; I have ₹50 lakh debt.,1.0,0.654,0.84,0.4,0.2,0,4.348889,MEDIUM,"[{""type"": ""OCCUPATION"", ""value"": ""teacher"", ""specificity"": 0.84, ""confidence"": 0.88, ""source_message_id"": 1}, {""type"": ""FACILITY"", ""value"": ""City Hospital"", ""specificity"": 0.64, ""confidence"": 0.89, ""source_message_id"": 1}, {""type"": ""DATE"", ""value"": ""this week"", ""specificity"": 0.4, ""confidence"": 0.98, ""source_message_id"": 1}, {""type"": ""GENDER"", ""value"": ""nonbinary adult"", ""specificity"": 0.79, ""confidence"": 0.98, ""source_message_id"": 1}, {""type"": ""FINANCIAL"", ""value"": ""₹50 lakh debt"", ""specificity"": 0.6, ""confidence"": 0.89, ""source_message_id"": 4}]",[]
ml_conv_0118,My situation is that I am the only person matching these details: I have rare neurological disorder; I work as a teacher; my contact is a phone ending in 4421; I live in Karnataka; I have medical debt; my family includes single parent; I identify as man.,1.0,0.8285714285714285,0.94,1.0,0.6,1.0,8.820635,HIGH,"[{""type"": ""HEALTH"", ""value"": ""rare neurological disorder"", ""specificity"": 0.7, ""confidence"": 0.95, ""source_message_id"": 1}, {""type"": ""OCCUPATION"", ""value"": ""teacher"", ""specificity"": 0.94, ""confidence"": 0.95, ""source_message_id"": 2}, {""type"": ""PHONE_NUMBER"", ""value"": ""a phone ending in 4421"", ""specificity"": 0.89, ""confidence"": 0.99, ""source_message_id"": 3}, {""type"": ""LOCATION"", ""value"": ""Karnataka"", ""specificity"": 0.82, ""confidence"": 0.92, ""source_message_id"": 1}, {""type"": ""FINANCIAL"", ""value"": ""medical debt"", ""specificity"": 0.78, ""confidence"": 0.9, ""source_message_id"": 4}, {""type"": ""FAMILY"", ""value"": ""single parent"", ""specificity"": 0.88, ""confidence"": 0.98, ""source_message_id"": 3}, {""type"": ""GENDER"", ""value"": ""man"", ""specificity"": 0.79, ""confidence"": 0.98, ""source_message_id"": 4}]","[{""indicator"": ""uniqueness_word"", ""attribute_type"": ""HEALTH""}]"
ml_conv_0119,A few details about me: I have a ration card; I live in Village Y; the relevant date is 2 January 2025.,0.6,0.6666666666666666,0.75,0.3333333333333333,0.0,0.6,4.546296,MEDIUM,"[{""type"": ""GOVERNMENT_ID"", ""value"": ""a ration card"", ""specificity"": 0.66, ""confidence"": 0.96, ""source_message_id"": 1}, {""type"": ""LOCATION"", ""value"": ""Village Y"", ""specificity"": 0.59, ""confidence"": 0.9, ""source_message_id"": 1}, {""type"": ""DATE"", ""value"": ""2 January 2025"", ""specificity"": 0.75, ""confidence"": 0.92, ""source_message_id"": 3}]","[{""indicator"": ""village_level_location"", ""attribute_type"": ""LOCATION""}]"
ml_conv_0120,A few details about me: I have a rare blood disorder; I am young adult; I have ₹50 lakh debt.,0.6,0.91,0.95,1.0,0.4,0.5,6.927778,HIGH,"[{""type"": ""HEALTH"", ""value"": ""a rare blood disorder"", ""specificity"": 0.9, ""confidence"": 0.9, ""source_message_id"": 1}, {""type"": ""AGE"", ""value"": ""young adult"", ""specificity"": 0.88, ""confidence"": 0.94, ""source_message_id"": 1}, {""type"": ""FINANCIAL"", ""value"": ""₹50 lakh debt"", ""specificity"": 0.95, ""confidence"": 0.92, ""source_message_id"": 3}]","[{""indicator"": ""sensitive_health_attribute"", ""attribute_type"": ""HEALTH""}, {""indicator"": ""exact_age"", ""attribute_type"": ""AGE""}]"
ml_conv_0121,Here are some details: I have health problems. After work I walked through the park and called a friend.,0.2,0.42,0.42,0.0,0.2,0,1.833333,LOW,"[{""type"": ""HEALTH"", ""value"": ""health problems"", ""specificity"": 0.42, ""confidence"": 0.97, ""source_message_id"": 1}]",[]
ml_conv_0122,My situation is that I visited health centre; I identify as nonbinary adult; I am 29; I live in Village Y.,0.8,0.895,0.97,1.0,0.0,0.8999999999999999,7.166667,HIGH,"[{""type"": ""FACILITY"", ""value"": ""health centre"", ""specificity"": 0.97, ""confidence"": 0.92, ""source_message_id"": 1}, {""type"": ""GENDER"", ""value"": ""nonbinary adult"", ""specificity"": 0.91, ""confidence"": 0.98, ""source_message_id"": 2}, {""type"": ""AGE"", ""value"": ""29"", ""specificity"": 0.9, ""confidence"": 0.89, ""source_message_id"": 2}, {""type"": ""LOCATION"", ""value"": ""Village Y"", ""specificity"": 0.8, ""confidence"": 0.91, ""source_message_id"": 1}]","[{""indicator"": ""exact_age"", ""attribute_type"": ""AGE""}, {""indicator"": ""village_level_location"", ""attribute_type"": ""LOCATION""}]"
ml_conv_0123,Here are some details: I am the only person matching these details: I work as a farm worker; I have a small loan; I visited City Hospital; my contact is a phone ending in 4421; the relevant date is yesterday. The appointment was recorded in the local clinic register.,1.0,0.826,0.99,0.6,0.2,1.0,7.345556,HIGH,"[{""type"": ""OCCUPATION"", ""value"": ""farm worker"", ""specificity"": 0.8, ""confidence"": 0.95, ""source_message_id"": 1}, {""type"": ""FINANCIAL"", ""value"": ""a small loan"", ""specificity"": 0.69, ""confidence"": 0.9, ""source_message_id"": 1}, {""type"": ""FACILITY"", ""value"": ""City Hospital"", ""specificity"": 0.99, ""confidence"": 0.93, ""source_message_id"": 2}, {""type"": ""PHONE_NUMBER"", ""value"": ""a phone ending in 4421"", ""specificity"": 0.67, ""confidence"": 0.95, ""source_message_id"": 4}, {""type"": ""DATE"", ""value"": ""yesterday"", ""specificity"": 0.98, ""confidence"": 0.92, ""source_message_id"": 3}]","[{""indicator"": ""exact_date"", ""attribute_type"": ""DATE""}, {""indicator"": ""uniqueness_word"", ""attribute_type"": ""AGE""}]"
ml_conv_0124,A few details about me: I visited City Hospital; I have rare neurological disorder; I am young adult; I work as a shopkeeper.,0.8,0.605,0.77,0.25,0.2,0.2,4.15,MEDIUM,"[{""type"": ""FACILITY"", ""value"": ""City Hospital"", ""specificity"": 0.44, ""confidence"": 0.88, ""source_message_id"": 1}, {""type"": ""HEALTH"", ""value"": ""rare neurological disorder"", ""specificity"": 0.77, ""confidence"": 0.94, ""source_message_id"": 1}, {""type"": ""AGE"", ""value"": ""young adult"", ""specificity"": 0.57, ""confidence"": 0.9, ""source_message_id"": 1}, {""type"": ""OCCUPATION"", ""value"": ""shopkeeper"", ""specificity"": 0.64, ""confidence"": 0.93, ""source_message_id"": 3}]","[{""indicator"": ""sensitive_health_attribute"", ""attribute_type"": ""HEALTH""}]"
ml_conv_0125,My situation is that I live in Karnataka; I visited health centre; I have health problems.,0.6,0.6833333333333335,0.81,0.6666666666666666,0.2,0,4.331481,MEDIUM,"[{""type"": ""LOCATION"", ""value"": ""Karnataka"", ""specificity"": 0.81, ""confidence"": 0.88, ""source_message_id"": 1}, {""type"": ""FACILITY"", ""value"": ""health centre"", ""specificity"": 0.8, ""confidence"": 0.9, ""source_message_id"": 1}, {""type"": ""HEALTH"", ""value"": ""health problems"", ""specificity"": 0.44, ""confidence"": 0.9, ""source_message_id"": 3}]",[]
ml_conv_0126,My situation is that I am the only person matching these details: I live in India; I identify as nonbinary adult; I work as a shopkeeper; my contact is a mobile number; the relevant date is yesterday.,1.0,0.8879999999999999,0.98,1.0,0.0,1.0,7.62,HIGH,"[{""type"": ""LOCATION"", ""value"": ""India"", ""specificity"": 0.83, ""confidence"": 0.96, ""source_message_id"": 1}, {""type"": ""GENDER"", ""value"": ""nonbinary adult"", ""specificity"": 0.9, ""confidence"": 0.91, ""source_message_id"": 1}, {""type"": ""OCCUPATION"", ""value"": ""shopkeeper"", ""specificity"": 0.98, ""confidence"": 0.9, ""source_message_id"": 1}, {""type"": ""PHONE_NUMBER"", ""value"": ""a mobile number"", ""specificity"": 0.97, ""confidence"": 0.93, ""source_message_id"": 4}, {""type"": ""DATE"", ""value"": ""yesterday"", ""specificity"": 0.76, ""confidence"": 0.92, ""source_message_id"": 3}]","[{""indicator"": ""uniqueness_word"", ""attribute_type"": ""LOCATION""}]"
ml_conv_0127,My situation is that I am the only person matching these details: my contact is a phone ending in 4421; I identify as woman; I have medical debt; I visited City Hospital; I am young adult. I had already discussed the matter with the district office.,1.0,0.818,1.0,0.8,0.2,1.0,7.686667,HIGH,"[{""type"": ""PHONE_NUMBER"", ""value"": ""a phone ending in 4421"", ""specificity"": 1.0, ""confidence"": 0.95, ""source_message_id"": 1}, {""type"": ""GENDER"", ""value"": ""woman"", ""specificity"": 0.68, ""confidence"": 0.89, ""source_message_id"": 1}, {""type"": ""FINANCIAL"", ""value"": ""medical debt"", ""specificity"": 0.86, ""confidence"": 0.92, ""source_message_id"": 3}, {""type"": ""FACILITY"", ""value"": ""City Hospital"", ""specificity"": 0.79, ""confidence"": 0.99, ""source_message_id"": 4}, {""type"": ""AGE"", ""value"": ""young adult"", ""specificity"": 0.76, ""confidence"": 0.98, ""source_message_id"": 3}]","[{""indicator"": ""uniqueness_word"", ""attribute_type"": ""AGE""}]"
ml_conv_0128,"For context, I am the only person matching these details: my contact is a mobile number; I live in Bengaluru; I have a ration card; I am adult; the relevant date is 2 January 2025.",1.0,0.768,0.96,0.6,0.0,1.0,6.786667,HIGH,"[{""type"": ""PHONE_NUMBER"", ""value"": ""a mobile number"", ""specificity"": 0.68, ""confidence"": 0.98, ""source_message_id"": 1}, {""type"": ""LOCATION"", ""value"": ""Bengaluru"", ""specificity"": 0.83, ""confidence"": 0.99, ""source_message_id"": 1}, {""type"": ""GOVERNMENT_ID"", ""value"": ""a ration card"", ""specificity"": 0.71, ""confidence"": 0.89, ""source_message_id"": 1}, {""type"": ""AGE"", ""value"": ""adult"", ""specificity"": 0.66, ""confidence"": 0.91, ""source_message_id"": 1}, {""type"": ""DATE"", ""value"": ""2 January 2025"", ""specificity"": 0.96, ""confidence"": 0.98, ""source_message_id"": 1}]","[{""indicator"": ""exact_date"", ""attribute_type"": ""DATE""}, {""indicator"": ""uniqueness_word"", ""attribute_type"": ""LOCATION""}]"
ml_conv_0129,A few details about me: I am the only person matching these details: I work as a student; I have health problems; I identify as woman; I live in Village Y; I am 29; I have a small loan; my contact is a mobile number.,1.0,0.8185714285714286,0.91,0.8571428571428571,0.4,1.0,8.076984,HIGH,"[{""type"": ""OCCUPATION"", ""value"": ""student"", ""specificity"": 0.89, ""confidence"": 0.97, ""source_message_id"": 1}, {""type"": ""HEALTH"", ""value"": ""health problems"", ""specificity"": 0.85, ""confidence"": 0.93, ""source_message_id"": 1}, {""type"": ""GENDER"", ""value"": ""woman"", ""specificity"": 0.68, ""confidence"": 0.93, ""source_message_id"": 1}, {""type"": ""LOCATION"", ""value"": ""Village Y"", ""specificity"": 0.91, ""confidence"": 0.92, ""source_message_id"": 1}, {""type"": ""AGE"", ""value"": ""29"", ""specificity"": 0.87, ""confidence"": 0.94, ""source_message_id"": 1}, {""type"": ""FINANCIAL"", ""value"": ""a small loan"", ""specificity"": 0.7, ""confidence"": 0.95, ""source_message_id"": 3}, {""type"": ""PHONE_NUMBER"", ""value"": ""a mobile number"", ""specificity"": 0.83, ""confidence"": 0.9, ""source_message_id"": 4}]","[{""indicator"": ""sensitive_health_attribute"", ""attribute_type"": ""HEALTH""}, {""indicator"": ""village_level_location"", ""attribute_type"": ""LOCATION""}, {""indicator"": ""exact_age"", ""attribute_type"": ""AGE""}, {""indicator"": ""uniqueness_word"", ""attribute_type"": ""HEALTH""}]"
ml_conv_0130,My situation is that I am the only person matching these details: I am 41; I visited PHC Y; my family includes parent; I identify as nonbinary adult; I have diabetes. I had already discussed the matter with the district office.,1.0,0.704,0.81,0.2,0.4,1.0,6.687778,HIGH,"[{""type"": ""AGE"", ""value"": ""41"", ""specificity"": 0.81, ""confidence"": 0.92, ""source_message_id"": 1}, {""type"": ""FACILITY"", ""value"": ""PHC Y"", ""specificity"": 0.67, ""confidence"": 0.99, ""source_message_id"": 1}, {""type"": ""FAMILY"", ""value"": ""parent"", ""specificity"": 0.66, ""confidence"": 0.94, ""source_message_id"": 1}, {""type"": ""GENDER"", ""value"": ""nonbinary adult"", ""specificity"": 0.69, ""confidence"": 0.98, ""source_message_id"": 3}, {""type"": ""HEALTH"", ""value"": ""diabetes"", ""specificity"": 0.69, ""confidence"": 0.93, ""source_message_id"": 3}]","[{""indicator"": ""uniqueness_word"", ""attribute_type"": ""AGE""}]"
ml_conv_0131,A few details about me: I am the only person matching these details: I have a government identification number; I have rare neurological disorder; my contact is a mobile number; I visited City Hospital. Only a few people in the area know these details about me.,0.8,0.7925,0.85,0.75,0.2,1.0,7.102778,HIGH,"[{""type"": ""GOVERNMENT_ID"", ""value"": ""a government identification number"", ""specificity"": 0.8, ""confidence"": 0.97, ""source_message_id"": 1}, {""type"": ""HEALTH"", ""value"": ""rare neurological disorder"", ""specificity"": 0.67, ""confidence"": 0.94, ""source_message_id"": 1}, {""type"": ""PHONE_NUMBER"", ""value"": ""a mobile number"", ""specificity"": 0.85, ""confidence"": 0.95, ""source_message_id"": 3}, {""type"": ""FACILITY"", ""value"": ""City Hospital"", ""specificity"": 0.85, ""confidence"": 0.89, ""source_message_id"": 1}]","[{""indicator"": ""uniqueness_word"", ""attribute_type"": ""HEALTH""}]"
ml_conv_0132,A few details about me: I am the only person matching these details: I am young adult; I work as a teacher; I identify as nonbinary adult; I have medical debt; my family includes elderly dependent; I visited district clinic; I have rare neurological disorder.,1.0,0.85,0.99,0.8571428571428571,0.6,1.0,8.689683,HIGH,"[{""type"": ""AGE"", ""value"": ""young adult"", ""specificity"": 0.88, ""confidence"": 0.97, ""source_message_id"": 1}, {""type"": ""OCCUPATION"", ""value"": ""teacher"", ""specificity"": 0.99, ""confidence"": 0.89, ""source_message_id"": 1}, {""type"": ""GENDER"", ""value"": ""nonbinary adult"", ""specificity"": 0.97, ""confidence"": 0.98, ""source_message_id"": 1}, {""type"": ""FINANCIAL"", ""value"": ""medical debt"", ""specificity"": 0.9, ""confidence"": 0.98, ""source_message_id"": 2}, {""type"": ""FAMILY"", ""value"": ""elderly dependent"", ""specificity"": 0.8, ""confidence"": 0.88, ""source_message_id"": 4}, {""type"": ""FACILITY"", ""value"": ""district clinic"", ""specificity"": 0.75, ""confidence"": 0.89, ""source_message_id"": 4}, {""type"": ""HEALTH"", ""value"": ""rare neurological disorder"", ""specificity"": 0.66, ""confidence"": 0.9, ""source_message_id"": 3}]","[{""indicator"": ""exact_age"", ""attribute_type"": ""AGE""}, {""indicator"": ""uniqueness_word"", ""attribute_type"": ""AGE""}]"
ml_conv_0133,My situation is that my family includes single parent; I work as a teacher; I have ₹50 lakh debt.,0.6,0.65,0.84,0.3333333333333333,0.4,0,4.233333,MEDIUM,"[{""type"": ""FAMILY"", ""value"": ""single parent"", ""specificity"": 0.45, ""confidence"": 0.95, ""source_message_id"": 1}, {""type"": ""OCCUPATION"", ""value"": ""teacher"", ""specificity"": 0.66, ""confidence"": 0.9, ""source_message_id"": 2}, {""type"": ""FINANCIAL"", ""value"": ""₹50 lakh debt"", ""specificity"": 0.84, ""confidence"": 0.94, ""source_message_id"": 3}]",[]
ml_conv_0134,Here are some details: my contact is a mobile number; I identify as woman; I live in Village X; I work as a teacher.,0.8,0.5975,0.79,0.25,0.0,0.6,4.619444,MEDIUM,"[{""type"": ""PHONE_NUMBER"", ""value"": ""a mobile number"", ""specificity"": 0.52, ""confidence"": 0.9, ""source_message_id"": 1}, {""type"": ""GENDER"", ""value"": ""woman"", ""specificity"": 0.79, ""confidence"": 0.95, ""source_message_id"": 2}, {""type"": ""LOCATION"", ""value"": ""Village X"", ""specificity"": 0.42, ""confidence"": 0.91, ""source_message_id"": 3}, {""type"": ""OCCUPATION"", ""value"": ""teacher"", ""specificity"": 0.66, ""confidence"": 0.95, ""source_message_id"": 2}]","[{""indicator"": ""village_level_location"", ""attribute_type"": ""LOCATION""}]"
ml_conv_0135,Here are some details: the relevant date is 14 March 2026; I have a ration card; I am young adult; my family includes parent.,0.8,0.7,0.8,0.5,0.2,0,4.277778,MEDIUM,"[{""type"": ""DATE"", ""value"": ""14 March 2026"", ""specificity"": 0.62, ""confidence"": 0.92, ""source_message_id"": 1}, {""type"": ""GOVERNMENT_ID"", ""value"": ""a ration card"", ""specificity"": 0.71, ""confidence"": 0.93, ""source_message_id"": 2}, {""type"": ""AGE"", ""value"": ""young adult"", ""specificity"": 0.67, ""confidence"": 0.98, ""source_message_id"": 2}, {""type"": ""FAMILY"", ""value"": ""parent"", ""specificity"": 0.8, ""confidence"": 0.96, ""source_message_id"": 3}]",[]
ml_conv_0136,"For context, I am 34; I live in Bengaluru.",0.4,0.27,0.28,0.0,0.0,0,1.211111,LOW,"[{""type"": ""AGE"", ""value"": ""34"", ""specificity"": 0.26, ""confidence"": 0.94, ""source_message_id"": 1}, {""type"": ""LOCATION"", ""value"": ""Bengaluru"", ""specificity"": 0.28, ""confidence"": 0.96, ""source_message_id"": 2}]",[]
ml_conv_0137,A few details about me: I visited health centre; my family includes single parent.,0.4,0.615,0.63,0.0,0.2,0,2.622222,LOW,"[{""type"": ""FACILITY"", ""value"": ""health centre"", ""specificity"": 0.63, ""confidence"": 0.94, ""source_message_id"": 1}, {""type"": ""FAMILY"", ""value"": ""single parent"", ""specificity"": 0.6, ""confidence"": 0.9, ""source_message_id"": 1}]",[]
ml_conv_0138,Here are some details: I work as a student; I have a ration card.,0.4,0.525,0.53,0.0,0.0,0,1.911111,LOW,"[{""type"": ""OCCUPATION"", ""value"": ""student"", ""specificity"": 0.53, ""confidence"": 0.93, ""source_message_id"": 1}, {""type"": ""GOVERNMENT_ID"", ""value"": ""a ration card"", ""specificity"": 0.52, ""confidence"": 0.98, ""source_message_id"": 1}]",[]
ml_conv_0139,My situation is that I am the only person matching these details: I am 41; I have a government identification number; I have chronic kidney disease; I identify as man; I live in Karnataka. The appointment was recorded in the local clinic register.,1.0,0.868,0.96,0.8,0.2,1.0,7.675556,HIGH,"[{""type"": ""AGE"", ""value"": ""41"", ""specificity"": 0.8, ""confidence"": 0.92, ""source_message_id"": 1}, {""type"": ""GOVERNMENT_ID"", ""value"": ""a government identification number"", ""specificity"": 0.95, ""confidence"": 0.9, ""source_message_id"": 1}, {""type"": ""HEALTH"", ""value"": ""chronic kidney disease"", ""specificity"": 0.96, ""confidence"": 0.89, ""source_message_id"": 3}, {""type"": ""GENDER"", ""value"": ""man"", ""specificity"": 0.69, ""confidence"": 0.94, ""source_message_id"": 3}, {""type"": ""LOCATION"", ""value"": ""Karnataka"", ""specificity"": 0.94, ""confidence"": 0.98, ""source_message_id"": 2}]","[{""indicator"": ""sensitive_health_attribute"", ""attribute_type"": ""HEALTH""}, {""indicator"": ""uniqueness_word"", ""attribute_type"": ""AGE""}]"
ml_conv_0140,Yesterday I mentioned that I have financial difficulty.,0.2,0.06,0.06,0.0,0.2,0,0.833333,LOW,"[{""type"": ""FINANCIAL"", ""value"": ""financial difficulty"", ""specificity"": 0.06, ""confidence"": 0.94, ""source_message_id"": 1}]",[]
ml_conv_0141,"For context, I visited health centre; I live in Karnataka; I have a ration card; I identify as nonbinary adult; my family includes single parent; I have medical debt; the relevant date is 2 January 2025; my contact is a mobile number. The appointment was recorded in the local clinic register.",1.0,0.80875,0.96,0.75,0.4,0,5.748611,MEDIUM,"[{""type"": ""FACILITY"", ""value"": ""health centre"", ""specificity"": 0.84, ""confidence"": 0.94, ""source_message_id"": 1}, {""type"": ""LOCATION"", ""value"": ""Karnataka"", ""specificity"": 0.74, ""confidence"": 0.89, ""source_message_id"": 1}, {""type"": ""GOVERNMENT_ID"", ""value"": ""a ration card"", ""specificity"": 0.96, ""confidence"": 0.97, ""source_message_id"": 1}, {""type"": ""GENDER"", ""value"": ""nonbinary adult"", ""specificity"": 0.87, ""confidence"": 0.91, ""source_message_id"": 4}, {""type"": ""FAMILY"", ""value"": ""single parent"", ""specificity"": 0.67, ""confidence"": 0.94, ""source_message_id"": 1}, {""type"": ""FINANCIAL"", ""value"": ""medical debt"", ""specificity"": 0.88, ""confidence"": 0.96, ""source_message_id"": 1}, {""type"": ""DATE"", ""value"": ""2 January 2025"", ""specificity"": 0.65, ""confidence"": 0.88, ""source_message_id"": 3}, {""type"": ""PHONE_NUMBER"", ""value"": ""a mobile number"", ""specificity"": 0.86, ""confidence"": 0.96, ""source_message_id"": 3}]",[]
ml_conv_0142,A few details about me: I identify as man; I visited PHC Y; I have medical debt; I live in Village Y.,0.8,0.565,0.76,0.25,0.2,0.6,4.977778,MEDIUM,"[{""type"": ""GENDER"", ""value"": ""man"", ""specificity"": 0.47, ""confidence"": 0.91, ""source_message_id"": 1}, {""type"": ""FACILITY"", ""value"": ""PHC Y"", ""specificity"": 0.58, ""confidence"": 0.93, ""source_message_id"": 2}, {""type"": ""FINANCIAL"", ""value"": ""medical debt"", ""specificity"": 0.76, ""confidence"": 0.89, ""source_message_id"": 2}, {""type"": ""LOCATION"", ""value"": ""Village Y"", ""specificity"": 0.45, ""confidence"": 0.92, ""source_message_id"": 3}]","[{""indicator"": ""village_level_location"", ""attribute_type"": ""LOCATION""}]"
ml_conv_0143,"For context, I live in Ward 14 in Jaipur; I visited PHC Y. After work I walked through the park and called a friend.",0.4,0.41000000000000003,0.5,0.0,0.0,0,1.733333,LOW,"[{""type"": ""LOCATION"", ""value"": ""Ward 14 in Jaipur"", ""specificity"": 0.32, ""confidence"": 0.98, ""source_message_id"": 1}, {""type"": ""FACILITY"", ""value"": ""PHC Y"", ""specificity"": 0.5, ""confidence"": 0.95, ""source_message_id"": 1}]",[]
ml_conv_0144,A few details about me: I am the only person matching these details: I have financial difficulty; I have a government identification number; I identify as woman.,0.6,0.7833333333333333,0.86,0.6666666666666666,0.2,1.0,6.748148,HIGH,"[{""type"": ""FINANCIAL"", ""value"": ""financial difficulty"", ""specificity"": 0.86, ""confidence"": 0.9, ""source_message_id"": 1}, {""type"": ""GOVERNMENT_ID"", ""value"": ""a government identification number"", ""specificity"": 0.8, ""confidence"": 0.97, ""source_message_id"": 2}, {""type"": ""GENDER"", ""value"": ""woman"", ""specificity"": 0.69, ""confidence"": 0.92, ""source_message_id"": 3}]","[{""indicator"": ""uniqueness_word"", ""attribute_type"": ""AGE""}]"
ml_conv_0145,Here are some details: the relevant date is this week; I have asthma.,0.4,0.45999999999999996,0.51,0.0,0.2,0,2.25,LOW,"[{""type"": ""DATE"", ""value"": ""this week"", ""specificity"": 0.51, ""confidence"": 0.95, ""source_message_id"": 1}, {""type"": ""HEALTH"", ""value"": ""asthma"", ""specificity"": 0.41, ""confidence"": 0.89, ""source_message_id"": 2}]",[]
ml_conv_0146,My situation is that the relevant date is this week; I have health problems.,0.4,0.755,0.84,0.5,0.2,0,3.961111,MEDIUM,"[{""type"": ""DATE"", ""value"": ""this week"", ""specificity"": 0.84, ""confidence"": 0.96, ""source_message_id"": 1}, {""type"": ""HEALTH"", ""value"": ""health problems"", ""specificity"": 0.67, ""confidence"": 0.96, ""source_message_id"": 2}]",[]
ml_conv_0147,A few details about me: I am the only person matching these details: I work as a software engineer; I have a government identification number; I have a rare blood disorder; the relevant date is this week; I visited district clinic.,1.0,0.8539999999999999,0.98,1.0,0.2,1.0,8.026667,HIGH,"[{""type"": ""OCCUPATION"", ""value"": ""software engineer"", ""specificity"": 0.85, ""confidence"": 0.99, ""source_message_id"": 1}, {""type"": ""GOVERNMENT_ID"", ""value"": ""a government identification number"", ""specificity"": 0.98, ""confidence"": 0.99, ""source_message_id"": 1}, {""type"": ""HEALTH"", ""value"": ""a rare blood disorder"", ""specificity"": 0.74, ""confidence"": 0.92, ""source_message_id"": 1}, {""type"": ""DATE"", ""value"": ""this week"", ""specificity"": 0.75, ""confidence"": 0.96, ""source_message_id"": 3}, {""type"": ""FACILITY"", ""value"": ""district clinic"", ""specificity"": 0.95, ""confidence"": 0.91, ""source_message_id"": 2}]","[{""indicator"": ""uniqueness_word"", ""attribute_type"": ""HEALTH""}]"
ml_conv_0148,A few details about me: I am the only person matching these details: my family includes elderly dependent; I have asthma; I work as a student.,0.6,0.8533333333333334,0.94,1.0,0.4,1.0,7.959259,HIGH,"[{""type"": ""FAMILY"", ""value"": ""elderly dependent"", ""specificity"": 0.73, ""confidence"": 0.94, ""source_message_id"": 1}, {""type"": ""HEALTH"", ""value"": ""asthma"", ""specificity"": 0.94, ""confidence"": 0.98, ""source_message_id"": 2}, {""type"": ""OCCUPATION"", ""value"": ""student"", ""specificity"": 0.89, ""confidence"": 0.91, ""source_message_id"": 1}]","[{""indicator"": ""sensitive_health_attribute"", ""attribute_type"": ""HEALTH""}, {""indicator"": ""uniqueness_word"", ""attribute_type"": ""HEALTH""}]"
ml_conv_0149,My situation is that I am the only person matching these details: I have diabetes; I live in Village Y; the relevant date is yesterday; my contact is a phone ending in 4421; I have a government identification number.,1.0,0.8240000000000001,0.95,1.0,0.2,1.0,7.943333,HIGH,"[{""type"": ""HEALTH"", ""value"": ""diabetes"", ""specificity"": 0.8, ""confidence"": 0.93, ""source_message_id"": 1}, {""type"": ""LOCATION"", ""value"": ""Village Y"", ""specificity"": 0.84, ""confidence"": 0.94, ""source_message_id"": 2}, {""type"": ""DATE"", ""value"": ""yesterday"", ""specificity"": 0.79, ""confidence"": 0.98, ""source_message_id"": 3}, {""type"": ""PHONE_NUMBER"", ""value"": ""a phone ending in 4421"", ""specificity"": 0.74, ""confidence"": 0.99, ""source_message_id"": 3}, {""type"": ""GOVERNMENT_ID"", ""value"": ""a government identification number"", ""specificity"": 0.95, ""confidence"": 0.93, ""source_message_id"": 4}]","[{""indicator"": ""sensitive_health_attribute"", ""attribute_type"": ""HEALTH""}, {""indicator"": ""village_level_location"", ""attribute_type"": ""LOCATION""}, {""indicator"": ""uniqueness_word"", ""attribute_type"": ""HEALTH""}]"
ml_conv_0150,Yesterday I mentioned that my family includes single parent; I visited City Hospital; my contact is a mobile number; I work as a student; the relevant date is 2 January 2025.,1.0,0.65,0.83,0.6,0.2,0,4.661111,MEDIUM,"[{""type"": ""FAMILY"", ""value"": ""single parent"", ""specificity"": 0.37, ""confidence"": 0.88, ""source_message_id"": 1}, {""type"": ""FACILITY"", ""value"": ""City Hospital"", ""specificity"": 0.75, ""confidence"": 0.91, ""source_message_id"": 2}, {""type"": ""PHONE_NUMBER"", ""value"": ""a mobile number"", ""specificity"": 0.83, ""confidence"": 0.96, ""source_message_id"": 1}, {""type"": ""OCCUPATION"", ""value"": ""student"", ""specificity"": 0.73, ""confidence"": 0.98, ""source_message_id"": 2}, {""type"": ""DATE"", ""value"": ""2 January 2025"", ""specificity"": 0.57, ""confidence"": 0.91, ""source_message_id"": 1}]",[]
ml_conv_0151,Here are some details: I live in Bengaluru; my family includes parent; I visited district clinic.,0.6,0.5233333333333333,0.7,0.3333333333333333,0.2,0,3.414815,MEDIUM,"[{""type"": ""LOCATION"", ""value"": ""Bengaluru"", ""specificity"": 0.41, ""confidence"": 0.95, ""source_message_id"": 1}, {""type"": ""FAMILY"", ""value"": ""parent"", ""specificity"": 0.46, ""confidence"": 0.91, ""source_message_id"": 2}, {""type"": ""FACILITY"", ""value"": ""district clinic"", ""specificity"": 0.7, ""confidence"": 0.97, ""source_message_id"": 2}]",[]
ml_conv_0152,My situation is that I visited City Hospital; I am 57; the relevant date is this week; I work as a teacher; I live in Village X.,1.0,0.526,0.79,0.2,0.0,0.6,4.678889,MEDIUM,"[{""type"": ""FACILITY"", ""value"": ""City Hospital"", ""specificity"": 0.5, ""confidence"": 0.99, ""source_message_id"": 1}, {""type"": ""AGE"", ""value"": ""57"", ""specificity"": 0.41, ""confidence"": 0.96, ""source_message_id"": 1}, {""type"": ""DATE"", ""value"": ""this week"", ""specificity"": 0.42, ""confidence"": 0.98, ""source_message_id"": 3}, {""type"": ""OCCUPATION"", ""value"": ""teacher"", ""specificity"": 0.79, ""confidence"": 0.89, ""source_message_id"": 4}, {""type"": ""LOCATION"", ""value"": ""Village X"", ""specificity"": 0.51, ""confidence"": 0.97, ""source_message_id"": 2}]","[{""indicator"": ""village_level_location"", ""attribute_type"": ""LOCATION""}]"
ml_conv_0153,My situation is that I am the only person matching these details: I am adult; I visited City Hospital; I have a government identification number; I have asthma; my family includes parent; I work as a software engineer.,1.0,0.805,0.99,1.0,0.4,1.0,8.433333,HIGH,"[{""type"": ""AGE"", ""value"": ""adult"", ""specificity"": 0.76, ""confidence"": 0.96, ""source_message_id"": 1}, {""type"": ""FACILITY"", ""value"": ""City Hospital"", ""specificity"": 0.9, ""confidence"": 0.95, ""source_message_id"": 1}, {""type"": ""GOVERNMENT_ID"", ""value"": ""a government identification number"", ""specificity"": 0.73, ""confidence"": 0.98, ""source_message_id"": 1}, {""type"": ""HEALTH"", ""value"": ""asthma"", ""specificity"": 0.73, ""confidence"": 0.91, ""source_message_id"": 1}, {""type"": ""FAMILY"", ""value"": ""parent"", ""specificity"": 0.72, ""confidence"": 0.99, ""source_message_id"": 1}, {""type"": ""OCCUPATION"", ""value"": ""software engineer"", ""specificity"": 0.99, ""confidence"": 0.93, ""source_message_id"": 1}]","[{""indicator"": ""uniqueness_word"", ""attribute_type"": ""AGE""}]"
ml_conv_0154,A few details about me: I identify as nonbinary adult; I work as a software engineer; I am 41; my family includes elderly dependent.,0.8,0.8375,0.97,0.75,0.2,0,5.130556,MEDIUM,"[{""type"": ""GENDER"", ""value"": ""nonbinary adult"", ""specificity"": 0.97, ""confidence"": 0.94, ""source_message_id"": 1}, {""type"": ""OCCUPATION"", ""value"": ""software engineer"", ""specificity"": 0.66, ""confidence"": 0.95, ""source_message_id"": 1}, {""type"": ""AGE"", ""value"": ""41"", ""specificity"": 0.76, ""confidence"": 0.97, ""source_message_id"": 2}, {""type"": ""FAMILY"", ""value"": ""elderly dependent"", ""specificity"": 0.96, ""confidence"": 0.94, ""source_message_id"": 4}]",[]
ml_conv_0155,Yesterday I mentioned that my family includes elderly dependent; my contact is a phone ending in 4421. After work I walked through the park and called a friend.,0.4,0.275,0.36,0.0,0.2,0,1.794444,LOW,"[{""type"": ""FAMILY"", ""value"": ""elderly dependent"", ""specificity"": 0.19, ""confidence"": 0.9, ""source_message_id"": 1}, {""type"": ""PHONE_NUMBER"", ""value"": ""a phone ending in 4421"", ""specificity"": 0.36, ""confidence"": 0.94, ""source_message_id"": 1}]",[]
ml_conv_0156,"For context, I live in Bengaluru.",0.2,0.59,0.59,0.0,0.0,0,1.861111,LOW,"[{""type"": ""LOCATION"", ""value"": ""Bengaluru"", ""specificity"": 0.59, ""confidence"": 0.91, ""source_message_id"": 1}]",[]
ml_conv_0157,Here are some details: I work as a student; my contact is a mobile number; I live in Mysuru.,0.6,0.8166666666666668,0.86,1.0,0.0,0,4.674074,MEDIUM,"[{""type"": ""OCCUPATION"", ""value"": ""student"", ""specificity"": 0.81, ""confidence"": 0.98, ""source_message_id"": 1}, {""type"": ""PHONE_NUMBER"", ""value"": ""a mobile number"", ""specificity"": 0.78, ""confidence"": 0.9, ""source_message_id"": 2}, {""type"": ""LOCATION"", ""value"": ""Mysuru"", ""specificity"": 0.86, ""confidence"": 0.98, ""source_message_id"": 1}]",[]
ml_conv_0158,My situation is that I am the only person matching these details: my family includes single parent; I identify as nonbinary adult; I live in Karnataka; I am young adult; I visited City Hospital; I have a government identification number; the relevant date is 14 March 2026.,1.0,0.87,0.97,0.8571428571428571,0.2,1.0,7.789683,HIGH,"[{""type"": ""FAMILY"", ""value"": ""single parent"", ""specificity"": 0.91, ""confidence"": 0.92, ""source_message_id"": 1}, {""type"": ""GENDER"", ""value"": ""nonbinary adult"", ""specificity"": 0.78, ""confidence"": 0.94, ""source_message_id"": 2}, {""type"": ""LOCATION"", ""value"": ""Karnataka"", ""specificity"": 0.66, ""confidence"": 0.99, ""source_message_id"": 1}, {""type"": ""AGE"", ""value"": ""young adult"", ""specificity"": 0.97, ""confidence"": 0.95, ""source_message_id"": 1}, {""type"": ""FACILITY"", ""value"": ""City Hospital"", ""specificity"": 0.89, ""confidence"": 0.94, ""source_message_id"": 2}, {""type"": ""GOVERNMENT_ID"", ""value"": ""a government identification number"", ""specificity"": 0.96, ""confidence"": 0.9, ""source_message_id"": 3}, {""type"": ""DATE"", ""value"": ""14 March 2026"", ""specificity"": 0.92, ""confidence"": 0.93, ""source_message_id"": 4}]","[{""indicator"": ""exact_age"", ""attribute_type"": ""AGE""}, {""indicator"": ""exact_date"", ""attribute_type"": ""DATE""}, {""indicator"": ""uniqueness_word"", ""attribute_type"": ""LOCATION""}]"
ml_conv_0159,Yesterday I mentioned that I work as a student; my family includes two children; I have a government identification number; I identify as nonbinary adult; my contact is a mobile number.,1.0,0.642,0.71,0.4,0.2,0,4.118889,MEDIUM,"[{""type"": ""OCCUPATION"", ""value"": ""student"", ""specificity"": 0.56, ""confidence"": 0.88, ""source_message_id"": 1}, {""type"": ""FAMILY"", ""value"": ""two children"", ""specificity"": 0.63, ""confidence"": 0.92, ""source_message_id"": 2}, {""type"": ""GOVERNMENT_ID"", ""value"": ""a government identification number"", ""specificity"": 0.71, ""confidence"": 0.9, ""source_message_id"": 3}, {""type"": ""GENDER"", ""value"": ""nonbinary adult"", ""specificity"": 0.61, ""confidence"": 0.96, ""source_message_id"": 4}, {""type"": ""PHONE_NUMBER"", ""value"": ""a mobile number"", ""specificity"": 0.7, ""confidence"": 0.89, ""source_message_id"": 1}]",[]
ml_conv_0160,My situation is that I am 29; I work as a software engineer; I have medical debt; I visited district clinic.,0.8,0.5,0.59,0.0,0.2,0,2.872222,LOW,"[{""type"": ""AGE"", ""value"": ""29"", ""specificity"": 0.37, ""confidence"": 0.89, ""source_message_id"": 1}, {""type"": ""OCCUPATION"", ""value"": ""software engineer"", ""specificity"": 0.55, ""confidence"": 0.97, ""source_message_id"": 2}, {""type"": ""FINANCIAL"", ""value"": ""medical debt"", ""specificity"": 0.49, ""confidence"": 0.88, ""source_message_id"": 3}, {""type"": ""FACILITY"", ""value"": ""district clinic"", ""specificity"": 0.59, ""confidence"": 0.92, ""source_message_id"": 2}]",[]
ml_conv_0161,Yesterday I mentioned that I am the only person matching these details: I am 57; I work as a farm worker; I have a small loan; I identify as woman.,0.8,0.7949999999999999,0.94,0.5,0.2,1.0,6.838889,HIGH,"[{""type"": ""AGE"", ""value"": ""57"", ""specificity"": 0.69, ""confidence"": 0.89, ""source_message_id"": 1}, {""type"": ""OCCUPATION"", ""value"": ""farm worker"", ""specificity"": 0.89, ""confidence"": 0.96, ""source_message_id"": 2}, {""type"": ""FINANCIAL"", ""value"": ""a small loan"", ""specificity"": 0.94, ""confidence"": 0.9, ""source_message_id"": 2}, {""type"": ""GENDER"", ""value"": ""woman"", ""specificity"": 0.66, ""confidence"": 0.96, ""source_message_id"": 2}]","[{""indicator"": ""uniqueness_word"", ""attribute_type"": ""AGE""}]"
ml_conv_0162,Yesterday I mentioned that I live in Village Y; my family includes elderly dependent. After work I walked through the park and called a friend.,0.4,0.44999999999999996,0.57,0.0,0.2,0.6,3.672222,MEDIUM,"[{""type"": ""LOCATION"", ""value"": ""Village Y"", ""specificity"": 0.57, ""confidence"": 0.91, ""source_message_id"": 1}, {""type"": ""FAMILY"", ""value"": ""elderly dependent"", ""specificity"": 0.33, ""confidence"": 0.93, ""source_message_id"": 2}]","[{""indicator"": ""village_level_location"", ""attribute_type"": ""LOCATION""}]"
ml_conv_0163,A few details about me: my family includes parent; my contact is a mobile number; I visited City Hospital; I live in Village Y; the relevant date is 2 January 2025.,1.0,0.438,0.53,0.0,0.2,0.6,4.258889,MEDIUM,"[{""type"": ""FAMILY"", ""value"": ""parent"", ""specificity"": 0.41, ""confidence"": 0.98, ""source_message_id"": 1}, {""type"": ""PHONE_NUMBER"", ""value"": ""a mobile number"", ""specificity"": 0.37, ""confidence"": 0.94, ""source_message_id"": 1}, {""type"": ""FACILITY"", ""value"": ""City Hospital"", ""specificity"": 0.53, ""confidence"": 0.94, ""source_message_id"": 3}, {""type"": ""LOCATION"", ""value"": ""Village Y"", ""specificity"": 0.38, ""confidence"": 0.9, ""source_message_id"": 2}, {""type"": ""DATE"", ""value"": ""2 January 2025"", ""specificity"": 0.5, ""confidence"": 0.98, ""source_message_id"": 4}]","[{""indicator"": ""village_level_location"", ""attribute_type"": ""LOCATION""}]"
ml_conv_0164,"For context, I live in India. The bus was late, so I listened to music while waiting.",0.2,0.3,0.3,0.0,0.0,0,1.055556,LOW,"[{""type"": ""LOCATION"", ""value"": ""India"", ""specificity"": 0.3, ""confidence"": 0.9, ""source_message_id"": 1}]",[]
ml_conv_0165,A few details about me: I am 41; I live in India; I have a ration card; the relevant date is 14 March 2026.,0.8,0.6575,0.81,0.75,0.0,0,4.219444,MEDIUM,"[{""type"": ""AGE"", ""value"": ""41"", ""specificity"": 0.71, ""confidence"": 0.95, ""source_message_id"": 1}, {""type"": ""LOCATION"", ""value"": ""India"", ""specificity"": 0.81, ""confidence"": 0.98, ""source_message_id"": 2}, {""type"": ""GOVERNMENT_ID"", ""value"": ""a ration card"", ""specificity"": 0.4, ""confidence"": 0.95, ""source_message_id"": 1}, {""type"": ""DATE"", ""value"": ""14 March 2026"", ""specificity"": 0.71, ""confidence"": 0.88, ""source_message_id"": 2}]",[]
ml_conv_0166,Here are some details: I identify as nonbinary adult.,0.2,0.43,0.43,0.0,0.0,0,1.416667,LOW,"[{""type"": ""GENDER"", ""value"": ""nonbinary adult"", ""specificity"": 0.43, ""confidence"": 0.92, ""source_message_id"": 1}]",[]
ml_conv_0167,A few details about me: I have medical debt; I have asthma; the relevant date is 14 March 2026; my contact is a phone ending in 4421; I work as a shopkeeper.,1.0,0.5700000000000001,0.76,0.4,0.4,0,4.566667,MEDIUM,"[{""type"": ""FINANCIAL"", ""value"": ""medical debt"", ""specificity"": 0.4, ""confidence"": 0.91, ""source_message_id"": 1}, {""type"": ""HEALTH"", ""value"": ""asthma"", ""specificity"": 0.72, ""confidence"": 0.97, ""source_message_id"": 1}, {""type"": ""DATE"", ""value"": ""14 March 2026"", ""specificity"": 0.56, ""confidence"": 0.89, ""source_message_id"": 3}, {""type"": ""PHONE_NUMBER"", ""value"": ""a phone ending in 4421"", ""specificity"": 0.41, ""confidence"": 0.94, ""source_message_id"": 2}, {""type"": ""OCCUPATION"", ""value"": ""shopkeeper"", ""specificity"": 0.76, ""confidence"": 0.93, ""source_message_id"": 1}]",[]
ml_conv_0168,Here are some details: I work as a software engineer.,0.2,0.18,0.18,0.0,0.0,0,0.722222,LOW,"[{""type"": ""OCCUPATION"", ""value"": ""software engineer"", ""specificity"": 0.18, ""confidence"": 0.89, ""source_message_id"": 1}]",[]
ml_conv_0169,A few details about me: I have a ration card; I work as a teacher.,0.4,0.5,0.62,0.0,0.0,0,2.033333,LOW,"[{""type"": ""GOVERNMENT_ID"", ""value"": ""a ration card"", ""specificity"": 0.62, ""confidence"": 0.91, ""source_message_id"": 1}, {""type"": ""OCCUPATION"", ""value"": ""teacher"", ""specificity"": 0.38, ""confidence"": 0.9, ""source_message_id"": 1}]",[]
ml_conv_0170,Yesterday I mentioned that my family includes parent; I have a government identification number; the relevant date is 14 March 2026.,0.6,0.6666666666666666,0.76,0.3333333333333333,0.2,0,3.674074,MEDIUM,"[{""type"": ""FAMILY"", ""value"": ""parent"", ""specificity"": 0.69, ""confidence"": 0.94, ""source_message_id"": 1}, {""type"": ""GOVERNMENT_ID"", ""value"": ""a government identification number"", ""specificity"": 0.55, ""confidence"": 0.89, ""source_message_id"": 2}, {""type"": ""DATE"", ""value"": ""14 March 2026"", ""specificity"": 0.76, ""confidence"": 0.94, ""source_message_id"": 3}]",[]
ml_conv_0171,Yesterday I mentioned that I live in small village near Pune.,0.2,0.5,0.5,0.0,0.0,0.6,2.944444,LOW,"[{""type"": ""LOCATION"", ""value"": ""small village near Pune"", ""specificity"": 0.5, ""confidence"": 0.97, ""source_message_id"": 1}]","[{""indicator"": ""village_level_location"", ""attribute_type"": ""LOCATION""}]"
ml_conv_0172,Here are some details: my contact is a phone ending in 4421; I live in India.,0.4,0.285,0.36,0.0,0.0,0,1.361111,LOW,"[{""type"": ""PHONE_NUMBER"", ""value"": ""a phone ending in 4421"", ""specificity"": 0.21, ""confidence"": 0.93, ""source_message_id"": 1}, {""type"": ""LOCATION"", ""value"": ""India"", ""specificity"": 0.36, ""confidence"": 0.88, ""source_message_id"": 1}]",[]
ml_conv_0173,Yesterday I mentioned that I am the only person matching these details: my family includes parent; I live in Mysuru; the relevant date is 14 March 2026; I have a ration card; I work as a shopkeeper. Only a few people in the area know these details about me.,1.0,0.8300000000000001,0.95,1.0,0.2,1.0,7.95,HIGH,"[{""type"": ""FAMILY"", ""value"": ""parent"", ""specificity"": 0.8, ""confidence"": 0.96, ""source_message_id"": 1}, {""type"": ""LOCATION"", ""value"": ""Mysuru"", ""specificity"": 0.71, ""confidence"": 0.98, ""source_message_id"": 2}, {""type"": ""DATE"", ""value"": ""14 March 2026"", ""specificity"": 0.9, ""confidence"": 0.88, ""source_message_id"": 3}, {""type"": ""GOVERNMENT_ID"", ""value"": ""a ration card"", ""specificity"": 0.79, ""confidence"": 0.9, ""source_message_id"": 2}, {""type"": ""OCCUPATION"", ""value"": ""shopkeeper"", ""specificity"": 0.95, ""confidence"": 0.96, ""source_message_id"": 3}]","[{""indicator"": ""exact_date"", ""attribute_type"": ""DATE""}, {""indicator"": ""uniqueness_word"", ""attribute_type"": ""LOCATION""}]"
ml_conv_0174,My situation is that I live in small village near Pune.,0.2,0.12,0.12,0.0,0.0,0.6,1.888889,LOW,"[{""type"": ""LOCATION"", ""value"": ""small village near Pune"", ""specificity"": 0.12, ""confidence"": 0.92, ""source_message_id"": 1}]","[{""indicator"": ""village_level_location"", ""attribute_type"": ""LOCATION""}]"
ml_conv_0175,"For context, the relevant date is this week.",0.2,0.27,0.27,0.0,0.0,0,0.972222,LOW,"[{""type"": ""DATE"", ""value"": ""this week"", ""specificity"": 0.27, ""confidence"": 0.9, ""source_message_id"": 1}]",[]
ml_conv_0176,"For context, I am the only person matching these details: my family includes elderly dependent; I work as a teacher; I am 29; I have a government identification number. I had already discussed the matter with the district office.",0.8,0.8325,0.93,1.0,0.2,1.0,7.697222,HIGH,"[{""type"": ""FAMILY"", ""value"": ""elderly dependent"", ""specificity"": 0.7, ""confidence"": 0.96, ""source_message_id"": 1}, {""type"": ""OCCUPATION"", ""value"": ""teacher"", ""specificity"": 0.79, ""confidence"": 0.92, ""source_message_id"": 2}, {""type"": ""AGE"", ""value"": ""29"", ""specificity"": 0.91, ""confidence"": 0.97, ""source_message_id"": 3}, {""type"": ""GOVERNMENT_ID"", ""value"": ""a government identification number"", ""specificity"": 0.93, ""confidence"": 0.88, ""source_message_id"": 3}]","[{""indicator"": ""exact_age"", ""attribute_type"": ""AGE""}, {""indicator"": ""uniqueness_word"", ""attribute_type"": ""AGE""}]"
ml_conv_0177,Hi,0.0,0.0,0.0,0.0,0.0,0,0.0,LOW,[],[]
ml_conv_0178,Yesterday I mentioned that I am young adult; I have asthma; I work as a shopkeeper; I have ₹50 lakh debt; the relevant date is 14 March 2026.,1.0,0.538,0.81,0.2,0.4,0,4.281111,MEDIUM,"[{""type"": ""AGE"", ""value"": ""young adult"", ""specificity"": 0.81, ""confidence"": 0.97, ""source_message_id"": 1}, {""type"": ""HEALTH"", ""value"": ""asthma"", ""specificity"": 0.63, ""confidence"": 0.96, ""source_message_id"": 2}, {""type"": ""OCCUPATION"", ""value"": ""shopkeeper"", ""specificity"": 0.48, ""confidence"": 0.89, ""source_message_id"": 3}, {""type"": ""FINANCIAL"", ""value"": ""₹50 lakh debt"", ""specificity"": 0.38, ""confidence"": 0.97, ""source_message_id"": 3}, {""type"": ""DATE"", ""value"": ""14 March 2026"", ""specificity"": 0.39, ""confidence"": 0.94, ""source_message_id"": 3}]",[]
ml_conv_0179,"For context, I am the only person matching these details: I identify as woman; my contact is a phone ending in 4421.",0.4,0.77,0.82,1.0,0.0,1.0,6.555556,MEDIUM,"[{""type"": ""GENDER"", ""value"": ""woman"", ""specificity"": 0.72, ""confidence"": 0.98, ""source_message_id"": 1}, {""type"": ""PHONE_NUMBER"", ""value"": ""a phone ending in 4421"", ""specificity"": 0.82, ""confidence"": 0.99, ""source_message_id"": 1}]","[{""indicator"": ""uniqueness_word"", ""attribute_type"": ""AGE""}]"
ml_conv_0180,"For context, my contact is a phone ending in 4421.",0.2,0.45,0.45,0.0,0.0,0,1.472222,LOW,"[{""type"": ""PHONE_NUMBER"", ""value"": ""a phone ending in 4421"", ""specificity"": 0.45, ""confidence"": 0.98, ""source_message_id"": 1}]",[]
ml_conv_0181,My situation is that my contact is a phone ending in 4421.,0.2,0.23,0.23,0.0,0.0,0,0.861111,LOW,"[{""type"": ""PHONE_NUMBER"", ""value"": ""a phone ending in 4421"", ""specificity"": 0.23, ""confidence"": 0.9, ""source_message_id"": 1}]",[]
ml_conv_0182,"For context, my contact is a mobile number; I visited health centre. The appointment was recorded in the local clinic register.",0.4,0.7849999999999999,0.88,0.5,0.0,0,3.616667,MEDIUM,"[{""type"": ""PHONE_NUMBER"", ""value"": ""a mobile number"", ""specificity"": 0.88, ""confidence"": 0.94, ""source_message_id"": 1}, {""type"": ""FACILITY"", ""value"": ""health centre"", ""specificity"": 0.69, ""confidence"": 0.88, ""source_message_id"": 1}]",[]
ml_conv_0183,My situation is that I live in Village X; the relevant date is this week; I visited health centre.,0.6,0.51,0.65,0.0,0.0,0.6,3.65,MEDIUM,"[{""type"": ""LOCATION"", ""value"": ""Village X"", ""specificity"": 0.65, ""confidence"": 0.95, ""source_message_id"": 1}, {""type"": ""DATE"", ""value"": ""this week"", ""specificity"": 0.35, ""confidence"": 0.98, ""source_message_id"": 2}, {""type"": ""FACILITY"", ""value"": ""health centre"", ""specificity"": 0.53, ""confidence"": 0.88, ""source_message_id"": 3}]","[{""indicator"": ""village_level_location"", ""attribute_type"": ""LOCATION""}]"
ml_conv_0184,Here are some details: my contact is a phone ending in 4421; the relevant date is 14 March 2026; I have rare neurological disorder; I identify as woman; I have a government identification number.,1.0,0.46399999999999997,0.62,0.0,0.2,0,3.104444,LOW,"[{""type"": ""PHONE_NUMBER"", ""value"": ""a phone ending in 4421"", ""specificity"": 0.35, ""confidence"": 0.9, ""source_message_id"": 1}, {""type"": ""DATE"", ""value"": ""14 March 2026"", ""specificity"": 0.39, ""confidence"": 0.95, ""source_message_id"": 1}, {""type"": ""HEALTH"", ""value"": ""rare neurological disorder"", ""specificity"": 0.43, ""confidence"": 0.89, ""source_message_id"": 1}, {""type"": ""GENDER"", ""value"": ""woman"", ""specificity"": 0.53, ""confidence"": 0.97, ""source_message_id"": 4}, {""type"": ""GOVERNMENT_ID"", ""value"": ""a government identification number"", ""specificity"": 0.62, ""confidence"": 0.9, ""source_message_id"": 4}]",[]
ml_conv_0185,A few details about me: I have health problems; I have ₹50 lakh debt. After work I walked through the park and called a friend.,0.4,0.28,0.31,0.0,0.4,0,2.161111,LOW,"[{""type"": ""HEALTH"", ""value"": ""health problems"", ""specificity"": 0.31, ""confidence"": 0.96, ""source_message_id"": 1}, {""type"": ""FINANCIAL"", ""value"": ""₹50 lakh debt"", ""specificity"": 0.25, ""confidence"": 0.9, ""source_message_id"": 1}]",[]
ml_conv_0186,Here are some details: I am the only person matching these details: the relevant date is 2 January 2025; my contact is a mobile number; I have a government identification number. The appointment was recorded in the local clinic register.,0.6,0.7200000000000001,0.82,0.3333333333333333,0.0,1.0,5.611111,MEDIUM,"[{""type"": ""DATE"", ""value"": ""2 January 2025"", ""specificity"": 0.82, ""confidence"": 0.89, ""source_message_id"": 1}, {""type"": ""PHONE_NUMBER"", ""value"": ""a mobile number"", ""specificity"": 0.68, ""confidence"": 0.98, ""source_message_id"": 2}, {""type"": ""GOVERNMENT_ID"", ""value"": ""a government identification number"", ""specificity"": 0.66, ""confidence"": 0.96, ""source_message_id"": 2}]","[{""indicator"": ""uniqueness_word"", ""attribute_type"": ""AGE""}]"
ml_conv_0187,"Here are some details: I am adult. The bus was late, so I listened to music while waiting.",0.2,0.55,0.55,0.0,0.0,0,1.75,LOW,"[{""type"": ""AGE"", ""value"": ""adult"", ""specificity"": 0.55, ""confidence"": 0.91, ""source_message_id"": 1}]",[]
ml_conv_0188,My situation is that I am the only person matching these details: the relevant date is yesterday; I live in Karnataka; I have health problems; I visited health centre; I am young adult; I identify as nonbinary adult; I have a government identification number. I had already discussed the matter with the district office.,1.0,0.8028571428571428,0.95,0.8571428571428571,0.2,1.0,7.681746,HIGH,"[{""type"": ""DATE"", ""value"": ""yesterday"", ""specificity"": 0.75, ""confidence"": 0.9, ""source_message_id"": 1}, {""type"": ""LOCATION"", ""value"": ""Karnataka"", ""specificity"": 0.79, ""confidence"": 0.9, ""source_message_id"": 2}, {""type"": ""HEALTH"", ""value"": ""health problems"", ""specificity"": 0.73, ""confidence"": 0.97, ""source_message_id"": 3}, {""type"": ""FACILITY"", ""value"": ""health centre"", ""specificity"": 0.82, ""confidence"": 0.93, ""source_message_id"": 4}, {""type"": ""AGE"", ""value"": ""young adult"", ""specificity"": 0.89, ""confidence"": 0.91, ""source_message_id"": 2}, {""type"": ""GENDER"", ""value"": ""nonbinary adult"", ""specificity"": 0.95, ""confidence"": 0.91, ""source_message_id"": 4}, {""type"": ""GOVERNMENT_ID"", ""value"": ""a government identification number"", ""specificity"": 0.69, ""confidence"": 0.92, ""source_message_id"": 1}]","[{""indicator"": ""exact_age"", ""attribute_type"": ""AGE""}, {""indicator"": ""uniqueness_word"", ""attribute_type"": ""LOCATION""}]"
ml_conv_0189,"Yesterday I mentioned that the relevant date is 14 March 2026. It was a quiet day with errands, tea, and a little television.",0.2,0.13,0.13,0.0,0.0,0,0.583333,LOW,"[{""type"": ""DATE"", ""value"": ""14 March 2026"", ""specificity"": 0.13, ""confidence"": 0.91, ""source_message_id"": 1}]",[]
ml_conv_0190,"For context, I am the only person matching these details: I visited health centre; I am adult; I have health problems; I work as a student; the relevant date is 14 March 2026.",1.0,0.776,0.96,0.6,0.2,1.0,7.24,HIGH,"[{""type"": ""FACILITY"", ""value"": ""health centre"", ""specificity"": 0.72, ""confidence"": 0.99, ""source_message_id"": 1}, {""type"": ""AGE"", ""value"": ""adult"", ""specificity"": 0.69, ""confidence"": 0.93, ""source_message_id"": 2}, {""type"": ""HEALTH"", ""value"": ""health problems"", ""specificity"": 0.84, ""confidence"": 0.89, ""source_message_id"": 2}, {""type"": ""OCCUPATION"", ""value"": ""student"", ""specificity"": 0.96, ""confidence"": 0.92, ""source_message_id"": 3}, {""type"": ""DATE"", ""value"": ""14 March 2026"", ""specificity"": 0.67, ""confidence"": 0.95, ""source_message_id"": 4}]","[{""indicator"": ""sensitive_health_attribute"", ""attribute_type"": ""HEALTH""}, {""indicator"": ""uniqueness_word"", ""attribute_type"": ""AGE""}]"
ml_conv_0191,Yesterday I mentioned that I visited district clinic. After work I walked through the park and called a friend.,0.2,0.52,0.52,0.0,0.0,0,1.666667,LOW,"[{""type"": ""FACILITY"", ""value"": ""district clinic"", ""specificity"": 0.52, ""confidence"": 0.97, ""source_message_id"": 1}]",[]
ml_conv_0192,"For context, I live in India; the relevant date is this week; I visited City Hospital; I am young adult.",0.8,0.72,0.84,0.5,0.0,0,3.922222,MEDIUM,"[{""type"": ""LOCATION"", ""value"": ""India"", ""specificity"": 0.66, ""confidence"": 0.99, ""source_message_id"": 1}, {""type"": ""DATE"", ""value"": ""this week"", ""specificity"": 0.84, ""confidence"": 0.98, ""source_message_id"": 2}, {""type"": ""FACILITY"", ""value"": ""City Hospital"", ""specificity"": 0.78, ""confidence"": 0.91, ""source_message_id"": 3}, {""type"": ""AGE"", ""value"": ""young adult"", ""specificity"": 0.6, ""confidence"": 0.91, ""source_message_id"": 2}]",[]
ml_conv_0193,Here are some details: I am the only person matching these details: I identify as woman; I work as a farm worker; my family includes single parent; the relevant date is this week; I am 29. Only a few people in the area know these details about me.,1.0,0.786,0.91,0.6,0.2,1.0,7.167778,HIGH,"[{""type"": ""GENDER"", ""value"": ""woman"", ""specificity"": 0.86, ""confidence"": 0.91, ""source_message_id"": 1}, {""type"": ""OCCUPATION"", ""value"": ""farm worker"", ""specificity"": 0.84, ""confidence"": 0.91, ""source_message_id"": 2}, {""type"": ""FAMILY"", ""value"": ""single parent"", ""specificity"": 0.66, ""confidence"": 0.94, ""source_message_id"": 3}, {""type"": ""DATE"", ""value"": ""this week"", ""specificity"": 0.66, ""confidence"": 0.91, ""source_message_id"": 3}, {""type"": ""AGE"", ""value"": ""29"", ""specificity"": 0.91, ""confidence"": 0.98, ""source_message_id"": 3}]","[{""indicator"": ""exact_age"", ""attribute_type"": ""AGE""}, {""indicator"": ""uniqueness_word"", ""attribute_type"": ""AGE""}]"
ml_conv_0194,A few details about me: the relevant date is 2 January 2025; I work as a teacher; I have rare neurological disorder; I am 34.,0.8,0.59,0.78,0.25,0.2,0,3.705556,MEDIUM,"[{""type"": ""DATE"", ""value"": ""2 January 2025"", ""specificity"": 0.78, ""confidence"": 0.91, ""source_message_id"": 1}, {""type"": ""OCCUPATION"", ""value"": ""teacher"", ""specificity"": 0.49, ""confidence"": 0.89, ""source_message_id"": 2}, {""type"": ""HEALTH"", ""value"": ""rare neurological disorder"", ""specificity"": 0.66, ""confidence"": 0.95, ""source_message_id"": 2}, {""type"": ""AGE"", ""value"": ""34"", ""specificity"": 0.43, ""confidence"": 0.89, ""source_message_id"": 3}]",[]
ml_conv_0195,A few details about me: I am the only person matching these details: I identify as woman; I work as a farm worker; I have a government identification number; the relevant date is yesterday; I have a rare blood disorder.,1.0,0.8699999999999999,0.99,1.0,0.2,1.0,8.061111,HIGH,"[{""type"": ""GENDER"", ""value"": ""woman"", ""specificity"": 0.85, ""confidence"": 0.97, ""source_message_id"": 1}, {""type"": ""OCCUPATION"", ""value"": ""farm worker"", ""specificity"": 0.99, ""confidence"": 0.97, ""source_message_id"": 1}, {""type"": ""GOVERNMENT_ID"", ""value"": ""a government identification number"", ""specificity"": 0.85, ""confidence"": 0.95, ""source_message_id"": 3}, {""type"": ""DATE"", ""value"": ""yesterday"", ""specificity"": 0.88, ""confidence"": 0.89, ""source_message_id"": 1}, {""type"": ""HEALTH"", ""value"": ""a rare blood disorder"", ""specificity"": 0.78, ""confidence"": 0.91, ""source_message_id"": 3}]","[{""indicator"": ""exact_date"", ""attribute_type"": ""DATE""}, {""indicator"": ""sensitive_health_attribute"", ""attribute_type"": ""HEALTH""}, {""indicator"": ""uniqueness_word"", ""attribute_type"": ""HEALTH""}]"
ml_conv_0196,A few details about me: I am 34; I live in Bengaluru; my contact is a phone ending in 4421; I identify as man.,0.8,0.59,0.75,0.5,0.0,0,3.627778,MEDIUM,"[{""type"": ""AGE"", ""value"": ""34"", ""specificity"": 0.54, ""confidence"": 0.95, ""source_message_id"": 1}, {""type"": ""LOCATION"", ""value"": ""Bengaluru"", ""specificity"": 0.7, ""confidence"": 0.89, ""source_message_id"": 1}, {""type"": ""PHONE_NUMBER"", ""value"": ""a phone ending in 4421"", ""specificity"": 0.75, ""confidence"": 0.99, ""source_message_id"": 3}, {""type"": ""GENDER"", ""value"": ""man"", ""specificity"": 0.37, ""confidence"": 0.9, ""source_message_id"": 1}]",[]
ml_conv_0197,My situation is that I am the only person matching these details: my family includes two children; my contact is a mobile number; I have a ration card; I visited district clinic; I have health problems.,1.0,0.8099999999999999,0.93,1.0,0.4,1.0,8.338889,HIGH,"[{""type"": ""FAMILY"", ""value"": ""two children"", ""specificity"": 0.88, ""confidence"": 0.98, ""source_message_id"": 1}, {""type"": ""PHONE_NUMBER"", ""value"": ""a mobile number"", ""specificity"": 0.77, ""confidence"": 0.96, ""source_message_id"": 2}, {""type"": ""GOVERNMENT_ID"", ""value"": ""a ration card"", ""specificity"": 0.76, ""confidence"": 0.96, ""source_message_id"": 3}, {""type"": ""FACILITY"", ""value"": ""district clinic"", ""specificity"": 0.93, ""confidence"": 0.92, ""source_message_id"": 3}, {""type"": ""HEALTH"", ""value"": ""health problems"", ""specificity"": 0.71, ""confidence"": 0.95, ""source_message_id"": 3}]","[{""indicator"": ""uniqueness_word"", ""attribute_type"": ""HEALTH""}]"
ml_conv_0198,"My situation is that I am 41; I have a rare blood disorder. It was a quiet day with errands, tea, and a little television.",0.4,0.46,0.53,0.0,0.2,0,2.283333,LOW,"[{""type"": ""AGE"", ""value"": ""41"", ""specificity"": 0.39, ""confidence"": 0.89, ""source_message_id"": 1}, {""type"": ""HEALTH"", ""value"": ""a rare blood disorder"", ""specificity"": 0.53, ""confidence"": 0.94, ""source_message_id"": 1}]",[]
ml_conv_0199,A few details about me: I am the only person matching these details: my family includes parent; my contact is a mobile number; I live in Bengaluru. I had already discussed the matter with the district office.,0.6,0.7866666666666666,0.83,1.0,0.2,1.0,7.257407,HIGH,"[{""type"": ""FAMILY"", ""value"": ""parent"", ""specificity"": 0.83, ""confidence"": 0.9, ""source_message_id"": 1}, {""type"": ""PHONE_NUMBER"", ""value"": ""a mobile number"", ""specificity"": 0.83, ""confidence"": 0.99, ""source_message_id"": 2}, {""type"": ""LOCATION"", ""value"": ""Bengaluru"", ""specificity"": 0.7, ""confidence"": 0.93, ""source_message_id"": 1}]","[{""indicator"": ""uniqueness_word"", ""attribute_type"": ""LOCATION""}]"
ml_conv_0200,Yesterday I mentioned that I work as a software engineer; I have a rare blood disorder; I have financial difficulty.,0.6,0.61,0.85,0.3333333333333333,0.4,0,4.205556,MEDIUM,"[{""type"": ""OCCUPATION"", ""value"": ""software engineer"", ""specificity"": 0.4, ""confidence"": 0.94, ""source_message_id"": 1}, {""type"": ""HEALTH"", ""value"": ""a rare blood disorder"", ""specificity"": 0.58, ""confidence"": 0.9, ""source_message_id"": 2}, {""type"": ""FINANCIAL"", ""value"": ""financial difficulty"", ""specificity"": 0.85, ""confidence"": 0.89, ""source_message_id"": 1}]",[]
ml_conv_0201,A few details about me: I am 29; I work as a farm worker; my contact is a mobile number; the relevant date is this week; I visited PHC Y; my family includes elderly dependent; I have a small loan.,1.0,0.8285714285714285,0.98,0.8571428571428571,0.4,0.44999999999999996,6.98254,HIGH,"[{""type"": ""AGE"", ""value"": ""29"", ""specificity"": 0.92, ""confidence"": 0.93, ""source_message_id"": 1}, {""type"": ""OCCUPATION"", ""value"": ""farm worker"", ""specificity"": 0.65, ""confidence"": 0.98, ""source_message_id"": 1}, {""type"": ""PHONE_NUMBER"", ""value"": ""a mobile number"", ""specificity"": 0.89, ""confidence"": 0.97, ""source_message_id"": 1}, {""type"": ""DATE"", ""value"": ""this week"", ""specificity"": 0.98, ""confidence"": 0.99, ""source_message_id"": 2}, {""type"": ""FACILITY"", ""value"": ""PHC Y"", ""specificity"": 0.86, ""confidence"": 0.89, ""source_message_id"": 3}, {""type"": ""FAMILY"", ""value"": ""elderly dependent"", ""specificity"": 0.72, ""confidence"": 0.98, ""source_message_id"": 4}, {""type"": ""FINANCIAL"", ""value"": ""a small loan"", ""specificity"": 0.78, ""confidence"": 0.91, ""source_message_id"": 1}]","[{""indicator"": ""exact_age"", ""attribute_type"": ""AGE""}, {""indicator"": ""exact_date"", ""attribute_type"": ""DATE""}]"
ml_conv_0202,Yesterday I mentioned that I am the only person matching these details: my family includes parent; I work as a teacher; I visited PHC Y; the relevant date is yesterday; I have health problems; I identify as woman.,1.0,0.8133333333333334,1.0,0.8333333333333334,0.4,1.0,8.181481,HIGH,"[{""type"": ""FAMILY"", ""value"": ""parent"", ""specificity"": 0.87, ""confidence"": 0.95, ""source_message_id"": 1}, {""type"": ""OCCUPATION"", ""value"": ""teacher"", ""specificity"": 0.81, ""confidence"": 0.94, ""source_message_id"": 2}, {""type"": ""FACILITY"", ""value"": ""PHC Y"", ""specificity"": 1.0, ""confidence"": 0.96, ""source_message_id"": 2}, {""type"": ""DATE"", ""value"": ""yesterday"", ""specificity"": 0.71, ""confidence"": 0.93, ""source_message_id"": 1}, {""type"": ""HEALTH"", ""value"": ""health problems"", ""specificity"": 0.81, ""confidence"": 0.92, ""source_message_id"": 2}, {""type"": ""GENDER"", ""value"": ""woman"", ""specificity"": 0.68, ""confidence"": 0.96, ""source_message_id"": 4}]","[{""indicator"": ""sensitive_health_attribute"", ""attribute_type"": ""HEALTH""}, {""indicator"": ""uniqueness_word"", ""attribute_type"": ""HEALTH""}]"
ml_conv_0203,Here are some details: I am the only person matching these details: the relevant date is yesterday; I identify as man; I work as a farm worker; my contact is a phone ending in 4421; my family includes two children; I have a rare blood disorder. The appointment was recorded in the local clinic register.,1.0,0.7883333333333334,0.92,0.6666666666666666,0.4,1.0,7.742593,HIGH,"[{""type"": ""DATE"", ""value"": ""yesterday"", ""specificity"": 0.92, ""confidence"": 0.97, ""source_message_id"": 1}, {""type"": ""GENDER"", ""value"": ""man"", ""specificity"": 0.68, ""confidence"": 0.97, ""source_message_id"": 2}, {""type"": ""OCCUPATION"", ""value"": ""farm worker"", ""specificity"": 0.86, ""confidence"": 0.97, ""source_message_id"": 1}, {""type"": ""PHONE_NUMBER"", ""value"": ""a phone ending in 4421"", ""specificity"": 0.83, ""confidence"": 0.92, ""source_message_id"": 2}, {""type"": ""FAMILY"", ""value"": ""two children"", ""specificity"": 0.66, ""confidence"": 0.94, ""source_message_id"": 1}, {""type"": ""HEALTH"", ""value"": ""a rare blood disorder"", ""specificity"": 0.78, ""confidence"": 0.99, ""source_message_id"": 4}]","[{""indicator"": ""exact_date"", ""attribute_type"": ""DATE""}, {""indicator"": ""sensitive_health_attribute"", ""attribute_type"": ""HEALTH""}, {""indicator"": ""uniqueness_word"", ""attribute_type"": ""HEALTH""}]"
ml_conv_0204,"For context, I have a ration card. I attended two classes, shared lunch with classmates, and came home.",0.2,0.24,0.24,0.0,0.0,0,0.888889,LOW,"[{""type"": ""GOVERNMENT_ID"", ""value"": ""a ration card"", ""specificity"": 0.24, ""confidence"": 0.91, ""source_message_id"": 1}]",[]
ml_conv_0205,Yesterday I mentioned that I am the only person matching these details: I have chronic kidney disease; my family includes single parent; the relevant date is this week; I visited health centre; I work as a software engineer; I have financial difficulty.,1.0,0.8583333333333334,0.98,0.8333333333333334,0.6,1.0,8.642593,HIGH,"[{""type"": ""HEALTH"", ""value"": ""chronic kidney disease"", ""specificity"": 0.83, ""confidence"": 0.99, ""source_message_id"": 1}, {""type"": ""FAMILY"", ""value"": ""single parent"", ""specificity"": 0.93, ""confidence"": 0.95, ""source_message_id"": 2}, {""type"": ""DATE"", ""value"": ""this week"", ""specificity"": 0.83, ""confidence"": 0.96, ""source_message_id"": 2}, {""type"": ""FACILITY"", ""value"": ""health centre"", ""specificity"": 0.91, ""confidence"": 0.99, ""source_message_id"": 4}, {""type"": ""OCCUPATION"", ""value"": ""software engineer"", ""specificity"": 0.67, ""confidence"": 0.99, ""source_message_id"": 2}, {""type"": ""FINANCIAL"", ""value"": ""financial difficulty"", ""specificity"": 0.98, ""confidence"": 0.94, ""source_message_id"": 3}]","[{""indicator"": ""sensitive_health_attribute"", ""attribute_type"": ""HEALTH""}, {""indicator"": ""uniqueness_word"", ""attribute_type"": ""HEALTH""}]"
ml_conv_0206,My situation is that my family includes single parent; I visited PHC Y; I have medical debt; I identify as nonbinary adult; I have health problems; I have a government identification number.,1.0,0.8733333333333334,0.95,1.0,0.6,0.2,7.109259,HIGH,"[{""type"": ""FAMILY"", ""value"": ""single parent"", ""specificity"": 0.76, ""confidence"": 0.93, ""source_message_id"": 1}, {""type"": ""FACILITY"", ""value"": ""PHC Y"", ""specificity"": 0.9, ""confidence"": 0.91, ""source_message_id"": 2}, {""type"": ""FINANCIAL"", ""value"": ""medical debt"", ""specificity"": 0.93, ""confidence"": 0.93, ""source_message_id"": 1}, {""type"": ""GENDER"", ""value"": ""nonbinary adult"", ""specificity"": 0.95, ""confidence"": 0.89, ""source_message_id"": 2}, {""type"": ""HEALTH"", ""value"": ""health problems"", ""specificity"": 0.8, ""confidence"": 0.98, ""source_message_id"": 1}, {""type"": ""GOVERNMENT_ID"", ""value"": ""a government identification number"", ""specificity"": 0.9, ""confidence"": 0.95, ""source_message_id"": 3}]","[{""indicator"": ""sensitive_health_attribute"", ""attribute_type"": ""HEALTH""}]"
ml_conv_0207,"For context, my contact is a phone ending in 4421; I have a government identification number; I work as a software engineer; I visited district clinic.",0.8,0.6825,0.81,0.75,0.0,0,4.247222,MEDIUM,"[{""type"": ""PHONE_NUMBER"", ""value"": ""a phone ending in 4421"", ""specificity"": 0.48, ""confidence"": 0.98, ""source_message_id"": 1}, {""type"": ""GOVERNMENT_ID"", ""value"": ""a government identification number"", ""specificity"": 0.73, ""confidence"": 0.92, ""source_message_id"": 1}, {""type"": ""OCCUPATION"", ""value"": ""software engineer"", ""specificity"": 0.81, ""confidence"": 0.94, ""source_message_id"": 3}, {""type"": ""FACILITY"", ""value"": ""district clinic"", ""specificity"": 0.71, ""confidence"": 0.94, ""source_message_id"": 2}]",[]
ml_conv_0208,Yesterday I mentioned that I am the only person matching these details: I am 41; I live in Mysuru; I have health problems; I have a ration card; I visited City Hospital.,1.0,0.73,0.83,0.6,0.2,1.0,6.972222,HIGH,"[{""type"": ""AGE"", ""value"": ""41"", ""specificity"": 0.83, ""confidence"": 0.99, ""source_message_id"": 1}, {""type"": ""LOCATION"", ""value"": ""Mysuru"", ""specificity"": 0.69, ""confidence"": 0.96, ""source_message_id"": 1}, {""type"": ""HEALTH"", ""value"": ""health problems"", ""specificity"": 0.77, ""confidence"": 0.94, ""source_message_id"": 3}, {""type"": ""GOVERNMENT_ID"", ""value"": ""a ration card"", ""specificity"": 0.65, ""confidence"": 0.95, ""source_message_id"": 2}, {""type"": ""FACILITY"", ""value"": ""City Hospital"", ""specificity"": 0.71, ""confidence"": 0.89, ""source_message_id"": 1}]","[{""indicator"": ""sensitive_health_attribute"", ""attribute_type"": ""HEALTH""}, {""indicator"": ""uniqueness_word"", ""attribute_type"": ""AGE""}]"
ml_conv_0209,A few details about me: I live in small village near Pune; I have financial difficulty; I have a rare blood disorder. The appointment was recorded in the local clinic register.,0.6,0.8066666666666666,0.93,1.0,0.4,0.8,7.446296,HIGH,"[{""type"": ""LOCATION"", ""value"": ""small village near Pune"", ""specificity"": 0.7, ""confidence"": 0.94, ""source_message_id"": 1}, {""type"": ""FINANCIAL"", ""value"": ""financial difficulty"", ""specificity"": 0.79, ""confidence"": 0.97, ""source_message_id"": 1}, {""type"": ""HEALTH"", ""value"": ""a rare blood disorder"", ""specificity"": 0.93, ""confidence"": 0.95, ""source_message_id"": 1}]","[{""indicator"": ""village_level_location"", ""attribute_type"": ""LOCATION""}, {""indicator"": ""sensitive_health_attribute"", ""attribute_type"": ""HEALTH""}]"
ml_conv_0210,Yesterday I mentioned that I am the only person matching these details: I am adult; I have diabetes; I live in Mysuru; I visited district clinic; I work as a farm worker.,1.0,0.758,0.86,0.8,0.2,1.0,7.386667,HIGH,"[{""type"": ""AGE"", ""value"": ""adult"", ""specificity"": 0.66, ""confidence"": 0.98, ""source_message_id"": 1}, {""type"": ""HEALTH"", ""value"": ""diabetes"", ""specificity"": 0.71, ""confidence"": 0.89, ""source_message_id"": 1}, {""type"": ""LOCATION"", ""value"": ""Mysuru"", ""specificity"": 0.86, ""confidence"": 0.9, ""source_message_id"": 1}, {""type"": ""FACILITY"", ""value"": ""district clinic"", ""specificity"": 0.84, ""confidence"": 0.89, ""source_message_id"": 3}, {""type"": ""OCCUPATION"", ""value"": ""farm worker"", ""specificity"": 0.72, ""confidence"": 0.97, ""source_message_id"": 4}]","[{""indicator"": ""uniqueness_word"", ""attribute_type"": ""AGE""}]"
ml_conv_0211,"For context, I have rare neurological disorder; I am 34; I visited district clinic; I identify as nonbinary adult; I work as a farm worker.",1.0,0.812,0.86,1.0,0.2,0.2,6.002222,MEDIUM,"[{""type"": ""HEALTH"", ""value"": ""rare neurological disorder"", ""specificity"": 0.86, ""confidence"": 0.88, ""source_message_id"": 1}, {""type"": ""AGE"", ""value"": ""34"", ""specificity"": 0.78, ""confidence"": 0.91, ""source_message_id"": 1}, {""type"": ""FACILITY"", ""value"": ""district clinic"", ""specificity"": 0.82, ""confidence"": 0.98, ""source_message_id"": 1}, {""type"": ""GENDER"", ""value"": ""nonbinary adult"", ""specificity"": 0.79, ""confidence"": 0.91, ""source_message_id"": 4}, {""type"": ""OCCUPATION"", ""value"": ""farm worker"", ""specificity"": 0.81, ""confidence"": 0.98, ""source_message_id"": 3}]","[{""indicator"": ""sensitive_health_attribute"", ""attribute_type"": ""HEALTH""}]"
ml_conv_0212,Yesterday I mentioned that I am the only person matching these details: my family includes single parent; I have a small loan; I work as a software engineer; I live in Karnataka; I identify as man. Only a few people in the area know these details about me.,1.0,0.9199999999999999,0.98,1.0,0.4,1.0,8.544444,HIGH,"[{""type"": ""FAMILY"", ""value"": ""single parent"", ""specificity"": 0.98, ""confidence"": 0.94, ""source_message_id"": 1}, {""type"": ""FINANCIAL"", ""value"": ""a small loan"", ""specificity"": 0.96, ""confidence"": 0.93, ""source_message_id"": 1}, {""type"": ""OCCUPATION"", ""value"": ""software engineer"", ""specificity"": 0.83, ""confidence"": 0.95, ""source_message_id"": 3}, {""type"": ""LOCATION"", ""value"": ""Karnataka"", ""specificity"": 0.92, ""confidence"": 0.91, ""source_message_id"": 4}, {""type"": ""GENDER"", ""value"": ""man"", ""specificity"": 0.91, ""confidence"": 0.97, ""source_message_id"": 1}]","[{""indicator"": ""uniqueness_word"", ""attribute_type"": ""LOCATION""}]"
ml_conv_0213,Here are some details: my family includes parent.,0.2,0.53,0.53,0.0,0.2,0,2.138889,LOW,"[{""type"": ""FAMILY"", ""value"": ""parent"", ""specificity"": 0.53, ""confidence"": 0.98, ""source_message_id"": 1}]",[]
ml_conv_0214,A few details about me: I am the only person matching these details: I have a ration card; my contact is a mobile number; I live in India; I work as a teacher; my family includes two children; I visited health centre; I have financial difficulty; I am 34.,1.0,0.7725,0.88,0.75,0.4,1.0,7.797222,HIGH,"[{""type"": ""GOVERNMENT_ID"", ""value"": ""a ration card"", ""specificity"": 0.68, ""confidence"": 0.91, ""source_message_id"": 1}, {""type"": ""PHONE_NUMBER"", ""value"": ""a mobile number"", ""specificity"": 0.88, ""confidence"": 0.93, ""source_message_id"": 2}, {""type"": ""LOCATION"", ""value"": ""India"", ""specificity"": 0.68, ""confidence"": 0.93, ""source_message_id"": 2}, {""type"": ""OCCUPATION"", ""value"": ""teacher"", ""specificity"": 0.73, ""confidence"": 0.99, ""source_message_id"": 3}, {""type"": ""FAMILY"", ""value"": ""two children"", ""specificity"": 0.73, ""confidence"": 0.91, ""source_message_id"": 2}, {""type"": ""FACILITY"", ""value"": ""health centre"", ""specificity"": 0.88, ""confidence"": 0.95, ""source_message_id"": 4}, {""type"": ""FINANCIAL"", ""value"": ""financial difficulty"", ""specificity"": 0.81, ""confidence"": 0.98, ""source_message_id"": 3}, {""type"": ""AGE"", ""value"": ""34"", ""specificity"": 0.79, ""confidence"": 0.89, ""source_message_id"": 1}]","[{""indicator"": ""uniqueness_word"", ""attribute_type"": ""LOCATION""}]"
ml_conv_0215,My situation is that my family includes single parent; I identify as woman; I have health problems.,0.6,0.6266666666666666,0.82,0.3333333333333333,0.4,0,4.174074,MEDIUM,"[{""type"": ""FAMILY"", ""value"": ""single parent"", ""specificity"": 0.82, ""confidence"": 0.89, ""source_message_id"": 1}, {""type"": ""GENDER"", ""value"": ""woman"", ""specificity"": 0.58, ""confidence"": 0.95, ""source_message_id"": 1}, {""type"": ""HEALTH"", ""value"": ""health problems"", ""specificity"": 0.48, ""confidence"": 0.94, ""source_message_id"": 2}]",[]
ml_conv_0216,"For context, I visited City Hospital.",0.2,0.42,0.42,0.0,0.0,0,1.388889,LOW,"[{""type"": ""FACILITY"", ""value"": ""City Hospital"", ""specificity"": 0.42, ""confidence"": 0.99, ""source_message_id"": 1}]",[]
ml_conv_0217,My situation is that I am 34; my family includes parent; the relevant date is 14 March 2026; I visited PHC Y.,0.8,0.6174999999999999,0.82,0.25,0.2,0,3.802778,MEDIUM,"[{""type"": ""AGE"", ""value"": ""34"", ""specificity"": 0.82, ""confidence"": 0.99, ""source_message_id"": 1}, {""type"": ""FAMILY"", ""value"": ""parent"", ""specificity"": 0.58, ""confidence"": 0.97, ""source_message_id"": 1}, {""type"": ""DATE"", ""value"": ""14 March 2026"", ""specificity"": 0.64, ""confidence"": 0.96, ""source_message_id"": 2}, {""type"": ""FACILITY"", ""value"": ""PHC Y"", ""specificity"": 0.43, ""confidence"": 0.93, ""source_message_id"": 1}]",[]
ml_conv_0218,Yesterday I mentioned that I am the only person matching these details: I have medical debt; the relevant date is 14 March 2026; I have a ration card; I work as a shopkeeper; I live in Bengaluru.,1.0,0.8779999999999999,0.98,1.0,0.2,1.0,8.053333,HIGH,"[{""type"": ""FINANCIAL"", ""value"": ""medical debt"", ""specificity"": 0.7, ""confidence"": 0.88, ""source_message_id"": 1}, {""type"": ""DATE"", ""value"": ""14 March 2026"", ""specificity"": 0.98, ""confidence"": 0.97, ""source_message_id"": 2}, {""type"": ""GOVERNMENT_ID"", ""value"": ""a ration card"", ""specificity"": 0.92, ""confidence"": 0.9, ""source_message_id"": 2}, {""type"": ""OCCUPATION"", ""value"": ""shopkeeper"", ""specificity"": 0.81, ""confidence"": 0.95, ""source_message_id"": 3}, {""type"": ""LOCATION"", ""value"": ""Bengaluru"", ""specificity"": 0.98, ""confidence"": 0.95, ""source_message_id"": 1}]","[{""indicator"": ""exact_date"", ""attribute_type"": ""DATE""}, {""indicator"": ""uniqueness_word"", ""attribute_type"": ""LOCATION""}]"
ml_conv_0219,My situation is that the relevant date is this week; I am 41.,0.4,0.515,0.62,0.0,0.0,0,2.05,LOW,"[{""type"": ""DATE"", ""value"": ""this week"", ""specificity"": 0.41, ""confidence"": 0.95, ""source_message_id"": 1}, {""type"": ""AGE"", ""value"": ""41"", ""specificity"": 0.62, ""confidence"": 0.93, ""source_message_id"": 2}]",[]
ml_conv_0220,Here are some details: the relevant date is this week; my contact is a phone ending in 4421.,0.4,0.64,0.82,0.5,0.0,0,3.355556,MEDIUM,"[{""type"": ""DATE"", ""value"": ""this week"", ""specificity"": 0.46, ""confidence"": 0.92, ""source_message_id"": 1}, {""type"": ""PHONE_NUMBER"", ""value"": ""a phone ending in 4421"", ""specificity"": 0.82, ""confidence"": 0.89, ""source_message_id"": 1}]",[]
ml_conv_0221,A few details about me: I work as a software engineer. I spent the morning reading and then made lunch at home.,0.2,0.34,0.34,0.0,0.0,0,1.166667,LOW,"[{""type"": ""OCCUPATION"", ""value"": ""software engineer"", ""specificity"": 0.34, ""confidence"": 0.95, ""source_message_id"": 1}]",[]
ml_conv_0222,Yesterday I mentioned that I have health problems; I work as a software engineer.,0.4,0.5800000000000001,0.77,0.5,0.2,0.2,4.094444,MEDIUM,"[{""type"": ""HEALTH"", ""value"": ""health problems"", ""specificity"": 0.77, ""confidence"": 0.95, ""source_message_id"": 1}, {""type"": ""OCCUPATION"", ""value"": ""software engineer"", ""specificity"": 0.39, ""confidence"": 0.91, ""source_message_id"": 1}]","[{""indicator"": ""sensitive_health_attribute"", ""attribute_type"": ""HEALTH""}]"
ml_conv_0223,Here are some details: I am the only person matching these details: my contact is a phone ending in 4421; I work as a farm worker; my family includes single parent; I identify as man; I visited PHC Y; I have ₹50 lakh debt. The appointment was recorded in the local clinic register.,1.0,0.7683333333333334,0.92,0.6666666666666666,0.4,1.0,7.72037,HIGH,"[{""type"": ""PHONE_NUMBER"", ""value"": ""a phone ending in 4421"", ""specificity"": 0.74, ""confidence"": 0.95, ""source_message_id"": 1}, {""type"": ""OCCUPATION"", ""value"": ""farm worker"", ""specificity"": 0.85, ""confidence"": 0.98, ""source_message_id"": 1}, {""type"": ""FAMILY"", ""value"": ""single parent"", ""specificity"": 0.92, ""confidence"": 0.97, ""source_message_id"": 3}, {""type"": ""GENDER"", ""value"": ""man"", ""specificity"": 0.76, ""confidence"": 0.89, ""source_message_id"": 3}, {""type"": ""FACILITY"", ""value"": ""PHC Y"", ""specificity"": 0.65, ""confidence"": 0.92, ""source_message_id"": 3}, {""type"": ""FINANCIAL"", ""value"": ""₹50 lakh debt"", ""specificity"": 0.69, ""confidence"": 0.9, ""source_message_id"": 4}]","[{""indicator"": ""uniqueness_word"", ""attribute_type"": ""AGE""}]"
ml_conv_0224,"For context, the relevant date is 14 March 2026; I work as a shopkeeper. It was a quiet day with errands, tea, and a little television.",0.4,0.355,0.42,0.0,0.0,0,1.538889,LOW,"[{""type"": ""DATE"", ""value"": ""14 March 2026"", ""specificity"": 0.42, ""confidence"": 0.89, ""source_message_id"": 1}, {""type"": ""OCCUPATION"", ""value"": ""shopkeeper"", ""specificity"": 0.29, ""confidence"": 0.93, ""source_message_id"": 2}]",[]
ml_conv_0225,My situation is that I visited City Hospital; I am adult; I live in Ward 14 in Jaipur; I work as a student; I have health problems.,1.0,0.828,0.95,0.8,0.2,0.5,6.503333,MEDIUM,"[{""type"": ""FACILITY"", ""value"": ""City Hospital"", ""specificity"": 0.88, ""confidence"": 0.97, ""source_message_id"": 1}, {""type"": ""AGE"", ""value"": ""adult"", ""specificity"": 0.9, ""confidence"": 0.93, ""source_message_id"": 1}, {""type"": ""LOCATION"", ""value"": ""Ward 14 in Jaipur"", ""specificity"": 0.69, ""confidence"": 0.93, ""source_message_id"": 1}, {""type"": ""OCCUPATION"", ""value"": ""student"", ""specificity"": 0.72, ""confidence"": 0.9, ""source_message_id"": 3}, {""type"": ""HEALTH"", ""value"": ""health problems"", ""specificity"": 0.95, ""confidence"": 0.97, ""source_message_id"": 3}]","[{""indicator"": ""exact_age"", ""attribute_type"": ""AGE""}, {""indicator"": ""sensitive_health_attribute"", ""attribute_type"": ""HEALTH""}]"
ml_conv_0226,A few details about me: I have a government identification number; I have ₹50 lakh debt; I visited City Hospital; the relevant date is 14 March 2026; my family includes two children.,1.0,0.584,0.71,0.4,0.4,0,4.498889,MEDIUM,"[{""type"": ""GOVERNMENT_ID"", ""value"": ""a government identification number"", ""specificity"": 0.39, ""confidence"": 0.92, ""source_message_id"": 1}, {""type"": ""FINANCIAL"", ""value"": ""₹50 lakh debt"", ""specificity"": 0.49, ""confidence"": 0.91, ""source_message_id"": 1}, {""type"": ""FACILITY"", ""value"": ""City Hospital"", ""specificity"": 0.63, ""confidence"": 0.97, ""source_message_id"": 2}, {""type"": ""DATE"", ""value"": ""14 March 2026"", ""specificity"": 0.71, ""confidence"": 0.92, ""source_message_id"": 2}, {""type"": ""FAMILY"", ""value"": ""two children"", ""specificity"": 0.7, ""confidence"": 0.95, ""source_message_id"": 4}]",[]
ml_conv_0227,A few details about me: the relevant date is 14 March 2026; I have rare neurological disorder; my contact is a phone ending in 4421.,0.6,0.5233333333333333,0.76,0.3333333333333333,0.2,0.2,3.959259,MEDIUM,"[{""type"": ""DATE"", ""value"": ""14 March 2026"", ""specificity"": 0.42, ""confidence"": 0.88, ""source_message_id"": 1}, {""type"": ""HEALTH"", ""value"": ""rare neurological disorder"", ""specificity"": 0.76, ""confidence"": 0.99, ""source_message_id"": 2}, {""type"": ""PHONE_NUMBER"", ""value"": ""a phone ending in 4421"", ""specificity"": 0.39, ""confidence"": 0.96, ""source_message_id"": 1}]","[{""indicator"": ""sensitive_health_attribute"", ""attribute_type"": ""HEALTH""}]"
ml_conv_0228,Yesterday I mentioned that the relevant date is 14 March 2026; I have medical debt; my contact is a phone ending in 4421; I live in Village X.,0.8,0.5925,0.79,0.25,0.2,0.6,5.058333,MEDIUM,"[{""type"": ""DATE"", ""value"": ""14 March 2026"", ""specificity"": 0.5, ""confidence"": 0.9, ""source_message_id"": 1}, {""type"": ""FINANCIAL"", ""value"": ""medical debt"", ""specificity"": 0.62, ""confidence"": 0.96, ""source_message_id"": 2}, {""type"": ""PHONE_NUMBER"", ""value"": ""a phone ending in 4421"", ""specificity"": 0.79, ""confidence"": 0.94, ""source_message_id"": 3}, {""type"": ""LOCATION"", ""value"": ""Village X"", ""specificity"": 0.46, ""confidence"": 0.92, ""source_message_id"": 1}]","[{""indicator"": ""village_level_location"", ""attribute_type"": ""LOCATION""}]"
ml_conv_0229,My situation is that I have a ration card; I work as a software engineer; I have a rare blood disorder.,0.6,0.5133333333333333,0.6,0.0,0.2,0,2.681481,LOW,"[{""type"": ""GOVERNMENT_ID"", ""value"": ""a ration card"", ""specificity"": 0.48, ""confidence"": 0.94, ""source_message_id"": 1}, {""type"": ""OCCUPATION"", ""value"": ""software engineer"", ""specificity"": 0.6, ""confidence"": 0.95, ""source_message_id"": 2}, {""type"": ""HEALTH"", ""value"": ""a rare blood disorder"", ""specificity"": 0.46, ""confidence"": 0.9, ""source_message_id"": 3}]",[]
ml_conv_0230,"For context, my family includes two children.",0.2,0.14,0.14,0.0,0.2,0,1.055556,LOW,"[{""type"": ""FAMILY"", ""value"": ""two children"", ""specificity"": 0.14, ""confidence"": 0.91, ""source_message_id"": 1}]",[]
ml_conv_0231,Here are some details: I have ₹50 lakh debt.,0.2,0.26,0.26,0.0,0.2,0,1.388889,LOW,"[{""type"": ""FINANCIAL"", ""value"": ""₹50 lakh debt"", ""specificity"": 0.26, ""confidence"": 0.97, ""source_message_id"": 1}]",[]
ml_conv_0232,A few details about me: the relevant date is yesterday; I have a ration card; I visited City Hospital.,0.6,0.6,0.8,0.3333333333333333,0.0,0,3.222222,LOW,"[{""type"": ""DATE"", ""value"": ""yesterday"", ""specificity"": 0.46, ""confidence"": 0.97, ""source_message_id"": 1}, {""type"": ""GOVERNMENT_ID"", ""value"": ""a ration card"", ""specificity"": 0.54, ""confidence"": 0.96, ""source_message_id"": 2}, {""type"": ""FACILITY"", ""value"": ""City Hospital"", ""specificity"": 0.8, ""confidence"": 0.94, ""source_message_id"": 3}]",[]
ml_conv_0233,"For context, the relevant date is 2 January 2025; I work as a shopkeeper; I have a government identification number.",0.6,0.5,0.68,0.0,0.0,0,2.355556,LOW,"[{""type"": ""DATE"", ""value"": ""2 January 2025"", ""specificity"": 0.47, ""confidence"": 0.89, ""source_message_id"": 1}, {""type"": ""OCCUPATION"", ""value"": ""shopkeeper"", ""specificity"": 0.35, ""confidence"": 0.93, ""source_message_id"": 1}, {""type"": ""GOVERNMENT_ID"", ""value"": ""a government identification number"", ""specificity"": 0.68, ""confidence"": 0.9, ""source_message_id"": 3}]",[]
ml_conv_0234,A few details about me: I have health problems; I have a government identification number; my family includes two children; I have financial difficulty; I visited City Hospital.,1.0,0.602,0.84,0.4,0.6,0,5.18,MEDIUM,"[{""type"": ""HEALTH"", ""value"": ""health problems"", ""specificity"": 0.57, ""confidence"": 0.91, ""source_message_id"": 1}, {""type"": ""GOVERNMENT_ID"", ""value"": ""a government identification number"", ""specificity"": 0.53, ""confidence"": 0.95, ""source_message_id"": 2}, {""type"": ""FAMILY"", ""value"": ""two children"", ""specificity"": 0.72, ""confidence"": 0.9, ""source_message_id"": 2}, {""type"": ""FINANCIAL"", ""value"": ""financial difficulty"", ""specificity"": 0.35, ""confidence"": 0.91, ""source_message_id"": 4}, {""type"": ""FACILITY"", ""value"": ""City Hospital"", ""specificity"": 0.84, ""confidence"": 0.93, ""source_message_id"": 3}]",[]
ml_conv_0235,A few details about me: I work as a shopkeeper; the relevant date is 2 January 2025.,0.4,0.505,0.52,0.0,0.0,0,1.872222,LOW,"[{""type"": ""OCCUPATION"", ""value"": ""shopkeeper"", ""specificity"": 0.49, ""confidence"": 0.97, ""source_message_id"": 1}, {""type"": ""DATE"", ""value"": ""2 January 2025"", ""specificity"": 0.52, ""confidence"": 0.98, ""source_message_id"": 1}]",[]
ml_conv_0236,Yesterday I mentioned that I am young adult; I have a government identification number; the relevant date is 14 March 2026; my family includes single parent.,0.8,0.6825,0.79,0.75,0.2,0,4.658333,MEDIUM,"[{""type"": ""AGE"", ""value"": ""young adult"", ""specificity"": 0.53, ""confidence"": 0.88, ""source_message_id"": 1}, {""type"": ""GOVERNMENT_ID"", ""value"": ""a government identification number"", ""specificity"": 0.79, ""confidence"": 0.96, ""source_message_id"": 2}, {""type"": ""DATE"", ""value"": ""14 March 2026"", ""specificity"": 0.71, ""confidence"": 0.99, ""source_message_id"": 1}, {""type"": ""FAMILY"", ""value"": ""single parent"", ""specificity"": 0.7, ""confidence"": 0.94, ""source_message_id"": 2}]",[]
ml_conv_0237,My situation is that my contact is a mobile number; I live in Mysuru; the relevant date is this week; I have chronic kidney disease; I am 57. Only a few people in the area know these details about me.,1.0,0.806,0.9,1.0,0.2,0.35,6.395556,MEDIUM,"[{""type"": ""PHONE_NUMBER"", ""value"": ""a mobile number"", ""specificity"": 0.75, ""confidence"": 0.92, ""source_message_id"": 1}, {""type"": ""LOCATION"", ""value"": ""Mysuru"", ""specificity"": 0.89, ""confidence"": 0.95, ""source_message_id"": 2}, {""type"": ""DATE"", ""value"": ""this week"", ""specificity"": 0.9, ""confidence"": 0.99, ""source_message_id"": 1}, {""type"": ""HEALTH"", ""value"": ""chronic kidney disease"", ""specificity"": 0.79, ""confidence"": 0.95, ""source_message_id"": 3}, {""type"": ""AGE"", ""value"": ""57"", ""specificity"": 0.7, ""confidence"": 0.95, ""source_message_id"": 2}]","[{""indicator"": ""exact_date"", ""attribute_type"": ""DATE""}, {""indicator"": ""sensitive_health_attribute"", ""attribute_type"": ""HEALTH""}]"
ml_conv_0238,A few details about me: I am the only person matching these details: I visited PHC Y; I have rare neurological disorder; I have medical debt; I am 29; I have a government identification number. Only a few people in the area know these details about me.,1.0,0.7100000000000001,0.78,0.4,0.4,1.0,6.977778,HIGH,"[{""type"": ""FACILITY"", ""value"": ""PHC Y"", ""specificity"": 0.68, ""confidence"": 0.94, ""source_message_id"": 1}, {""type"": ""HEALTH"", ""value"": ""rare neurological disorder"", ""specificity"": 0.67, ""confidence"": 0.95, ""source_message_id"": 1}, {""type"": ""FINANCIAL"", ""value"": ""medical debt"", ""specificity"": 0.68, ""confidence"": 0.91, ""source_message_id"": 2}, {""type"": ""AGE"", ""value"": ""29"", ""specificity"": 0.74, ""confidence"": 0.97, ""source_message_id"": 3}, {""type"": ""GOVERNMENT_ID"", ""value"": ""a government identification number"", ""specificity"": 0.78, ""confidence"": 0.89, ""source_message_id"": 2}]","[{""indicator"": ""uniqueness_word"", ""attribute_type"": ""HEALTH""}]"
ml_conv_0239,Yesterday I mentioned that I have ₹50 lakh debt; the relevant date is this week.,0.4,0.16,0.17,0.0,0.2,0,1.35,LOW,"[{""type"": ""FINANCIAL"", ""value"": ""₹50 lakh debt"", ""specificity"": 0.15, ""confidence"": 0.88, ""source_message_id"": 1}, {""type"": ""DATE"", ""value"": ""this week"", ""specificity"": 0.17, ""confidence"": 0.88, ""source_message_id"": 1}]",[]
ml_conv_0240,A few details about me: I am the only person matching these details: my contact is a mobile number; my family includes two children; I have diabetes.,0.6,0.96,1.0,1.0,0.4,1.0,8.177778,HIGH,"[{""type"": ""PHONE_NUMBER"", ""value"": ""a mobile number"", ""specificity"": 0.93, ""confidence"": 0.95, ""source_message_id"": 1}, {""type"": ""FAMILY"", ""value"": ""two children"", ""specificity"": 1.0, ""confidence"": 0.9, ""source_message_id"": 1}, {""type"": ""HEALTH"", ""value"": ""diabetes"", ""specificity"": 0.95, ""confidence"": 0.93, ""source_message_id"": 3}]","[{""indicator"": ""sensitive_health_attribute"", ""attribute_type"": ""HEALTH""}, {""indicator"": ""uniqueness_word"", ""attribute_type"": ""HEALTH""}]"
ml_conv_0241,A few details about me: I have chronic kidney disease; I identify as man.,0.4,0.41500000000000004,0.44,0.0,0.2,0,2.083333,LOW,"[{""type"": ""HEALTH"", ""value"": ""chronic kidney disease"", ""specificity"": 0.44, ""confidence"": 0.88, ""source_message_id"": 1}, {""type"": ""GENDER"", ""value"": ""man"", ""specificity"": 0.39, ""confidence"": 0.95, ""source_message_id"": 2}]",[]
ml_conv_0242,"For context, I am the only person matching these details: I have ₹50 lakh debt; I work as a teacher; I have diabetes; I visited City Hospital; I am 41.",1.0,0.8699999999999999,0.95,0.8,0.4,1.0,8.105556,HIGH,"[{""type"": ""FINANCIAL"", ""value"": ""₹50 lakh debt"", ""specificity"": 0.95, ""confidence"": 0.99, ""source_message_id"": 1}, {""type"": ""OCCUPATION"", ""value"": ""teacher"", ""specificity"": 0.68, ""confidence"": 0.93, ""source_message_id"": 1}, {""type"": ""HEALTH"", ""value"": ""diabetes"", ""specificity"": 0.95, ""confidence"": 0.93, ""source_message_id"": 3}, {""type"": ""FACILITY"", ""value"": ""City Hospital"", ""specificity"": 0.84, ""confidence"": 0.98, ""source_message_id"": 1}, {""type"": ""AGE"", ""value"": ""41"", ""specificity"": 0.93, ""confidence"": 0.89, ""source_message_id"": 4}]","[{""indicator"": ""sensitive_health_attribute"", ""attribute_type"": ""HEALTH""}, {""indicator"": ""exact_age"", ""attribute_type"": ""AGE""}, {""indicator"": ""uniqueness_word"", ""attribute_type"": ""HEALTH""}]"
ml_conv_0243,A few details about me: I am the only person matching these details: I have health problems; I have ₹50 lakh debt; my contact is a phone ending in 4421; I identify as woman; I visited City Hospital.,1.0,0.8879999999999999,0.99,1.0,0.4,1.0,8.525556,HIGH,"[{""type"": ""HEALTH"", ""value"": ""health problems"", ""specificity"": 0.99, ""confidence"": 0.89, ""source_message_id"": 1}, {""type"": ""FINANCIAL"", ""value"": ""₹50 lakh debt"", ""specificity"": 0.89, ""confidence"": 0.96, ""source_message_id"": 2}, {""type"": ""PHONE_NUMBER"", ""value"": ""a phone ending in 4421"", ""specificity"": 0.7, ""confidence"": 0.92, ""source_message_id"": 1}, {""type"": ""GENDER"", ""value"": ""woman"", ""specificity"": 0.96, ""confidence"": 0.99, ""source_message_id"": 1}, {""type"": ""FACILITY"", ""value"": ""City Hospital"", ""specificity"": 0.9, ""confidence"": 0.97, ""source_message_id"": 1}]","[{""indicator"": ""sensitive_health_attribute"", ""attribute_type"": ""HEALTH""}, {""indicator"": ""uniqueness_word"", ""attribute_type"": ""HEALTH""}]"
ml_conv_0244,My situation is that my contact is a phone ending in 4421; I work as a software engineer; my family includes two children; I have a rare blood disorder; I have a ration card.,1.0,0.77,0.86,0.8,0.4,0.2,6.066667,MEDIUM,"[{""type"": ""PHONE_NUMBER"", ""value"": ""a phone ending in 4421"", ""specificity"": 0.68, ""confidence"": 0.96, ""source_message_id"": 1}, {""type"": ""OCCUPATION"", ""value"": ""software engineer"", ""specificity"": 0.86, ""confidence"": 0.93, ""source_message_id"": 1}, {""type"": ""FAMILY"", ""value"": ""two children"", ""specificity"": 0.81, ""confidence"": 0.98, ""source_message_id"": 2}, {""type"": ""HEALTH"", ""value"": ""a rare blood disorder"", ""specificity"": 0.78, ""confidence"": 0.96, ""source_message_id"": 3}, {""type"": ""GOVERNMENT_ID"", ""value"": ""a ration card"", ""specificity"": 0.72, ""confidence"": 0.91, ""source_message_id"": 4}]","[{""indicator"": ""sensitive_health_attribute"", ""attribute_type"": ""HEALTH""}]"
ml_conv_0245,Yesterday I mentioned that I am the only person matching these details: I work as a software engineer; I am 41; I live in Karnataka; I visited health centre; I have a rare blood disorder; the relevant date is yesterday; my contact is a phone ending in 4421; I have a ration card. I had already discussed the matter with the district office.,1.0,0.8087500000000001,0.93,0.875,0.2,1.0,7.684722,HIGH,"[{""type"": ""OCCUPATION"", ""value"": ""software engineer"", ""specificity"": 0.93, ""confidence"": 0.89, ""source_message_id"": 1}, {""type"": ""AGE"", ""value"": ""41"", ""specificity"": 0.76, ""confidence"": 0.93, ""source_message_id"": 1}, {""type"": ""LOCATION"", ""value"": ""Karnataka"", ""specificity"": 0.67, ""confidence"": 0.97, ""source_message_id"": 1}, {""type"": ""FACILITY"", ""value"": ""health centre"", ""specificity"": 0.86, ""confidence"": 0.97, ""source_message_id"": 4}, {""type"": ""HEALTH"", ""value"": ""a rare blood disorder"", ""specificity"": 0.93, ""confidence"": 0.92, ""source_message_id"": 1}, {""type"": ""DATE"", ""value"": ""yesterday"", ""specificity"": 0.79, ""confidence"": 0.97, ""source_message_id"": 1}, {""type"": ""PHONE_NUMBER"", ""value"": ""a phone ending in 4421"", ""specificity"": 0.74, ""confidence"": 0.92, ""source_message_id"": 1}, {""type"": ""GOVERNMENT_ID"", ""value"": ""a ration card"", ""specificity"": 0.79, ""confidence"": 0.94, ""source_message_id"": 3}]","[{""indicator"": ""sensitive_health_attribute"", ""attribute_type"": ""HEALTH""}, {""indicator"": ""uniqueness_word"", ""attribute_type"": ""AGE""}]"
ml_conv_0246,A few details about me: I have diabetes; I am adult; I have financial difficulty.,0.6,0.3266666666666667,0.56,0.0,0.4,0,2.851852,LOW,"[{""type"": ""HEALTH"", ""value"": ""diabetes"", ""specificity"": 0.33, ""confidence"": 0.99, ""source_message_id"": 1}, {""type"": ""AGE"", ""value"": ""adult"", ""specificity"": 0.56, ""confidence"": 0.99, ""source_message_id"": 1}, {""type"": ""FINANCIAL"", ""value"": ""financial difficulty"", ""specificity"": 0.09, ""confidence"": 0.91, ""source_message_id"": 1}]",[]
ml_conv_0247,"For context, I am the only person matching these details: my family includes elderly dependent; I have medical debt; my contact is a phone ending in 4421; I identify as man; the relevant date is yesterday; I work as a shopkeeper.",1.0,0.8183333333333334,0.94,1.0,0.4,1.0,8.364815,HIGH,"[{""type"": ""FAMILY"", ""value"": ""elderly dependent"", ""specificity"": 0.81, ""confidence"": 0.94, ""source_message_id"": 1}, {""type"": ""FINANCIAL"", ""value"": ""medical debt"", ""specificity"": 0.77, ""confidence"": 0.92, ""source_message_id"": 2}, {""type"": ""PHONE_NUMBER"", ""value"": ""a phone ending in 4421"", ""specificity"": 0.94, ""confidence"": 0.94, ""source_message_id"": 2}, {""type"": ""GENDER"", ""value"": ""man"", ""specificity"": 0.83, ""confidence"": 0.93, ""source_message_id"": 2}, {""type"": ""DATE"", ""value"": ""yesterday"", ""specificity"": 0.71, ""confidence"": 0.95, ""source_message_id"": 4}, {""type"": ""OCCUPATION"", ""value"": ""shopkeeper"", ""specificity"": 0.85, ""confidence"": 0.89, ""source_message_id"": 4}]","[{""indicator"": ""uniqueness_word"", ""attribute_type"": ""AGE""}]"
ml_conv_0248,Here are some details: I am the only person matching these details: I live in Bengaluru; I am young adult; I identify as man; I work as a student.,0.8,0.8425,0.88,1.0,0.0,1.0,7.180556,HIGH,"[{""type"": ""LOCATION"", ""value"": ""Bengaluru"", ""specificity"": 0.88, ""confidence"": 0.93, ""source_message_id"": 1}, {""type"": ""AGE"", ""value"": ""young adult"", ""specificity"": 0.82, ""confidence"": 0.9, ""source_message_id"": 1}, {""type"": ""GENDER"", ""value"": ""man"", ""specificity"": 0.81, ""confidence"": 0.95, ""source_message_id"": 1}, {""type"": ""OCCUPATION"", ""value"": ""student"", ""specificity"": 0.86, ""confidence"": 0.99, ""source_message_id"": 4}]","[{""indicator"": ""uniqueness_word"", ""attribute_type"": ""LOCATION""}]"
ml_conv_0249,Here are some details: I visited City Hospital; I work as a software engineer.,0.4,0.62,0.66,0.0,0.0,0,2.233333,LOW,"[{""type"": ""FACILITY"", ""value"": ""City Hospital"", ""specificity"": 0.66, ""confidence"": 0.98, ""source_message_id"": 1}, {""type"": ""OCCUPATION"", ""value"": ""software engineer"", ""specificity"": 0.58, ""confidence"": 0.9, ""source_message_id"": 2}]",[]
ml_conv_0250,Yesterday I mentioned that I work as a shopkeeper; I visited district clinic; I identify as man; the relevant date is 2 January 2025.,0.8,0.635,0.81,0.5,0.0,0,3.777778,MEDIUM,"[{""type"": ""OCCUPATION"", ""value"": ""shopkeeper"", ""specificity"": 0.74, ""confidence"": 0.98, ""source_message_id"": 1}, {""type"": ""FACILITY"", ""value"": ""district clinic"", ""specificity"": 0.61, ""confidence"": 0.97, ""source_message_id"": 2}, {""type"": ""GENDER"", ""value"": ""man"", ""specificity"": 0.38, ""confidence"": 0.92, ""source_message_id"": 1}, {""type"": ""DATE"", ""value"": ""2 January 2025"", ""specificity"": 0.81, ""confidence"": 0.98, ""source_message_id"": 3}]",[]
ml_conv_0251,Yesterday I mentioned that I have financial difficulty; I work as a shopkeeper; I have a rare blood disorder; I visited health centre; I identify as woman; my contact is a phone ending in 4421; I have a ration card.,1.0,0.8028571428571428,0.96,0.7142857142857143,0.4,0,5.68254,MEDIUM,"[{""type"": ""FINANCIAL"", ""value"": ""financial difficulty"", ""specificity"": 0.81, ""confidence"": 0.96, ""source_message_id"": 1}, {""type"": ""OCCUPATION"", ""value"": ""shopkeeper"", ""specificity"": 0.76, ""confidence"": 0.92, ""source_message_id"": 1}, {""type"": ""HEALTH"", ""value"": ""a rare blood disorder"", ""specificity"": 0.69, ""confidence"": 0.97, ""source_message_id"": 1}, {""type"": ""FACILITY"", ""value"": ""health centre"", ""specificity"": 0.87, ""confidence"": 0.99, ""source_message_id"": 4}, {""type"": ""GENDER"", ""value"": ""woman"", ""specificity"": 0.85, ""confidence"": 0.97, ""source_message_id"": 3}, {""type"": ""PHONE_NUMBER"", ""value"": ""a phone ending in 4421"", ""specificity"": 0.68, ""confidence"": 0.88, ""source_message_id"": 1}, {""type"": ""GOVERNMENT_ID"", ""value"": ""a ration card"", ""specificity"": 0.96, ""confidence"": 0.9, ""source_message_id"": 1}]",[]
ml_conv_0252,A few details about me: I am the only person matching these details: I visited City Hospital; I work as a shopkeeper; I have diabetes; my contact is a phone ending in 4421; I identify as nonbinary adult; the relevant date is this week; I have a small loan. I had already discussed the matter with the district office.,1.0,0.8485714285714285,0.99,0.8571428571428571,0.4,1.0,8.243651,HIGH,"[{""type"": ""FACILITY"", ""value"": ""City Hospital"", ""specificity"": 0.67, ""confidence"": 0.89, ""source_message_id"": 1}, {""type"": ""OCCUPATION"", ""value"": ""shopkeeper"", ""specificity"": 0.88, ""confidence"": 0.93, ""source_message_id"": 1}, {""type"": ""HEALTH"", ""value"": ""diabetes"", ""specificity"": 0.99, ""confidence"": 0.95, ""source_message_id"": 3}, {""type"": ""PHONE_NUMBER"", ""value"": ""a phone ending in 4421"", ""specificity"": 0.78, ""confidence"": 0.97, ""source_message_id"": 1}, {""type"": ""GENDER"", ""value"": ""nonbinary adult"", ""specificity"": 0.95, ""confidence"": 0.92, ""source_message_id"": 4}, {""type"": ""DATE"", ""value"": ""this week"", ""specificity"": 0.94, ""confidence"": 0.93, ""source_message_id"": 2}, {""type"": ""FINANCIAL"", ""value"": ""a small loan"", ""specificity"": 0.73, ""confidence"": 0.93, ""source_message_id"": 2}]","[{""indicator"": ""sensitive_health_attribute"", ""attribute_type"": ""HEALTH""}, {""indicator"": ""exact_date"", ""attribute_type"": ""DATE""}, {""indicator"": ""uniqueness_word"", ""attribute_type"": ""HEALTH""}]"
ml_conv_0253,A few details about me: I work as a software engineer; the relevant date is yesterday; my family includes elderly dependent; I have a government identification number; I am 29; I have ₹50 lakh debt.,1.0,0.7683333333333334,0.82,0.8333333333333334,0.4,0,5.609259,MEDIUM,"[{""type"": ""OCCUPATION"", ""value"": ""software engineer"", ""specificity"": 0.69, ""confidence"": 0.93, ""source_message_id"": 1}, {""type"": ""DATE"", ""value"": ""yesterday"", ""specificity"": 0.79, ""confidence"": 0.93, ""source_message_id"": 1}, {""type"": ""FAMILY"", ""value"": ""elderly dependent"", ""specificity"": 0.77, ""confidence"": 0.91, ""source_message_id"": 2}, {""type"": ""GOVERNMENT_ID"", ""value"": ""a government identification number"", ""specificity"": 0.76, ""confidence"": 0.92, ""source_message_id"": 1}, {""type"": ""AGE"", ""value"": ""29"", ""specificity"": 0.78, ""confidence"": 0.97, ""source_message_id"": 4}, {""type"": ""FINANCIAL"", ""value"": ""₹50 lakh debt"", ""specificity"": 0.82, ""confidence"": 0.93, ""source_message_id"": 4}]",[]
ml_conv_0254,Yesterday I mentioned that I identify as nonbinary adult; my contact is a mobile number; I live in Karnataka.,0.6,0.7433333333333333,0.82,0.6666666666666666,0.0,0,3.97037,MEDIUM,"[{""type"": ""GENDER"", ""value"": ""nonbinary adult"", ""specificity"": 0.77, ""confidence"": 0.98, ""source_message_id"": 1}, {""type"": ""PHONE_NUMBER"", ""value"": ""a mobile number"", ""specificity"": 0.82, ""confidence"": 0.97, ""source_message_id"": 2}, {""type"": ""LOCATION"", ""value"": ""Karnataka"", ""specificity"": 0.64, ""confidence"": 0.96, ""source_message_id"": 2}]",[]
ml_conv_0255,A few details about me: I am 34; my family includes single parent.,0.4,0.7,0.76,0.5,0.2,0,3.766667,MEDIUM,"[{""type"": ""AGE"", ""value"": ""34"", ""specificity"": 0.76, ""confidence"": 0.93, ""source_message_id"": 1}, {""type"": ""FAMILY"", ""value"": ""single parent"", ""specificity"": 0.64, ""confidence"": 0.89, ""source_message_id"": 1}]",[]
ml_conv_0256,My situation is that I live in Bengaluru; I work as a student.,0.4,0.71,0.73,0.5,0.0,0,3.283333,LOW,"[{""type"": ""LOCATION"", ""value"": ""Bengaluru"", ""specificity"": 0.73, ""confidence"": 0.91, ""source_message_id"": 1}, {""type"": ""OCCUPATION"", ""value"": ""student"", ""specificity"": 0.69, ""confidence"": 0.97, ""source_message_id"": 1}]",[]
ml_conv_0257,Yesterday I mentioned that I have diabetes.,0.2,0.56,0.56,0.0,0.2,0,2.222222,LOW,"[{""type"": ""HEALTH"", ""value"": ""diabetes"", ""specificity"": 0.56, ""confidence"": 0.99, ""source_message_id"": 1}]",[]
ml_conv_0258,Yesterday I mentioned that I work as a teacher; I visited City Hospital; my family includes parent; I have diabetes.,0.8,0.6825,0.84,0.5,0.4,0,4.769444,MEDIUM,"[{""type"": ""OCCUPATION"", ""value"": ""teacher"", ""specificity"": 0.46, ""confidence"": 0.92, ""source_message_id"": 1}, {""type"": ""FACILITY"", ""value"": ""City Hospital"", ""specificity"": 0.77, ""confidence"": 0.93, ""source_message_id"": 1}, {""type"": ""FAMILY"", ""value"": ""parent"", ""specificity"": 0.84, ""confidence"": 0.95, ""source_message_id"": 1}, {""type"": ""HEALTH"", ""value"": ""diabetes"", ""specificity"": 0.66, ""confidence"": 0.88, ""source_message_id"": 3}]",[]
ml_conv_0259,"For context, I identify as woman; I visited PHC Y. It was a quiet day with errands, tea, and a little television.",0.4,0.32,0.43,0.0,0.0,0,1.516667,LOW,"[{""type"": ""GENDER"", ""value"": ""woman"", ""specificity"": 0.43, ""confidence"": 0.91, ""source_message_id"": 1}, {""type"": ""FACILITY"", ""value"": ""PHC Y"", ""specificity"": 0.21, ""confidence"": 0.96, ""source_message_id"": 1}]",[]
ml_conv_0260,"For context, I work as a shopkeeper; I have a ration card.",0.4,0.5800000000000001,0.63,0.0,0.0,0,2.138889,LOW,"[{""type"": ""OCCUPATION"", ""value"": ""shopkeeper"", ""specificity"": 0.63, ""confidence"": 0.97, ""source_message_id"": 1}, {""type"": ""GOVERNMENT_ID"", ""value"": ""a ration card"", ""specificity"": 0.53, ""confidence"": 0.97, ""source_message_id"": 1}]",[]
ml_conv_0261,My situation is that my contact is a mobile number; my family includes two children; I identify as woman; I have medical debt.,0.8,0.5875,0.83,0.5,0.4,0,4.647222,MEDIUM,"[{""type"": ""PHONE_NUMBER"", ""value"": ""a mobile number"", ""specificity"": 0.36, ""confidence"": 0.97, ""source_message_id"": 1}, {""type"": ""FAMILY"", ""value"": ""two children"", ""specificity"": 0.45, ""confidence"": 0.98, ""source_message_id"": 2}, {""type"": ""GENDER"", ""value"": ""woman"", ""specificity"": 0.83, ""confidence"": 0.89, ""source_message_id"": 1}, {""type"": ""FINANCIAL"", ""value"": ""medical debt"", ""specificity"": 0.71, ""confidence"": 0.97, ""source_message_id"": 3}]",[]
ml_conv_0262,My situation is that I work as a teacher; I visited PHC Y.,0.4,0.21500000000000002,0.28,0.0,0.0,0,1.15,LOW,"[{""type"": ""OCCUPATION"", ""value"": ""teacher"", ""specificity"": 0.15, ""confidence"": 0.95, ""source_message_id"": 1}, {""type"": ""FACILITY"", ""value"": ""PHC Y"", ""specificity"": 0.28, ""confidence"": 0.99, ""source_message_id"": 1}]",[]
ml_conv_0263,"For context, I visited PHC Y; my family includes parent; my contact is a mobile number; the relevant date is 14 March 2026; I live in India.",1.0,0.576,0.76,0.2,0.2,0,3.795556,MEDIUM,"[{""type"": ""FACILITY"", ""value"": ""PHC Y"", ""specificity"": 0.45, ""confidence"": 0.93, ""source_message_id"": 1}, {""type"": ""FAMILY"", ""value"": ""parent"", ""specificity"": 0.59, ""confidence"": 0.94, ""source_message_id"": 2}, {""type"": ""PHONE_NUMBER"", ""value"": ""a mobile number"", ""specificity"": 0.62, ""confidence"": 0.94, ""source_message_id"": 3}, {""type"": ""DATE"", ""value"": ""14 March 2026"", ""specificity"": 0.76, ""confidence"": 0.97, ""source_message_id"": 3}, {""type"": ""LOCATION"", ""value"": ""India"", ""specificity"": 0.46, ""confidence"": 0.95, ""source_message_id"": 3}]",[]
ml_conv_0264,"For context, I live in Village Y; my family includes two children.",0.4,0.615,0.67,0.0,0.2,0.6,4.022222,MEDIUM,"[{""type"": ""LOCATION"", ""value"": ""Village Y"", ""specificity"": 0.56, ""confidence"": 0.96, ""source_message_id"": 1}, {""type"": ""FAMILY"", ""value"": ""two children"", ""specificity"": 0.67, ""confidence"": 0.95, ""source_message_id"": 2}]","[{""indicator"": ""village_level_location"", ""attribute_type"": ""LOCATION""}]"
ml_conv_0265,A few details about me: my contact is a mobile number; I identify as woman; I have diabetes; the relevant date is 2 January 2025.,0.8,0.615,0.68,0.0,0.2,0,3.15,LOW,"[{""type"": ""PHONE_NUMBER"", ""value"": ""a mobile number"", ""specificity"": 0.55, ""confidence"": 0.98, ""source_message_id"": 1}, {""type"": ""GENDER"", ""value"": ""woman"", ""specificity"": 0.57, ""confidence"": 0.98, ""source_message_id"": 1}, {""type"": ""HEALTH"", ""value"": ""diabetes"", ""specificity"": 0.68, ""confidence"": 0.92, ""source_message_id"": 3}, {""type"": ""DATE"", ""value"": ""2 January 2025"", ""specificity"": 0.66, ""confidence"": 0.93, ""source_message_id"": 1}]",[]
ml_conv_0266,My situation is that I am the only person matching these details: I have a government identification number; I have chronic kidney disease; my contact is a mobile number.,0.6,0.9133333333333334,0.99,1.0,0.2,1.0,7.664815,HIGH,"[{""type"": ""GOVERNMENT_ID"", ""value"": ""a government identification number"", ""specificity"": 0.87, ""confidence"": 0.96, ""source_message_id"": 1}, {""type"": ""HEALTH"", ""value"": ""chronic kidney disease"", ""specificity"": 0.88, ""confidence"": 0.93, ""source_message_id"": 2}, {""type"": ""PHONE_NUMBER"", ""value"": ""a mobile number"", ""specificity"": 0.99, ""confidence"": 0.98, ""source_message_id"": 1}]","[{""indicator"": ""sensitive_health_attribute"", ""attribute_type"": ""HEALTH""}, {""indicator"": ""uniqueness_word"", ""attribute_type"": ""HEALTH""}]"
ml_conv_0267,My situation is that I am the only person matching these details: my family includes elderly dependent; I identify as woman; I have financial difficulty; I have a government identification number.,0.8,0.79,0.94,0.5,0.4,1.0,7.277778,HIGH,"[{""type"": ""FAMILY"", ""value"": ""elderly dependent"", ""specificity"": 0.94, ""confidence"": 0.95, ""source_message_id"": 1}, {""type"": ""GENDER"", ""value"": ""woman"", ""specificity"": 0.67, ""confidence"": 0.97, ""source_message_id"": 2}, {""type"": ""FINANCIAL"", ""value"": ""financial difficulty"", ""specificity"": 0.86, ""confidence"": 0.91, ""source_message_id"": 1}, {""type"": ""GOVERNMENT_ID"", ""value"": ""a government identification number"", ""specificity"": 0.69, ""confidence"": 0.99, ""source_message_id"": 4}]","[{""indicator"": ""uniqueness_word"", ""attribute_type"": ""AGE""}]"
ml_conv_0268,A few details about me: I visited district clinic; my contact is a mobile number; I identify as man; I am 41; I have a rare blood disorder.,1.0,0.5660000000000001,0.75,0.2,0.2,0,3.767778,MEDIUM,"[{""type"": ""FACILITY"", ""value"": ""district clinic"", ""specificity"": 0.75, ""confidence"": 0.94, ""source_message_id"": 1}, {""type"": ""PHONE_NUMBER"", ""value"": ""a mobile number"", ""specificity"": 0.39, ""confidence"": 0.92, ""source_message_id"": 1}, {""type"": ""GENDER"", ""value"": ""man"", ""specificity"": 0.5, ""confidence"": 0.89, ""source_message_id"": 2}, {""type"": ""AGE"", ""value"": ""41"", ""specificity"": 0.68, ""confidence"": 0.91, ""source_message_id"": 4}, {""type"": ""HEALTH"", ""value"": ""a rare blood disorder"", ""specificity"": 0.51, ""confidence"": 0.9, ""source_message_id"": 2}]",[]
ml_conv_0269,Yesterday I mentioned that the relevant date is 14 March 2026. I spent the morning reading and then made lunch at home.,0.2,0.15,0.15,0.0,0.0,0,0.638889,LOW,"[{""type"": ""DATE"", ""value"": ""14 March 2026"", ""specificity"": 0.15, ""confidence"": 0.9, ""source_message_id"": 1}]",[]
ml_conv_0270,My situation is that my family includes two children; I have a rare blood disorder; I have medical debt; I work as a student.,0.8,0.8225,0.93,1.0,0.6,0.2,6.797222,HIGH,"[{""type"": ""FAMILY"", ""value"": ""two children"", ""specificity"": 0.7, ""confidence"": 0.96, ""source_message_id"": 1}, {""type"": ""HEALTH"", ""value"": ""a rare blood disorder"", ""specificity"": 0.75, ""confidence"": 0.88, ""source_message_id"": 1}, {""type"": ""FINANCIAL"", ""value"": ""medical debt"", ""specificity"": 0.91, ""confidence"": 0.98, ""source_message_id"": 2}, {""type"": ""OCCUPATION"", ""value"": ""student"", ""specificity"": 0.93, ""confidence"": 0.93, ""source_message_id"": 4}]","[{""indicator"": ""sensitive_health_attribute"", ""attribute_type"": ""HEALTH""}]"
ml_conv_0271,Yesterday I mentioned that I am the only person matching these details: I work as a farm worker; I identify as nonbinary adult; I visited PHC Y.,0.6,0.8266666666666667,0.94,0.6666666666666666,0.0,1.0,6.485185,MEDIUM,"[{""type"": ""OCCUPATION"", ""value"": ""farm worker"", ""specificity"": 0.87, ""confidence"": 0.97, ""source_message_id"": 1}, {""type"": ""GENDER"", ""value"": ""nonbinary adult"", ""specificity"": 0.94, ""confidence"": 0.88, ""source_message_id"": 2}, {""type"": ""FACILITY"", ""value"": ""PHC Y"", ""specificity"": 0.67, ""confidence"": 0.93, ""source_message_id"": 1}]","[{""indicator"": ""uniqueness_word"", ""attribute_type"": ""AGE""}]"
ml_conv_0272,Yesterday I mentioned that I am the only person matching these details: my family includes single parent; I visited City Hospital; I have a rare blood disorder; I work as a software engineer; I am 29; I have a ration card; I have medical debt.,1.0,0.8314285714285715,0.93,0.8571428571428571,0.6,1.0,8.569048,HIGH,"[{""type"": ""FAMILY"", ""value"": ""single parent"", ""specificity"": 0.91, ""confidence"": 0.93, ""source_message_id"": 1}, {""type"": ""FACILITY"", ""value"": ""City Hospital"", ""specificity"": 0.68, ""confidence"": 0.93, ""source_message_id"": 2}, {""type"": ""HEALTH"", ""value"": ""a rare blood disorder"", ""specificity"": 0.74, ""confidence"": 0.92, ""source_message_id"": 3}, {""type"": ""OCCUPATION"", ""value"": ""software engineer"", ""specificity"": 0.9, ""confidence"": 0.97, ""source_message_id"": 3}, {""type"": ""AGE"", ""value"": ""29"", ""specificity"": 0.84, ""confidence"": 0.91, ""source_message_id"": 1}, {""type"": ""GOVERNMENT_ID"", ""value"": ""a ration card"", ""specificity"": 0.82, ""confidence"": 0.93, ""source_message_id"": 1}, {""type"": ""FINANCIAL"", ""value"": ""medical debt"", ""specificity"": 0.93, ""confidence"": 0.97, ""source_message_id"": 3}]","[{""indicator"": ""uniqueness_word"", ""attribute_type"": ""HEALTH""}]"
ml_conv_0273,Here are some details: I identify as nonbinary adult; I have rare neurological disorder.,0.4,0.29,0.43,0.0,0.2,0,1.927778,LOW,"[{""type"": ""GENDER"", ""value"": ""nonbinary adult"", ""specificity"": 0.43, ""confidence"": 0.96, ""source_message_id"": 1}, {""type"": ""HEALTH"", ""value"": ""rare neurological disorder"", ""specificity"": 0.15, ""confidence"": 0.91, ""source_message_id"": 2}]",[]
ml_conv_0274,Here are some details: my contact is a mobile number; I live in Village Y.,0.4,0.505,0.54,0.0,0.0,0.6,3.238889,LOW,"[{""type"": ""PHONE_NUMBER"", ""value"": ""a mobile number"", ""specificity"": 0.54, ""confidence"": 0.92, ""source_message_id"": 1}, {""type"": ""LOCATION"", ""value"": ""Village Y"", ""specificity"": 0.47, ""confidence"": 0.9, ""source_message_id"": 1}]","[{""indicator"": ""village_level_location"", ""attribute_type"": ""LOCATION""}]"
ml_conv_0275,A few details about me: I am 34; I identify as man; my family includes single parent; I work as a farm worker; I have rare neurological disorder; I have a small loan.,1.0,0.7966666666666667,0.96,0.8333333333333334,0.6,0.2,6.762963,HIGH,"[{""type"": ""AGE"", ""value"": ""34"", ""specificity"": 0.77, ""confidence"": 0.98, ""source_message_id"": 1}, {""type"": ""GENDER"", ""value"": ""man"", ""specificity"": 0.96, ""confidence"": 0.91, ""source_message_id"": 1}, {""type"": ""FAMILY"", ""value"": ""single parent"", ""specificity"": 0.66, ""confidence"": 0.94, ""source_message_id"": 3}, {""type"": ""OCCUPATION"", ""value"": ""farm worker"", ""specificity"": 0.81, ""confidence"": 0.93, ""source_message_id"": 2}, {""type"": ""HEALTH"", ""value"": ""rare neurological disorder"", ""specificity"": 0.75, ""confidence"": 0.98, ""source_message_id"": 3}, {""type"": ""FINANCIAL"", ""value"": ""a small loan"", ""specificity"": 0.83, ""confidence"": 0.89, ""source_message_id"": 2}]","[{""indicator"": ""sensitive_health_attribute"", ""attribute_type"": ""HEALTH""}]"
ml_conv_0276,My situation is that I am the only person matching these details: I have financial difficulty; I have a ration card; the relevant date is 2 January 2025.,0.6,0.8566666666666666,0.96,1.0,0.2,1.0,7.551852,HIGH,"[{""type"": ""FINANCIAL"", ""value"": ""financial difficulty"", ""specificity"": 0.85, ""confidence"": 0.88, ""source_message_id"": 1}, {""type"": ""GOVERNMENT_ID"", ""value"": ""a ration card"", ""specificity"": 0.76, ""confidence"": 0.96, ""source_message_id"": 1}, {""type"": ""DATE"", ""value"": ""2 January 2025"", ""specificity"": 0.96, ""confidence"": 0.94, ""source_message_id"": 1}]","[{""indicator"": ""exact_date"", ""attribute_type"": ""DATE""}, {""indicator"": ""uniqueness_word"", ""attribute_type"": ""AGE""}]"
ml_conv_0277,"For context, I am the only person matching these details: I identify as man; my contact is a mobile number; I visited City Hospital; my family includes parent; the relevant date is yesterday.",1.0,0.8619999999999999,0.95,0.8,0.2,1.0,7.652222,HIGH,"[{""type"": ""GENDER"", ""value"": ""man"", ""specificity"": 0.9, ""confidence"": 0.9, ""source_message_id"": 1}, {""type"": ""PHONE_NUMBER"", ""value"": ""a mobile number"", ""specificity"": 0.82, ""confidence"": 0.98, ""source_message_id"": 2}, {""type"": ""FACILITY"", ""value"": ""City Hospital"", ""specificity"": 0.95, ""confidence"": 0.9, ""source_message_id"": 1}, {""type"": ""FAMILY"", ""value"": ""parent"", ""specificity"": 0.95, ""confidence"": 0.91, ""source_message_id"": 3}, {""type"": ""DATE"", ""value"": ""yesterday"", ""specificity"": 0.69, ""confidence"": 0.96, ""source_message_id"": 4}]","[{""indicator"": ""uniqueness_word"", ""attribute_type"": ""AGE""}]"
ml_conv_0278,"For context, I am the only person matching these details: I visited PHC Y; I have diabetes; I am young adult; my family includes elderly dependent; the relevant date is 14 March 2026.",1.0,0.8039999999999999,0.9,0.8,0.4,1.0,7.948889,HIGH,"[{""type"": ""FACILITY"", ""value"": ""PHC Y"", ""specificity"": 0.82, ""confidence"": 0.92, ""source_message_id"": 1}, {""type"": ""HEALTH"", ""value"": ""diabetes"", ""specificity"": 0.9, ""confidence"": 0.95, ""source_message_id"": 2}, {""type"": ""AGE"", ""value"": ""young adult"", ""specificity"": 0.69, ""confidence"": 0.93, ""source_message_id"": 3}, {""type"": ""FAMILY"", ""value"": ""elderly dependent"", ""specificity"": 0.75, ""confidence"": 0.94, ""source_message_id"": 2}, {""type"": ""DATE"", ""value"": ""14 March 2026"", ""specificity"": 0.86, ""confidence"": 0.88, ""source_message_id"": 4}]","[{""indicator"": ""sensitive_health_attribute"", ""attribute_type"": ""HEALTH""}, {""indicator"": ""exact_date"", ""attribute_type"": ""DATE""}, {""indicator"": ""uniqueness_word"", ""attribute_type"": ""HEALTH""}]"
ml_conv_0279,"For context, I visited district clinic; I have ₹50 lakh debt; the relevant date is 14 March 2026; my contact is a mobile number.",0.8,0.6025,0.76,0.25,0.2,0,3.686111,MEDIUM,"[{""type"": ""FACILITY"", ""value"": ""district clinic"", ""specificity"": 0.6, ""confidence"": 0.97, ""source_message_id"": 1}, {""type"": ""FINANCIAL"", ""value"": ""₹50 lakh debt"", ""specificity"": 0.39, ""confidence"": 0.96, ""source_message_id"": 1}, {""type"": ""DATE"", ""value"": ""14 March 2026"", ""specificity"": 0.76, ""confidence"": 0.93, ""source_message_id"": 1}, {""type"": ""PHONE_NUMBER"", ""value"": ""a mobile number"", ""specificity"": 0.66, ""confidence"": 0.99, ""source_message_id"": 1}]",[]
ml_conv_0280,Yesterday I mentioned that my family includes single parent; I work as a shopkeeper; I live in Bengaluru.,0.6,0.64,0.84,0.3333333333333333,0.2,0,3.777778,MEDIUM,"[{""type"": ""FAMILY"", ""value"": ""single parent"", ""specificity"": 0.49, ""confidence"": 0.93, ""source_message_id"": 1}, {""type"": ""OCCUPATION"", ""value"": ""shopkeeper"", ""specificity"": 0.84, ""confidence"": 0.89, ""source_message_id"": 2}, {""type"": ""LOCATION"", ""value"": ""Bengaluru"", ""specificity"": 0.59, ""confidence"": 0.98, ""source_message_id"": 2}]",[]
ml_conv_0281,"For context, the relevant date is 2 January 2025; I visited City Hospital; my contact is a phone ending in 4421.",0.6,0.6366666666666667,0.68,0.0,0.0,0,2.507407,LOW,"[{""type"": ""DATE"", ""value"": ""2 January 2025"", ""specificity"": 0.63, ""confidence"": 0.89, ""source_message_id"": 1}, {""type"": ""FACILITY"", ""value"": ""City Hospital"", ""specificity"": 0.68, ""confidence"": 0.95, ""source_message_id"": 2}, {""type"": ""PHONE_NUMBER"", ""value"": ""a phone ending in 4421"", ""specificity"": 0.6, ""confidence"": 0.95, ""source_message_id"": 3}]",[]
ml_conv_0282,"For context, my contact is a mobile number; I have a government identification number; I identify as woman; I have medical debt; I visited health centre.",1.0,0.618,0.76,0.2,0.2,0,3.842222,MEDIUM,"[{""type"": ""PHONE_NUMBER"", ""value"": ""a mobile number"", ""specificity"": 0.4, ""confidence"": 0.91, ""source_message_id"": 1}, {""type"": ""GOVERNMENT_ID"", ""value"": ""a government identification number"", ""specificity"": 0.69, ""confidence"": 0.98, ""source_message_id"": 1}, {""type"": ""GENDER"", ""value"": ""woman"", ""specificity"": 0.56, ""confidence"": 0.88, ""source_message_id"": 3}, {""type"": ""FINANCIAL"", ""value"": ""medical debt"", ""specificity"": 0.76, ""confidence"": 0.97, ""source_message_id"": 2}, {""type"": ""FACILITY"", ""value"": ""health centre"", ""specificity"": 0.68, ""confidence"": 0.91, ""source_message_id"": 1}]",[]
ml_conv_0283,Here are some details: I am the only person matching these details: my contact is a phone ending in 4421; I have a ration card; the relevant date is this week; I work as a farm worker; I have health problems; I am 41; I identify as woman; I visited health centre.,1.0,0.79125,0.94,0.75,0.2,1.0,7.473611,HIGH,"[{""type"": ""PHONE_NUMBER"", ""value"": ""a phone ending in 4421"", ""specificity"": 0.87, ""confidence"": 0.9, ""source_message_id"": 1}, {""type"": ""GOVERNMENT_ID"", ""value"": ""a ration card"", ""specificity"": 0.75, ""confidence"": 0.93, ""source_message_id"": 1}, {""type"": ""DATE"", ""value"": ""this week"", ""specificity"": 0.86, ""confidence"": 0.9, ""source_message_id"": 1}, {""type"": ""OCCUPATION"", ""value"": ""farm worker"", ""specificity"": 0.94, ""confidence"": 0.93, ""source_message_id"": 1}, {""type"": ""HEALTH"", ""value"": ""health problems"", ""specificity"": 0.68, ""confidence"": 0.97, ""source_message_id"": 1}, {""type"": ""AGE"", ""value"": ""41"", ""specificity"": 0.82, ""confidence"": 0.91, ""source_message_id"": 4}, {""type"": ""GENDER"", ""value"": ""woman"", ""specificity"": 0.68, ""confidence"": 0.96, ""source_message_id"": 2}, {""type"": ""FACILITY"", ""value"": ""health centre"", ""specificity"": 0.73, ""confidence"": 0.9, ""source_message_id"": 1}]","[{""indicator"": ""exact_date"", ""attribute_type"": ""DATE""}, {""indicator"": ""uniqueness_word"", ""attribute_type"": ""HEALTH""}]"
ml_conv_0284,Here are some details: I am the only person matching these details: I identify as man; my family includes parent; I have chronic kidney disease; I have medical debt.,0.8,0.895,0.98,1.0,0.6,1.0,8.738889,HIGH,"[{""type"": ""GENDER"", ""value"": ""man"", ""specificity"": 0.97, ""confidence"": 0.93, ""source_message_id"": 1}, {""type"": ""FAMILY"", ""value"": ""parent"", ""specificity"": 0.98, ""confidence"": 0.88, ""source_message_id"": 1}, {""type"": ""HEALTH"", ""value"": ""chronic kidney disease"", ""specificity"": 0.74, ""confidence"": 0.9, ""source_message_id"": 3}, {""type"": ""FINANCIAL"", ""value"": ""medical debt"", ""specificity"": 0.89, ""confidence"": 0.97, ""source_message_id"": 1}]","[{""indicator"": ""uniqueness_word"", ""attribute_type"": ""HEALTH""}]"
ml_conv_0285,"For context, I have a ration card; my family includes two children.",0.4,0.285,0.35,0.0,0.2,0,1.788889,LOW,"[{""type"": ""GOVERNMENT_ID"", ""value"": ""a ration card"", ""specificity"": 0.22, ""confidence"": 0.92, ""source_message_id"": 1}, {""type"": ""FAMILY"", ""value"": ""two children"", ""specificity"": 0.35, ""confidence"": 0.93, ""source_message_id"": 1}]",[]
ml_conv_0286,"For context, I am the only person matching these details: my contact is a phone ending in 4421; my family includes two children; I work as a teacher; I have chronic kidney disease; I have a ration card.",1.0,0.79,0.91,1.0,0.4,1.0,8.283333,HIGH,"[{""type"": ""PHONE_NUMBER"", ""value"": ""a phone ending in 4421"", ""specificity"": 0.7, ""confidence"": 0.94, ""source_message_id"": 1}, {""type"": ""FAMILY"", ""value"": ""two children"", ""specificity"": 0.71, ""confidence"": 0.93, ""source_message_id"": 1}, {""type"": ""OCCUPATION"", ""value"": ""teacher"", ""specificity"": 0.91, ""confidence"": 0.97, ""source_message_id"": 3}, {""type"": ""HEALTH"", ""value"": ""chronic kidney disease"", ""specificity"": 0.91, ""confidence"": 0.98, ""source_message_id"": 2}, {""type"": ""GOVERNMENT_ID"", ""value"": ""a ration card"", ""specificity"": 0.72, ""confidence"": 0.92, ""source_message_id"": 4}]","[{""indicator"": ""sensitive_health_attribute"", ""attribute_type"": ""HEALTH""}, {""indicator"": ""uniqueness_word"", ""attribute_type"": ""HEALTH""}]"
ml_conv_0287,My situation is that I live in India; I have medical debt; my contact is a phone ending in 4421; my family includes elderly dependent.,0.8,0.51,0.65,0.0,0.4,0,3.427778,MEDIUM,"[{""type"": ""LOCATION"", ""value"": ""India"", ""specificity"": 0.4, ""confidence"": 0.9, ""source_message_id"": 1}, {""type"": ""FINANCIAL"", ""value"": ""medical debt"", ""specificity"": 0.39, ""confidence"": 0.97, ""source_message_id"": 2}, {""type"": ""PHONE_NUMBER"", ""value"": ""a phone ending in 4421"", ""specificity"": 0.65, ""confidence"": 0.96, ""source_message_id"": 1}, {""type"": ""FAMILY"", ""value"": ""elderly dependent"", ""specificity"": 0.6, ""confidence"": 0.95, ""source_message_id"": 1}]",[]
ml_conv_0288,A few details about me: my family includes parent; I live in Ward 14 in Jaipur; I am 29.,0.6,0.5766666666666667,0.66,0.0,0.2,0,2.851852,LOW,"[{""type"": ""FAMILY"", ""value"": ""parent"", ""specificity"": 0.53, ""confidence"": 0.9, ""source_message_id"": 1}, {""type"": ""LOCATION"", ""value"": ""Ward 14 in Jaipur"", ""specificity"": 0.54, ""confidence"": 0.99, ""source_message_id"": 1}, {""type"": ""AGE"", ""value"": ""29"", ""specificity"": 0.66, ""confidence"": 0.93, ""source_message_id"": 2}]",[]
ml_conv_0289,"For context, I am the only person matching these details: I have a rare blood disorder; I am 41; the relevant date is 2 January 2025; my contact is a mobile number.",0.8,0.8225,0.88,1.0,0.2,1.0,7.602778,HIGH,"[{""type"": ""HEALTH"", ""value"": ""a rare blood disorder"", ""specificity"": 0.77, ""confidence"": 0.94, ""source_message_id"": 1}, {""type"": ""AGE"", ""value"": ""41"", ""specificity"": 0.88, ""confidence"": 0.89, ""source_message_id"": 2}, {""type"": ""DATE"", ""value"": ""2 January 2025"", ""specificity"": 0.83, ""confidence"": 0.91, ""source_message_id"": 1}, {""type"": ""PHONE_NUMBER"", ""value"": ""a mobile number"", ""specificity"": 0.81, ""confidence"": 0.94, ""source_message_id"": 1}]","[{""indicator"": ""sensitive_health_attribute"", ""attribute_type"": ""HEALTH""}, {""indicator"": ""exact_age"", ""attribute_type"": ""AGE""}, {""indicator"": ""uniqueness_word"", ""attribute_type"": ""HEALTH""}]"
ml_conv_0290,"A few details about me: I have a small loan. I attended two classes, shared lunch with classmates, and came home.",0.2,0.2,0.2,0.0,0.2,0,1.222222,LOW,"[{""type"": ""FINANCIAL"", ""value"": ""a small loan"", ""specificity"": 0.2, ""confidence"": 0.93, ""source_message_id"": 1}]",[]
ml_conv_0291,My situation is that I am the only person matching these details: I visited PHC Y; I have a rare blood disorder.,0.4,0.8999999999999999,0.97,1.0,0.2,1.0,7.394444,HIGH,"[{""type"": ""FACILITY"", ""value"": ""PHC Y"", ""specificity"": 0.83, ""confidence"": 0.98, ""source_message_id"": 1}, {""type"": ""HEALTH"", ""value"": ""a rare blood disorder"", ""specificity"": 0.97, ""confidence"": 0.97, ""source_message_id"": 1}]","[{""indicator"": ""sensitive_health_attribute"", ""attribute_type"": ""HEALTH""}, {""indicator"": ""uniqueness_word"", ""attribute_type"": ""HEALTH""}]"
ml_conv_0292,Here are some details: I am the only person matching these details: I identify as man; I work as a student; I have a government identification number; I have asthma; my family includes single parent; I visited district clinic; I have a small loan.,1.0,0.7714285714285715,0.97,0.7142857142857143,0.6,1.0,8.330952,HIGH,"[{""type"": ""GENDER"", ""value"": ""man"", ""specificity"": 0.7, ""confidence"": 0.99, ""source_message_id"": 1}, {""type"": ""OCCUPATION"", ""value"": ""student"", ""specificity"": 0.7, ""confidence"": 0.95, ""source_message_id"": 1}, {""type"": ""GOVERNMENT_ID"", ""value"": ""a government identification number"", ""specificity"": 0.89, ""confidence"": 0.93, ""source_message_id"": 2}, {""type"": ""HEALTH"", ""value"": ""asthma"", ""specificity"": 0.67, ""confidence"": 0.93, ""source_message_id"": 4}, {""type"": ""FAMILY"", ""value"": ""single parent"", ""specificity"": 0.67, ""confidence"": 0.93, ""source_message_id"": 2}, {""type"": ""FACILITY"", ""value"": ""district clinic"", ""specificity"": 0.8, ""confidence"": 0.89, ""source_message_id"": 2}, {""type"": ""FINANCIAL"", ""value"": ""a small loan"", ""specificity"": 0.97, ""confidence"": 0.94, ""source_message_id"": 3}]","[{""indicator"": ""uniqueness_word"", ""attribute_type"": ""HEALTH""}]"
ml_conv_0293,My situation is that I have a rare blood disorder; I live in Village X; I am 34.,0.6,0.44,0.6,0.0,0.2,0.6,3.933333,MEDIUM,"[{""type"": ""HEALTH"", ""value"": ""a rare blood disorder"", ""specificity"": 0.53, ""confidence"": 0.91, ""source_message_id"": 1}, {""type"": ""LOCATION"", ""value"": ""Village X"", ""specificity"": 0.19, ""confidence"": 0.96, ""source_message_id"": 2}, {""type"": ""AGE"", ""value"": ""34"", ""specificity"": 0.6, ""confidence"": 0.93, ""source_message_id"": 1}]","[{""indicator"": ""village_level_location"", ""attribute_type"": ""LOCATION""}]"
ml_conv_0294,My situation is that my contact is a mobile number; I live in Karnataka.,0.4,0.625,0.71,0.5,0.0,0,3.155556,LOW,"[{""type"": ""PHONE_NUMBER"", ""value"": ""a mobile number"", ""specificity"": 0.71, ""confidence"": 0.97, ""source_message_id"": 1}, {""type"": ""LOCATION"", ""value"": ""Karnataka"", ""specificity"": 0.54, ""confidence"": 0.89, ""source_message_id"": 2}]",[]
ml_conv_0295,"For context, the relevant date is 2 January 2025; I have asthma.",0.4,0.735,0.76,1.0,0.2,0.2,5.083333,MEDIUM,"[{""type"": ""DATE"", ""value"": ""2 January 2025"", ""specificity"": 0.71, ""confidence"": 0.96, ""source_message_id"": 1}, {""type"": ""HEALTH"", ""value"": ""asthma"", ""specificity"": 0.76, ""confidence"": 0.93, ""source_message_id"": 2}]","[{""indicator"": ""sensitive_health_attribute"", ""attribute_type"": ""HEALTH""}]"
ml_conv_0296,My situation is that I am the only person matching these details: I have financial difficulty; I am adult; the relevant date is 2 January 2025; I live in India; I have asthma; my family includes parent.,1.0,0.8333333333333334,0.98,0.8333333333333334,0.6,1.0,8.614815,HIGH,"[{""type"": ""FINANCIAL"", ""value"": ""financial difficulty"", ""specificity"": 0.67, ""confidence"": 0.97, ""source_message_id"": 1}, {""type"": ""AGE"", ""value"": ""adult"", ""specificity"": 0.83, ""confidence"": 0.96, ""source_message_id"": 1}, {""type"": ""DATE"", ""value"": ""2 January 2025"", ""specificity"": 0.98, ""confidence"": 0.96, ""source_message_id"": 1}, {""type"": ""LOCATION"", ""value"": ""India"", ""specificity"": 0.87, ""confidence"": 0.89, ""source_message_id"": 2}, {""type"": ""HEALTH"", ""value"": ""asthma"", ""specificity"": 0.91, ""confidence"": 0.98, ""source_message_id"": 4}, {""type"": ""FAMILY"", ""value"": ""parent"", ""specificity"": 0.74, ""confidence"": 0.95, ""source_message_id"": 4}]","[{""indicator"": ""exact_date"", ""attribute_type"": ""DATE""}, {""indicator"": ""sensitive_health_attribute"", ""attribute_type"": ""HEALTH""}, {""indicator"": ""uniqueness_word"", ""attribute_type"": ""AGE""}]"
ml_conv_0297,Yesterday I mentioned that I work as a farm worker; my family includes single parent; I have a small loan; my contact is a mobile number.,0.8,0.47750000000000004,0.57,0.0,0.4,0,3.258333,LOW,"[{""type"": ""OCCUPATION"", ""value"": ""farm worker"", ""specificity"": 0.57, ""confidence"": 0.88, ""source_message_id"": 1}, {""type"": ""FAMILY"", ""value"": ""single parent"", ""specificity"": 0.39, ""confidence"": 0.91, ""source_message_id"": 2}, {""type"": ""FINANCIAL"", ""value"": ""a small loan"", ""specificity"": 0.55, ""confidence"": 0.93, ""source_message_id"": 2}, {""type"": ""PHONE_NUMBER"", ""value"": ""a mobile number"", ""specificity"": 0.4, ""confidence"": 0.92, ""source_message_id"": 2}]",[]
ml_conv_0298,Yesterday I mentioned that I am the only person matching these details: I am 41; I live in Karnataka; I have a small loan; my contact is a mobile number; my family includes single parent; I work as a farm worker. The appointment was recorded in the local clinic register.,1.0,0.8416666666666667,0.97,1.0,0.4,1.0,8.440741,HIGH,"[{""type"": ""AGE"", ""value"": ""41"", ""specificity"": 0.97, ""confidence"": 0.89, ""source_message_id"": 1}, {""type"": ""LOCATION"", ""value"": ""Karnataka"", ""specificity"": 0.73, ""confidence"": 0.92, ""source_message_id"": 1}, {""type"": ""FINANCIAL"", ""value"": ""a small loan"", ""specificity"": 0.87, ""confidence"": 0.96, ""source_message_id"": 2}, {""type"": ""PHONE_NUMBER"", ""value"": ""a mobile number"", ""specificity"": 0.96, ""confidence"": 0.95, ""source_message_id"": 1}, {""type"": ""FAMILY"", ""value"": ""single parent"", ""specificity"": 0.79, ""confidence"": 0.97, ""source_message_id"": 2}, {""type"": ""OCCUPATION"", ""value"": ""farm worker"", ""specificity"": 0.73, ""confidence"": 0.97, ""source_message_id"": 1}]","[{""indicator"": ""exact_age"", ""attribute_type"": ""AGE""}, {""indicator"": ""uniqueness_word"", ""attribute_type"": ""AGE""}]"
ml_conv_0299,Yesterday I mentioned that I am the only person matching these details: I have financial difficulty; I have health problems; I identify as nonbinary adult; the relevant date is 2 January 2025; my family includes elderly dependent; I am 29.,1.0,0.7416666666666667,0.83,0.8333333333333334,0.6,1.0,8.262963,HIGH,"[{""type"": ""FINANCIAL"", ""value"": ""financial difficulty"", ""specificity"": 0.67, ""confidence"": 0.89, ""source_message_id"": 1}, {""type"": ""HEALTH"", ""value"": ""health problems"", ""specificity"": 0.79, ""confidence"": 0.9, ""source_message_id"": 2}, {""type"": ""GENDER"", ""value"": ""nonbinary adult"", ""specificity"": 0.7, ""confidence"": 0.9, ""source_message_id"": 2}, {""type"": ""DATE"", ""value"": ""2 January 2025"", ""specificity"": 0.83, ""confidence"": 0.91, ""source_message_id"": 4}, {""type"": ""FAMILY"", ""value"": ""elderly dependent"", ""specificity"": 0.72, ""confidence"": 0.97, ""source_message_id"": 3}, {""type"": ""AGE"", ""value"": ""29"", ""specificity"": 0.74, ""confidence"": 0.94, ""source_message_id"": 3}]","[{""indicator"": ""sensitive_health_attribute"", ""attribute_type"": ""HEALTH""}, {""indicator"": ""uniqueness_word"", ""attribute_type"": ""HEALTH""}]"
ml_conv_0300,Here are some details: I am the only person matching these details: I have ₹50 lakh debt; I work as a software engineer; I have asthma.,0.6,0.9066666666666666,0.97,1.0,0.4,1.0,8.068519,HIGH,"[{""type"": ""FINANCIAL"", ""value"": ""₹50 lakh debt"", ""specificity"": 0.97, ""confidence"": 0.99, ""source_message_id"": 1}, {""type"": ""OCCUPATION"", ""value"": ""software engineer"", ""specificity"": 0.89, ""confidence"": 0.89, ""source_message_id"": 2}, {""type"": ""HEALTH"", ""value"": ""asthma"", ""specificity"": 0.86, ""confidence"": 0.95, ""source_message_id"": 1}]","[{""indicator"": ""sensitive_health_attribute"", ""attribute_type"": ""HEALTH""}, {""indicator"": ""uniqueness_word"", ""attribute_type"": ""HEALTH""}]"
ml_conv_0301,My situation is that I have financial difficulty; my contact is a phone ending in 4421; I identify as nonbinary adult.,0.6,0.5433333333333333,0.83,0.3333333333333333,0.2,0,3.653704,MEDIUM,"[{""type"": ""FINANCIAL"", ""value"": ""financial difficulty"", ""specificity"": 0.83, ""confidence"": 0.89, ""source_message_id"": 1}, {""type"": ""PHONE_NUMBER"", ""value"": ""a phone ending in 4421"", ""specificity"": 0.4, ""confidence"": 0.97, ""source_message_id"": 1}, {""type"": ""GENDER"", ""value"": ""nonbinary adult"", ""specificity"": 0.4, ""confidence"": 0.98, ""source_message_id"": 1}]",[]
ml_conv_0302,Here are some details: the relevant date is 14 March 2026; I am 29; I have financial difficulty; I have diabetes.,0.8,0.8425,0.96,1.0,0.4,0.5,7.091667,HIGH,"[{""type"": ""DATE"", ""value"": ""14 March 2026"", ""specificity"": 0.7, ""confidence"": 0.91, ""source_message_id"": 1}, {""type"": ""AGE"", ""value"": ""29"", ""specificity"": 0.96, ""confidence"": 0.99, ""source_message_id"": 1}, {""type"": ""FINANCIAL"", ""value"": ""financial difficulty"", ""specificity"": 0.86, ""confidence"": 0.99, ""source_message_id"": 1}, {""type"": ""HEALTH"", ""value"": ""diabetes"", ""specificity"": 0.85, ""confidence"": 0.92, ""source_message_id"": 1}]","[{""indicator"": ""exact_age"", ""attribute_type"": ""AGE""}, {""indicator"": ""sensitive_health_attribute"", ""attribute_type"": ""HEALTH""}]"
ml_conv_0303,Here are some details: I am the only person matching these details: my contact is a mobile number; I identify as man; the relevant date is yesterday; I am 34; I work as a farm worker; I visited City Hospital.,1.0,0.7833333333333333,0.87,0.8333333333333334,0.0,1.0,7.042593,HIGH,"[{""type"": ""PHONE_NUMBER"", ""value"": ""a mobile number"", ""specificity"": 0.66, ""confidence"": 0.92, ""source_message_id"": 1}, {""type"": ""GENDER"", ""value"": ""man"", ""specificity"": 0.81, ""confidence"": 0.97, ""source_message_id"": 1}, {""type"": ""DATE"", ""value"": ""yesterday"", ""specificity"": 0.87, ""confidence"": 0.94, ""source_message_id"": 2}, {""type"": ""AGE"", ""value"": ""34"", ""specificity"": 0.78, ""confidence"": 0.91, ""source_message_id"": 3}, {""type"": ""OCCUPATION"", ""value"": ""farm worker"", ""specificity"": 0.81, ""confidence"": 0.93, ""source_message_id"": 1}, {""type"": ""FACILITY"", ""value"": ""City Hospital"", ""specificity"": 0.77, ""confidence"": 0.96, ""source_message_id"": 3}]","[{""indicator"": ""exact_date"", ""attribute_type"": ""DATE""}, {""indicator"": ""uniqueness_word"", ""attribute_type"": ""AGE""}]"
ml_conv_0304,"For context, I visited health centre; I live in India; my contact is a mobile number; I have financial difficulty; my family includes single parent.",1.0,0.584,0.76,0.4,0.4,0,4.582222,MEDIUM,"[{""type"": ""FACILITY"", ""value"": ""health centre"", ""specificity"": 0.6, ""confidence"": 0.89, ""source_message_id"": 1}, {""type"": ""LOCATION"", ""value"": ""India"", ""specificity"": 0.36, ""confidence"": 0.96, ""source_message_id"": 2}, {""type"": ""PHONE_NUMBER"", ""value"": ""a mobile number"", ""specificity"": 0.49, ""confidence"": 0.95, ""source_message_id"": 2}, {""type"": ""FINANCIAL"", ""value"": ""financial difficulty"", ""specificity"": 0.71, ""confidence"": 0.9, ""source_message_id"": 3}, {""type"": ""FAMILY"", ""value"": ""single parent"", ""specificity"": 0.76, ""confidence"": 0.9, ""source_message_id"": 1}]",[]
ml_conv_0305,My situation is that I visited health centre; I have a government identification number; I have a small loan; I identify as nonbinary adult; my family includes elderly dependent.,1.0,0.8220000000000001,0.93,0.8,0.4,0,5.796667,MEDIUM,"[{""type"": ""FACILITY"", ""value"": ""health centre"", ""specificity"": 0.88, ""confidence"": 0.88, ""source_message_id"": 1}, {""type"": ""GOVERNMENT_ID"", ""value"": ""a government identification number"", ""specificity"": 0.72, ""confidence"": 0.97, ""source_message_id"": 1}, {""type"": ""FINANCIAL"", ""value"": ""a small loan"", ""specificity"": 0.9, ""confidence"": 0.92, ""source_message_id"": 3}, {""type"": ""GENDER"", ""value"": ""nonbinary adult"", ""specificity"": 0.93, ""confidence"": 0.89, ""source_message_id"": 2}, {""type"": ""FAMILY"", ""value"": ""elderly dependent"", ""specificity"": 0.68, ""confidence"": 0.98, ""source_message_id"": 2}]",[]
ml_conv_0306,Yesterday I mentioned that I work as a software engineer; I have health problems; I identify as nonbinary adult.,0.6,0.5833333333333334,0.76,0.3333333333333333,0.2,0.2,4.025926,MEDIUM,"[{""type"": ""OCCUPATION"", ""value"": ""software engineer"", ""specificity"": 0.41, ""confidence"": 0.97, ""source_message_id"": 1}, {""type"": ""HEALTH"", ""value"": ""health problems"", ""specificity"": 0.76, ""confidence"": 0.96, ""source_message_id"": 2}, {""type"": ""GENDER"", ""value"": ""nonbinary adult"", ""specificity"": 0.58, ""confidence"": 0.94, ""source_message_id"": 1}]","[{""indicator"": ""sensitive_health_attribute"", ""attribute_type"": ""HEALTH""}]"
ml_conv_0307,A few details about me: I am the only person matching these details: I work as a farm worker; I visited health centre; I am 29; I have financial difficulty.,0.8,0.825,0.97,0.75,0.2,1.0,7.338889,HIGH,"[{""type"": ""OCCUPATION"", ""value"": ""farm worker"", ""specificity"": 0.67, ""confidence"": 0.91, ""source_message_id"": 1}, {""type"": ""FACILITY"", ""value"": ""health centre"", ""specificity"": 0.97, ""confidence"": 0.92, ""source_message_id"": 2}, {""type"": ""AGE"", ""value"": ""29"", ""specificity"": 0.75, ""confidence"": 0.92, ""source_message_id"": 1}, {""type"": ""FINANCIAL"", ""value"": ""financial difficulty"", ""specificity"": 0.91, ""confidence"": 0.89, ""source_message_id"": 2}]","[{""indicator"": ""uniqueness_word"", ""attribute_type"": ""AGE""}]"
ml_conv_0308,My situation is that I am the only person matching these details: my contact is a phone ending in 4421; the relevant date is 14 March 2026; I have a government identification number; I am 29; I have diabetes. Only a few people in the area know these details about me.,1.0,0.764,0.91,0.8,0.2,1.0,7.476667,HIGH,"[{""type"": ""PHONE_NUMBER"", ""value"": ""a phone ending in 4421"", ""specificity"": 0.67, ""confidence"": 0.9, ""source_message_id"": 1}, {""type"": ""DATE"", ""value"": ""14 March 2026"", ""specificity"": 0.75, ""confidence"": 0.93, ""source_message_id"": 2}, {""type"": ""GOVERNMENT_ID"", ""value"": ""a government identification number"", ""specificity"": 0.75, ""confidence"": 0.97, ""source_message_id"": 2}, {""type"": ""AGE"", ""value"": ""29"", ""specificity"": 0.91, ""confidence"": 0.96, ""source_message_id"": 2}, {""type"": ""HEALTH"", ""value"": ""diabetes"", ""specificity"": 0.74, ""confidence"": 0.91, ""source_message_id"": 4}]","[{""indicator"": ""exact_age"", ""attribute_type"": ""AGE""}, {""indicator"": ""uniqueness_word"", ""attribute_type"": ""AGE""}]"
ml_conv_0309,Only 34 in Mysuru.,0.4,0.8049999999999999,0.85,1.0,0.0,1.0,6.644444,MEDIUM,"[{""type"": ""LOCATION"", ""value"": ""Mysuru"", ""specificity"": 0.76, ""confidence"": 0.89, ""source_message_id"": 1}, {""type"": ""AGE"", ""value"": ""34"", ""specificity"": 0.85, ""confidence"": 0.99, ""source_message_id"": 2}]","[{""indicator"": ""exact_age"", ""attribute_type"": ""AGE""}, {""indicator"": ""uniqueness_word"", ""attribute_type"": ""LOCATION""}]"
ml_conv_0310,A few details about me: I have a government identification number.,0.2,0.49,0.49,0.0,0.0,0,1.583333,LOW,"[{""type"": ""GOVERNMENT_ID"", ""value"": ""a government identification number"", ""specificity"": 0.49, ""confidence"": 0.93, ""source_message_id"": 1}]",[]
ml_conv_0311,"For context, my contact is a mobile number; I live in Village X; my family includes single parent; I have diabetes; I work as a farm worker.",1.0,0.654,0.82,0.4,0.4,0.8,6.537778,MEDIUM,"[{""type"": ""PHONE_NUMBER"", ""value"": ""a mobile number"", ""specificity"": 0.44, ""confidence"": 0.89, ""source_message_id"": 1}, {""type"": ""LOCATION"", ""value"": ""Village X"", ""specificity"": 0.67, ""confidence"": 0.89, ""source_message_id"": 1}, {""type"": ""FAMILY"", ""value"": ""single parent"", ""specificity"": 0.57, ""confidence"": 0.94, ""source_message_id"": 2}, {""type"": ""HEALTH"", ""value"": ""diabetes"", ""specificity"": 0.77, ""confidence"": 0.9, ""source_message_id"": 3}, {""type"": ""OCCUPATION"", ""value"": ""farm worker"", ""specificity"": 0.82, ""confidence"": 0.89, ""source_message_id"": 1}]","[{""indicator"": ""village_level_location"", ""attribute_type"": ""LOCATION""}, {""indicator"": ""sensitive_health_attribute"", ""attribute_type"": ""HEALTH""}]"
ml_conv_0312,Here are some details: I am the only person matching these details: I have a rare blood disorder; I have a small loan; I work as a software engineer; my family includes two children; I am 29; I live in small village near Pune; I identify as nonbinary adult. The appointment was recorded in the local clinic register.,1.0,0.8485714285714285,0.98,0.8571428571428571,0.6,1.0,8.671429,HIGH,"[{""type"": ""HEALTH"", ""value"": ""a rare blood disorder"", ""specificity"": 0.87, ""confidence"": 0.99, ""source_message_id"": 1}, {""type"": ""FINANCIAL"", ""value"": ""a small loan"", ""specificity"": 0.69, ""confidence"": 0.95, ""source_message_id"": 1}, {""type"": ""OCCUPATION"", ""value"": ""software engineer"", ""specificity"": 0.78, ""confidence"": 0.92, ""source_message_id"": 2}, {""type"": ""FAMILY"", ""value"": ""two children"", ""specificity"": 0.79, ""confidence"": 0.94, ""source_message_id"": 3}, {""type"": ""AGE"", ""value"": ""29"", ""specificity"": 0.94, ""confidence"": 0.9, ""source_message_id"": 3}, {""type"": ""LOCATION"", ""value"": ""small village near Pune"", ""specificity"": 0.98, ""confidence"": 0.94, ""source_message_id"": 1}, {""type"": ""GENDER"", ""value"": ""nonbinary adult"", ""specificity"": 0.89, ""confidence"": 0.99, ""source_message_id"": 3}]","[{""indicator"": ""sensitive_health_attribute"", ""attribute_type"": ""HEALTH""}, {""indicator"": ""exact_age"", ""attribute_type"": ""AGE""}, {""indicator"": ""village_level_location"", ""attribute_type"": ""LOCATION""}, {""indicator"": ""uniqueness_word"", ""attribute_type"": ""HEALTH""}]"
ml_conv_0313,My situation is that the relevant date is 14 March 2026; I have chronic kidney disease; I work as a teacher; I live in Village Y; I have a ration card. I had already discussed the matter with the district office.,1.0,0.746,0.82,0.8,0.2,0.8,6.862222,HIGH,"[{""type"": ""DATE"", ""value"": ""14 March 2026"", ""specificity"": 0.67, ""confidence"": 0.9, ""source_message_id"": 1}, {""type"": ""HEALTH"", ""value"": ""chronic kidney disease"", ""specificity"": 0.81, ""confidence"": 0.91, ""source_message_id"": 2}, {""type"": ""OCCUPATION"", ""value"": ""teacher"", ""specificity"": 0.73, ""confidence"": 0.99, ""source_message_id"": 3}, {""type"": ""LOCATION"", ""value"": ""Village Y"", ""specificity"": 0.82, ""confidence"": 0.95, ""source_message_id"": 3}, {""type"": ""GOVERNMENT_ID"", ""value"": ""a ration card"", ""specificity"": 0.7, ""confidence"": 0.9, ""source_message_id"": 3}]","[{""indicator"": ""sensitive_health_attribute"", ""attribute_type"": ""HEALTH""}, {""indicator"": ""village_level_location"", ""attribute_type"": ""LOCATION""}]"
ml_conv_0314,Here are some details: I work as a farm worker; I am young adult.,0.4,0.5,0.55,0.0,0.0,0,1.916667,LOW,"[{""type"": ""OCCUPATION"", ""value"": ""farm worker"", ""specificity"": 0.45, ""confidence"": 0.88, ""source_message_id"": 1}, {""type"": ""AGE"", ""value"": ""young adult"", ""specificity"": 0.55, ""confidence"": 0.92, ""source_message_id"": 2}]",[]
ml_conv_0315,My situation is that I have a ration card; the relevant date is yesterday; I am adult.,0.6,0.6933333333333334,0.84,0.6666666666666666,0.0,0,3.948148,MEDIUM,"[{""type"": ""GOVERNMENT_ID"", ""value"": ""a ration card"", ""specificity"": 0.7, ""confidence"": 0.89, ""source_message_id"": 1}, {""type"": ""DATE"", ""value"": ""yesterday"", ""specificity"": 0.84, ""confidence"": 0.91, ""source_message_id"": 1}, {""type"": ""AGE"", ""value"": ""adult"", ""specificity"": 0.54, ""confidence"": 0.89, ""source_message_id"": 1}]",[]
ml_conv_0316,A few details about me: I identify as man; I have a ration card; I live in Mysuru; the relevant date is 14 March 2026.,0.8,0.695,0.76,0.75,0.0,0,4.177778,MEDIUM,"[{""type"": ""GENDER"", ""value"": ""man"", ""specificity"": 0.76, ""confidence"": 0.92, ""source_message_id"": 1}, {""type"": ""GOVERNMENT_ID"", ""value"": ""a ration card"", ""specificity"": 0.71, ""confidence"": 0.9, ""source_message_id"": 1}, {""type"": ""LOCATION"", ""value"": ""Mysuru"", ""specificity"": 0.7, ""confidence"": 0.99, ""source_message_id"": 3}, {""type"": ""DATE"", ""value"": ""14 March 2026"", ""specificity"": 0.61, ""confidence"": 0.97, ""source_message_id"": 3}]",[]
ml_conv_0317,Here are some details: I am the only person matching these details: I am young adult; I identify as nonbinary adult; I have ₹50 lakh debt; I live in Bengaluru; my family includes elderly dependent. Only a few people in the area know these details about me.,1.0,0.76,0.88,0.8,0.4,1.0,7.866667,HIGH,"[{""type"": ""AGE"", ""value"": ""young adult"", ""specificity"": 0.7, ""confidence"": 0.99, ""source_message_id"": 1}, {""type"": ""GENDER"", ""value"": ""nonbinary adult"", ""specificity"": 0.78, ""confidence"": 0.99, ""source_message_id"": 2}, {""type"": ""FINANCIAL"", ""value"": ""₹50 lakh debt"", ""specificity"": 0.65, ""confidence"": 0.94, ""source_message_id"": 3}, {""type"": ""LOCATION"", ""value"": ""Bengaluru"", ""specificity"": 0.79, ""confidence"": 0.9, ""source_message_id"": 3}, {""type"": ""FAMILY"", ""value"": ""elderly dependent"", ""specificity"": 0.88, ""confidence"": 0.94, ""source_message_id"": 2}]","[{""indicator"": ""uniqueness_word"", ""attribute_type"": ""AGE""}]"
ml_conv_0318,Here are some details: I work as a software engineer; I have a government identification number; I am adult.,0.6,0.3433333333333333,0.55,0.0,0.0,0,1.964815,LOW,"[{""type"": ""OCCUPATION"", ""value"": ""software engineer"", ""specificity"": 0.2, ""confidence"": 0.92, ""source_message_id"": 1}, {""type"": ""GOVERNMENT_ID"", ""value"": ""a government identification number"", ""specificity"": 0.55, ""confidence"": 0.96, ""source_message_id"": 1}, {""type"": ""AGE"", ""value"": ""adult"", ""specificity"": 0.28, ""confidence"": 0.91, ""source_message_id"": 1}]",[]
ml_conv_0319,My situation is that my family includes parent; I am adult; my contact is a phone ending in 4421.,0.6,0.53,0.64,0.0,0.2,0,2.766667,LOW,"[{""type"": ""FAMILY"", ""value"": ""parent"", ""specificity"": 0.64, ""confidence"": 0.9, ""source_message_id"": 1}, {""type"": ""AGE"", ""value"": ""adult"", ""specificity"": 0.54, ""confidence"": 0.96, ""source_message_id"": 1}, {""type"": ""PHONE_NUMBER"", ""value"": ""a phone ending in 4421"", ""specificity"": 0.41, ""confidence"": 0.89, ""source_message_id"": 3}]",[]
ml_conv_0320,Here are some details: I have chronic kidney disease; I am 41; I identify as nonbinary adult; I visited PHC Y.,0.8,0.59,0.74,0.5,0.2,0,4.055556,MEDIUM,"[{""type"": ""HEALTH"", ""value"": ""chronic kidney disease"", ""specificity"": 0.43, ""confidence"": 0.91, ""source_message_id"": 1}, {""type"": ""AGE"", ""value"": ""41"", ""specificity"": 0.49, ""confidence"": 0.91, ""source_message_id"": 2}, {""type"": ""GENDER"", ""value"": ""nonbinary adult"", ""specificity"": 0.74, ""confidence"": 0.98, ""source_message_id"": 3}, {""type"": ""FACILITY"", ""value"": ""PHC Y"", ""specificity"": 0.7, ""confidence"": 0.94, ""source_message_id"": 2}]",[]
ml_conv_0321,"For context, I am 29; I live in Village Y.",0.4,0.395,0.47,0.0,0.0,0.6,3.0,LOW,"[{""type"": ""AGE"", ""value"": ""29"", ""specificity"": 0.32, ""confidence"": 0.89, ""source_message_id"": 1}, {""type"": ""LOCATION"", ""value"": ""Village Y"", ""specificity"": 0.47, ""confidence"": 0.98, ""source_message_id"": 1}]","[{""indicator"": ""village_level_location"", ""attribute_type"": ""LOCATION""}]"
ml_conv_0322,Here are some details: the relevant date is 14 March 2026; I have a government identification number.,0.4,0.515,0.59,0.0,0.0,0,2.0,LOW,"[{""type"": ""DATE"", ""value"": ""14 March 2026"", ""specificity"": 0.59, ""confidence"": 0.97, ""source_message_id"": 1}, {""type"": ""GOVERNMENT_ID"", ""value"": ""a government identification number"", ""specificity"": 0.44, ""confidence"": 0.9, ""source_message_id"": 2}]",[]
ml_conv_0323,"For context, my family includes two children; the relevant date is this week; I have a government identification number; my contact is a mobile number.",0.8,0.6325000000000001,0.81,0.5,0.2,0,4.219444,MEDIUM,"[{""type"": ""FAMILY"", ""value"": ""two children"", ""specificity"": 0.7, ""confidence"": 0.91, ""source_message_id"": 1}, {""type"": ""DATE"", ""value"": ""this week"", ""specificity"": 0.51, ""confidence"": 0.9, ""source_message_id"": 2}, {""type"": ""GOVERNMENT_ID"", ""value"": ""a government identification number"", ""specificity"": 0.51, ""confidence"": 0.88, ""source_message_id"": 2}, {""type"": ""PHONE_NUMBER"", ""value"": ""a mobile number"", ""specificity"": 0.81, ""confidence"": 0.99, ""source_message_id"": 4}]",[]
ml_conv_0324,Yesterday I mentioned that I am the only person matching these details: the relevant date is yesterday; I have financial difficulty; I have a rare blood disorder; I identify as man; I visited PHC Y; I have a government identification number. The appointment was recorded in the local clinic register.,1.0,0.7283333333333334,0.81,0.8333333333333334,0.4,1.0,7.77037,HIGH,"[{""type"": ""DATE"", ""value"": ""yesterday"", ""specificity"": 0.74, ""confidence"": 0.98, ""source_message_id"": 1}, {""type"": ""FINANCIAL"", ""value"": ""financial difficulty"", ""specificity"": 0.72, ""confidence"": 0.94, ""source_message_id"": 2}, {""type"": ""HEALTH"", ""value"": ""a rare blood disorder"", ""specificity"": 0.71, ""confidence"": 0.96, ""source_message_id"": 1}, {""type"": ""GENDER"", ""value"": ""man"", ""specificity"": 0.69, ""confidence"": 0.89, ""source_message_id"": 3}, {""type"": ""FACILITY"", ""value"": ""PHC Y"", ""specificity"": 0.7, ""confidence"": 0.97, ""source_message_id"": 1}, {""type"": ""GOVERNMENT_ID"", ""value"": ""a government identification number"", ""specificity"": 0.81, ""confidence"": 0.95, ""source_message_id"": 4}]","[{""indicator"": ""uniqueness_word"", ""attribute_type"": ""HEALTH""}]"
ml_conv_0325,"Yesterday I mentioned that I have ₹50 lakh debt. It was a quiet day with errands, tea, and a little television.",0.2,0.41,0.41,0.0,0.2,0,1.805556,LOW,"[{""type"": ""FINANCIAL"", ""value"": ""₹50 lakh debt"", ""specificity"": 0.41, ""confidence"": 0.96, ""source_message_id"": 1}]",[]
ml_conv_0326,My situation is that I work as a software engineer; I live in Village X; my family includes two children; I have health problems.,0.8,0.47000000000000003,0.55,0.0,0.4,0.6,4.55,MEDIUM,"[{""type"": ""OCCUPATION"", ""value"": ""software engineer"", ""specificity"": 0.55, ""confidence"": 0.96, ""source_message_id"": 1}, {""type"": ""LOCATION"", ""value"": ""Village X"", ""specificity"": 0.41, ""confidence"": 0.98, ""source_message_id"": 1}, {""type"": ""FAMILY"", ""value"": ""two children"", ""specificity"": 0.52, ""confidence"": 0.91, ""source_message_id"": 2}, {""type"": ""HEALTH"", ""value"": ""health problems"", ""specificity"": 0.4, ""confidence"": 0.92, ""source_message_id"": 1}]","[{""indicator"": ""village_level_location"", ""attribute_type"": ""LOCATION""}]"
ml_conv_0327,Here are some details: I work as a teacher; I live in Karnataka; my contact is a phone ending in 4421.,0.6,0.6266666666666666,0.71,0.3333333333333333,0.0,0,3.101852,LOW,"[{""type"": ""OCCUPATION"", ""value"": ""teacher"", ""specificity"": 0.59, ""confidence"": 0.94, ""source_message_id"": 1}, {""type"": ""LOCATION"", ""value"": ""Karnataka"", ""specificity"": 0.58, ""confidence"": 0.88, ""source_message_id"": 2}, {""type"": ""PHONE_NUMBER"", ""value"": ""a phone ending in 4421"", ""specificity"": 0.71, ""confidence"": 0.93, ""source_message_id"": 2}]",[]
ml_conv_0328,"For context, I have ₹50 lakh debt; I have a ration card; my family includes parent; I have asthma; my contact is a phone ending in 4421. I had already discussed the matter with the district office.",1.0,0.8379999999999999,0.92,1.0,0.6,0.2,7.02,HIGH,"[{""type"": ""FINANCIAL"", ""value"": ""₹50 lakh debt"", ""specificity"": 0.85, ""confidence"": 0.89, ""source_message_id"": 1}, {""type"": ""GOVERNMENT_ID"", ""value"": ""a ration card"", ""specificity"": 0.92, ""confidence"": 0.95, ""source_message_id"": 2}, {""type"": ""FAMILY"", ""value"": ""parent"", ""specificity"": 0.73, ""confidence"": 0.99, ""source_message_id"": 2}, {""type"": ""HEALTH"", ""value"": ""asthma"", ""specificity"": 0.83, ""confidence"": 0.92, ""source_message_id"": 2}, {""type"": ""PHONE_NUMBER"", ""value"": ""a phone ending in 4421"", ""specificity"": 0.86, ""confidence"": 0.97, ""source_message_id"": 4}]","[{""indicator"": ""sensitive_health_attribute"", ""attribute_type"": ""HEALTH""}]"
ml_conv_0329,"For context, I live in small village near Pune; I am 34.",0.4,0.41000000000000003,0.46,0.0,0.0,0.6,3.0,LOW,"[{""type"": ""LOCATION"", ""value"": ""small village near Pune"", ""specificity"": 0.36, ""confidence"": 0.94, ""source_message_id"": 1}, {""type"": ""AGE"", ""value"": ""34"", ""specificity"": 0.46, ""confidence"": 0.98, ""source_message_id"": 1}]","[{""indicator"": ""village_level_location"", ""attribute_type"": ""LOCATION""}]"
ml_conv_0330,"For context, the relevant date is this week; I work as a teacher; I have a small loan; my contact is a phone ending in 4421; I have health problems.",1.0,0.5559999999999999,0.83,0.4,0.4,0,4.667778,MEDIUM,"[{""type"": ""DATE"", ""value"": ""this week"", ""specificity"": 0.71, ""confidence"": 0.98, ""source_message_id"": 1}, {""type"": ""OCCUPATION"", ""value"": ""teacher"", ""specificity"": 0.83, ""confidence"": 0.94, ""source_message_id"": 1}, {""type"": ""FINANCIAL"", ""value"": ""a small loan"", ""specificity"": 0.36, ""confidence"": 0.93, ""source_message_id"": 2}, {""type"": ""PHONE_NUMBER"", ""value"": ""a phone ending in 4421"", ""specificity"": 0.51, ""confidence"": 0.95, ""source_message_id"": 3}, {""type"": ""HEALTH"", ""value"": ""health problems"", ""specificity"": 0.37, ""confidence"": 0.89, ""source_message_id"": 3}]",[]
ml_conv_0331,"For context, I have a government identification number; the relevant date is yesterday; I am 29; my contact is a phone ending in 4421.",0.8,0.5700000000000001,0.76,0.25,0.0,0,3.205556,LOW,"[{""type"": ""GOVERNMENT_ID"", ""value"": ""a government identification number"", ""specificity"": 0.76, ""confidence"": 0.89, ""source_message_id"": 1}, {""type"": ""DATE"", ""value"": ""yesterday"", ""specificity"": 0.62, ""confidence"": 0.94, ""source_message_id"": 2}, {""type"": ""AGE"", ""value"": ""29"", ""specificity"": 0.38, ""confidence"": 0.93, ""source_message_id"": 2}, {""type"": ""PHONE_NUMBER"", ""value"": ""a phone ending in 4421"", ""specificity"": 0.52, ""confidence"": 0.88, ""source_message_id"": 1}]",[]
ml_conv_0332,Here are some details: I am the only person matching these details: I have a small loan; I am 29; I visited PHC Y; I identify as nonbinary adult.,0.8,0.765,0.85,1.0,0.2,1.0,7.488889,HIGH,"[{""type"": ""FINANCIAL"", ""value"": ""a small loan"", ""specificity"": 0.74, ""confidence"": 0.98, ""source_message_id"": 1}, {""type"": ""AGE"", ""value"": ""29"", ""specificity"": 0.7, ""confidence"": 0.89, ""source_message_id"": 1}, {""type"": ""FACILITY"", ""value"": ""PHC Y"", ""specificity"": 0.77, ""confidence"": 0.9, ""source_message_id"": 3}, {""type"": ""GENDER"", ""value"": ""nonbinary adult"", ""specificity"": 0.85, ""confidence"": 0.89, ""source_message_id"": 1}]","[{""indicator"": ""uniqueness_word"", ""attribute_type"": ""AGE""}]"
ml_conv_0333,"A few details about me: I have a ration card; I have a small loan; I visited City Hospital. The bus was late, so I listened to music while waiting.",0.6,0.18000000000000002,0.35,0.0,0.2,0,1.894444,LOW,"[{""type"": ""GOVERNMENT_ID"", ""value"": ""a ration card"", ""specificity"": 0.35, ""confidence"": 0.89, ""source_message_id"": 1}, {""type"": ""FINANCIAL"", ""value"": ""a small loan"", ""specificity"": 0.07, ""confidence"": 0.96, ""source_message_id"": 2}, {""type"": ""FACILITY"", ""value"": ""City Hospital"", ""specificity"": 0.12, ""confidence"": 0.94, ""source_message_id"": 2}]",[]
ml_conv_0334,My situation is that I am the only person matching these details: I work as a software engineer; I identify as man; I am 41. I had already discussed the matter with the district office.,0.6,0.8533333333333334,0.96,1.0,0.0,1.0,7.103704,HIGH,"[{""type"": ""OCCUPATION"", ""value"": ""software engineer"", ""specificity"": 0.72, ""confidence"": 0.88, ""source_message_id"": 1}, {""type"": ""GENDER"", ""value"": ""man"", ""specificity"": 0.96, ""confidence"": 0.99, ""source_message_id"": 2}, {""type"": ""AGE"", ""value"": ""41"", ""specificity"": 0.88, ""confidence"": 0.9, ""source_message_id"": 1}]","[{""indicator"": ""exact_age"", ""attribute_type"": ""AGE""}, {""indicator"": ""uniqueness_word"", ""attribute_type"": ""AGE""}]"
ml_conv_0335,A few details about me: I visited City Hospital; I live in Karnataka; my family includes two children; the relevant date is 2 January 2025.,0.8,0.75,0.78,1.0,0.2,0,5.133333,MEDIUM,"[{""type"": ""FACILITY"", ""value"": ""City Hospital"", ""specificity"": 0.73, ""confidence"": 0.92, ""source_message_id"": 1}, {""type"": ""LOCATION"", ""value"": ""Karnataka"", ""specificity"": 0.76, ""confidence"": 0.99, ""source_message_id"": 1}, {""type"": ""FAMILY"", ""value"": ""two children"", ""specificity"": 0.78, ""confidence"": 0.94, ""source_message_id"": 1}, {""type"": ""DATE"", ""value"": ""2 January 2025"", ""specificity"": 0.73, ""confidence"": 0.9, ""source_message_id"": 3}]",[]
ml_conv_0336,"For context, I am the only person matching these details: I work as a teacher; my contact is a phone ending in 4421; I live in Mysuru; I identify as woman. The appointment was recorded in the local clinic register.",0.8,0.9225,0.95,1.0,0.0,1.0,7.386111,HIGH,"[{""type"": ""OCCUPATION"", ""value"": ""teacher"", ""specificity"": 0.94, ""confidence"": 0.95, ""source_message_id"": 1}, {""type"": ""PHONE_NUMBER"", ""value"": ""a phone ending in 4421"", ""specificity"": 0.91, ""confidence"": 0.94, ""source_message_id"": 2}, {""type"": ""LOCATION"", ""value"": ""Mysuru"", ""specificity"": 0.95, ""confidence"": 0.89, ""source_message_id"": 3}, {""type"": ""GENDER"", ""value"": ""woman"", ""specificity"": 0.89, ""confidence"": 0.98, ""source_message_id"": 1}]","[{""indicator"": ""uniqueness_word"", ""attribute_type"": ""LOCATION""}]"
ml_conv_0337,Yesterday I mentioned that my contact is a phone ending in 4421; I have ₹50 lakh debt; my family includes two children; I live in Karnataka; I identify as woman; the relevant date is 14 March 2026; I am 34; I visited City Hospital.,1.0,0.7825,0.93,0.75,0.4,0.15,6.002778,MEDIUM,"[{""type"": ""PHONE_NUMBER"", ""value"": ""a phone ending in 4421"", ""specificity"": 0.69, ""confidence"": 0.97, ""source_message_id"": 1}, {""type"": ""FINANCIAL"", ""value"": ""₹50 lakh debt"", ""specificity"": 0.81, ""confidence"": 0.98, ""source_message_id"": 2}, {""type"": ""FAMILY"", ""value"": ""two children"", ""specificity"": 0.72, ""confidence"": 0.94, ""source_message_id"": 2}, {""type"": ""LOCATION"", ""value"": ""Karnataka"", ""specificity"": 0.65, ""confidence"": 0.94, ""source_message_id"": 1}, {""type"": ""GENDER"", ""value"": ""woman"", ""specificity"": 0.77, ""confidence"": 0.91, ""source_message_id"": 4}, {""type"": ""DATE"", ""value"": ""14 March 2026"", ""specificity"": 0.92, ""confidence"": 0.91, ""source_message_id"": 3}, {""type"": ""AGE"", ""value"": ""34"", ""specificity"": 0.77, ""confidence"": 0.91, ""source_message_id"": 3}, {""type"": ""FACILITY"", ""value"": ""City Hospital"", ""specificity"": 0.93, ""confidence"": 0.96, ""source_message_id"": 4}]","[{""indicator"": ""exact_date"", ""attribute_type"": ""DATE""}]"
ml_conv_0338,My situation is that I am the only person matching these details: I identify as woman; I work as a software engineer; my family includes parent.,0.6,0.91,0.99,1.0,0.2,1.0,7.661111,HIGH,"[{""type"": ""GENDER"", ""value"": ""woman"", ""specificity"": 0.88, ""confidence"": 0.9, ""source_message_id"": 1}, {""type"": ""OCCUPATION"", ""value"": ""software engineer"", ""specificity"": 0.86, ""confidence"": 0.95, ""source_message_id"": 2}, {""type"": ""FAMILY"", ""value"": ""parent"", ""specificity"": 0.99, ""confidence"": 0.96, ""source_message_id"": 3}]","[{""indicator"": ""uniqueness_word"", ""attribute_type"": ""AGE""}]"
ml_conv_0339,"For context, my family includes two children; the relevant date is yesterday; I identify as woman; I visited PHC Y.",0.8,0.605,0.82,0.5,0.2,0,4.205556,MEDIUM,"[{""type"": ""FAMILY"", ""value"": ""two children"", ""specificity"": 0.53, ""confidence"": 0.89, ""source_message_id"": 1}, {""type"": ""DATE"", ""value"": ""yesterday"", ""specificity"": 0.82, ""confidence"": 0.94, ""source_message_id"": 1}, {""type"": ""GENDER"", ""value"": ""woman"", ""specificity"": 0.7, ""confidence"": 0.97, ""source_message_id"": 1}, {""type"": ""FACILITY"", ""value"": ""PHC Y"", ""specificity"": 0.37, ""confidence"": 0.95, ""source_message_id"": 1}]",[]
ml_conv_0340,"For context, the relevant date is 2 January 2025; I visited district clinic; I identify as nonbinary adult; I am adult; I have a ration card; my contact is a mobile number; I have chronic kidney disease; I live in Karnataka. Only a few people in the area know these details about me.",1.0,0.855,0.95,0.875,0.2,0.65,6.991667,HIGH,"[{""type"": ""DATE"", ""value"": ""2 January 2025"", ""specificity"": 0.94, ""confidence"": 0.89, ""source_message_id"": 1}, {""type"": ""FACILITY"", ""value"": ""district clinic"", ""specificity"": 0.76, ""confidence"": 0.96, ""source_message_id"": 2}, {""type"": ""GENDER"", ""value"": ""nonbinary adult"", ""specificity"": 0.66, ""confidence"": 0.96, ""source_message_id"": 1}, {""type"": ""AGE"", ""value"": ""adult"", ""specificity"": 0.94, ""confidence"": 0.91, ""source_message_id"": 3}, {""type"": ""GOVERNMENT_ID"", ""value"": ""a ration card"", ""specificity"": 0.88, ""confidence"": 0.9, ""source_message_id"": 4}, {""type"": ""PHONE_NUMBER"", ""value"": ""a mobile number"", ""specificity"": 0.86, ""confidence"": 0.93, ""source_message_id"": 4}, {""type"": ""HEALTH"", ""value"": ""chronic kidney disease"", ""specificity"": 0.95, ""confidence"": 0.93, ""source_message_id"": 4}, {""type"": ""LOCATION"", ""value"": ""Karnataka"", ""specificity"": 0.85, ""confidence"": 0.93, ""source_message_id"": 3}]","[{""indicator"": ""exact_date"", ""attribute_type"": ""DATE""}, {""indicator"": ""exact_age"", ""attribute_type"": ""AGE""}, {""indicator"": ""sensitive_health_attribute"", ""attribute_type"": ""HEALTH""}]"
ml_conv_0341,My situation is that I have a ration card; I have asthma; I have medical debt.,0.6,0.8566666666666668,0.99,0.6666666666666666,0.4,0,5.268519,MEDIUM,"[{""type"": ""GOVERNMENT_ID"", ""value"": ""a ration card"", ""specificity"": 0.99, ""confidence"": 0.89, ""source_message_id"": 1}, {""type"": ""HEALTH"", ""value"": ""asthma"", ""specificity"": 0.67, ""confidence"": 0.91, ""source_message_id"": 1}, {""type"": ""FINANCIAL"", ""value"": ""medical debt"", ""specificity"": 0.91, ""confidence"": 0.93, ""source_message_id"": 3}]",[]
ml_conv_0342,My situation is that I live in Bengaluru; I have a government identification number; the relevant date is 2 January 2025.,0.6,0.6733333333333333,0.76,0.3333333333333333,0.0,0,3.237037,LOW,"[{""type"": ""LOCATION"", ""value"": ""Bengaluru"", ""specificity"": 0.76, ""confidence"": 0.89, ""source_message_id"": 1}, {""type"": ""GOVERNMENT_ID"", ""value"": ""a government identification number"", ""specificity"": 0.63, ""confidence"": 0.9, ""source_message_id"": 2}, {""type"": ""DATE"", ""value"": ""2 January 2025"", ""specificity"": 0.63, ""confidence"": 0.98, ""source_message_id"": 2}]",[]
ml_conv_0343,"My situation is that I have a ration card; I identify as man; I have chronic kidney disease. The bus was late, so I listened to music while waiting.",0.6,0.3466666666666667,0.46,0.0,0.2,0,2.262963,LOW,"[{""type"": ""GOVERNMENT_ID"", ""value"": ""a ration card"", ""specificity"": 0.34, ""confidence"": 0.97, ""source_message_id"": 1}, {""type"": ""GENDER"", ""value"": ""man"", ""specificity"": 0.24, ""confidence"": 0.89, ""source_message_id"": 2}, {""type"": ""HEALTH"", ""value"": ""chronic kidney disease"", ""specificity"": 0.46, ""confidence"": 0.98, ""source_message_id"": 2}]",[]
ml_conv_0344,Here are some details: I am the only person matching these details: I have diabetes; my contact is a mobile number; I visited health centre; I work as a farm worker.,0.8,0.785,0.92,0.75,0.2,1.0,7.211111,HIGH,"[{""type"": ""HEALTH"", ""value"": ""diabetes"", ""specificity"": 0.71, ""confidence"": 0.91, ""source_message_id"": 1}, {""type"": ""PHONE_NUMBER"", ""value"": ""a mobile number"", ""specificity"": 0.66, ""confidence"": 0.91, ""source_message_id"": 1}, {""type"": ""FACILITY"", ""value"": ""health centre"", ""specificity"": 0.92, ""confidence"": 0.97, ""source_message_id"": 3}, {""type"": ""OCCUPATION"", ""value"": ""farm worker"", ""specificity"": 0.85, ""confidence"": 0.9, ""source_message_id"": 1}]","[{""indicator"": ""uniqueness_word"", ""attribute_type"": ""HEALTH""}]"
ml_conv_0345,A few details about me: I am the only person matching these details: I have a small loan; I have a government identification number; my family includes single parent; the relevant date is this week; I identify as man; I visited district clinic.,1.0,0.8216666666666667,0.91,0.8333333333333334,0.4,1.0,8.040741,HIGH,"[{""type"": ""FINANCIAL"", ""value"": ""a small loan"", ""specificity"": 0.9, ""confidence"": 0.98, ""source_message_id"": 1}, {""type"": ""GOVERNMENT_ID"", ""value"": ""a government identification number"", ""specificity"": 0.83, ""confidence"": 0.93, ""source_message_id"": 2}, {""type"": ""FAMILY"", ""value"": ""single parent"", ""specificity"": 0.66, ""confidence"": 0.95, ""source_message_id"": 3}, {""type"": ""DATE"", ""value"": ""this week"", ""specificity"": 0.91, ""confidence"": 0.94, ""source_message_id"": 1}, {""type"": ""GENDER"", ""value"": ""man"", ""specificity"": 0.85, ""confidence"": 0.89, ""source_message_id"": 3}, {""type"": ""FACILITY"", ""value"": ""district clinic"", ""specificity"": 0.78, ""confidence"": 0.96, ""source_message_id"": 1}]","[{""indicator"": ""exact_date"", ""attribute_type"": ""DATE""}, {""indicator"": ""uniqueness_word"", ""attribute_type"": ""AGE""}]"
ml_conv_0346,"For context, I am the only person matching these details: I work as a software engineer; I have financial difficulty; I have a government identification number.",0.6,0.8533333333333334,1.0,0.6666666666666666,0.2,1.0,7.059259,HIGH,"[{""type"": ""OCCUPATION"", ""value"": ""software engineer"", ""specificity"": 1.0, ""confidence"": 0.9, ""source_message_id"": 1}, {""type"": ""FINANCIAL"", ""value"": ""financial difficulty"", ""specificity"": 0.87, ""confidence"": 0.95, ""source_message_id"": 1}, {""type"": ""GOVERNMENT_ID"", ""value"": ""a government identification number"", ""specificity"": 0.69, ""confidence"": 0.98, ""source_message_id"": 3}]","[{""indicator"": ""uniqueness_word"", ""attribute_type"": ""AGE""}]"
ml_conv_0347,A few details about me: the relevant date is 14 March 2026. After work I walked through the park and called a friend.,0.2,0.22,0.22,0.0,0.0,0,0.833333,LOW,"[{""type"": ""DATE"", ""value"": ""14 March 2026"", ""specificity"": 0.22, ""confidence"": 0.91, ""source_message_id"": 1}]",[]
ml_conv_0348,A few details about me: I am the only person matching these details: I identify as nonbinary adult; I have a rare blood disorder; I visited PHC Y; I live in Ward 14 in Jaipur; the relevant date is yesterday; my family includes parent; my contact is a phone ending in 4421; I work as a software engineer.,1.0,0.88375,1.0,1.0,0.4,1.0,8.5375,HIGH,"[{""type"": ""GENDER"", ""value"": ""nonbinary adult"", ""specificity"": 0.81, ""confidence"": 0.95, ""source_message_id"": 1}, {""type"": ""HEALTH"", ""value"": ""a rare blood disorder"", ""specificity"": 1.0, ""confidence"": 0.99, ""source_message_id"": 1}, {""type"": ""FACILITY"", ""value"": ""PHC Y"", ""specificity"": 0.72, ""confidence"": 0.95, ""source_message_id"": 1}, {""type"": ""LOCATION"", ""value"": ""Ward 14 in Jaipur"", ""specificity"": 0.96, ""confidence"": 0.91, ""source_message_id"": 3}, {""type"": ""DATE"", ""value"": ""yesterday"", ""specificity"": 0.96, ""confidence"": 0.91, ""source_message_id"": 1}, {""type"": ""FAMILY"", ""value"": ""parent"", ""specificity"": 0.91, ""confidence"": 0.91, ""source_message_id"": 3}, {""type"": ""PHONE_NUMBER"", ""value"": ""a phone ending in 4421"", ""specificity"": 0.85, ""confidence"": 0.92, ""source_message_id"": 3}, {""type"": ""OCCUPATION"", ""value"": ""software engineer"", ""specificity"": 0.86, ""confidence"": 0.89, ""source_message_id"": 3}]","[{""indicator"": ""sensitive_health_attribute"", ""attribute_type"": ""HEALTH""}, {""indicator"": ""exact_date"", ""attribute_type"": ""DATE""}, {""indicator"": ""uniqueness_word"", ""attribute_type"": ""HEALTH""}]"
ml_conv_0349,Here are some details: I work as a software engineer; my contact is a mobile number.,0.4,0.20500000000000002,0.33,0.0,0.0,0,1.222222,LOW,"[{""type"": ""OCCUPATION"", ""value"": ""software engineer"", ""specificity"": 0.08, ""confidence"": 0.96, ""source_message_id"": 1}, {""type"": ""PHONE_NUMBER"", ""value"": ""a mobile number"", ""specificity"": 0.33, ""confidence"": 0.98, ""source_message_id"": 1}]",[]
ml_conv_0350,A few details about me: I have health problems; I visited PHC Y; I work as a farm worker; I have ₹50 lakh debt; my contact is a phone ending in 4421; my family includes single parent; I identify as nonbinary adult.,1.0,0.7871428571428571,0.93,0.8571428571428571,0.6,0.2,6.742063,HIGH,"[{""type"": ""HEALTH"", ""value"": ""health problems"", ""specificity"": 0.89, ""confidence"": 0.88, ""source_message_id"": 1}, {""type"": ""FACILITY"", ""value"": ""PHC Y"", ""specificity"": 0.7, ""confidence"": 0.96, ""source_message_id"": 1}, {""type"": ""OCCUPATION"", ""value"": ""farm worker"", ""specificity"": 0.93, ""confidence"": 0.9, ""source_message_id"": 1}, {""type"": ""FINANCIAL"", ""value"": ""₹50 lakh debt"", ""specificity"": 0.68, ""confidence"": 0.89, ""source_message_id"": 2}, {""type"": ""PHONE_NUMBER"", ""value"": ""a phone ending in 4421"", ""specificity"": 0.79, ""confidence"": 0.95, ""source_message_id"": 2}, {""type"": ""FAMILY"", ""value"": ""single parent"", ""specificity"": 0.73, ""confidence"": 0.95, ""source_message_id"": 3}, {""type"": ""GENDER"", ""value"": ""nonbinary adult"", ""specificity"": 0.79, ""confidence"": 0.95, ""source_message_id"": 4}]","[{""indicator"": ""sensitive_health_attribute"", ""attribute_type"": ""HEALTH""}]"
ml_conv_0351,"For context, I identify as nonbinary adult; I am 57.",0.4,0.605,0.7,0.5,0.0,0,3.116667,LOW,"[{""type"": ""GENDER"", ""value"": ""nonbinary adult"", ""specificity"": 0.7, ""confidence"": 0.98, ""source_message_id"": 1}, {""type"": ""AGE"", ""value"": ""57"", ""specificity"": 0.51, ""confidence"": 0.98, ""source_message_id"": 2}]",[]
ml_conv_0352,A few details about me: I work as a shopkeeper; I have a government identification number; the relevant date is yesterday. I spent the morning reading and then made lunch at home.,0.6,0.29333333333333333,0.41,0.0,0.0,0,1.675926,LOW,"[{""type"": ""OCCUPATION"", ""value"": ""shopkeeper"", ""specificity"": 0.19, ""confidence"": 0.95, ""source_message_id"": 1}, {""type"": ""GOVERNMENT_ID"", ""value"": ""a government identification number"", ""specificity"": 0.41, ""confidence"": 0.96, ""source_message_id"": 1}, {""type"": ""DATE"", ""value"": ""yesterday"", ""specificity"": 0.28, ""confidence"": 0.97, ""source_message_id"": 3}]",[]
ml_conv_0353,Yesterday I mentioned that I have medical debt.,0.2,0.31,0.31,0.0,0.2,0,1.527778,LOW,"[{""type"": ""FINANCIAL"", ""value"": ""medical debt"", ""specificity"": 0.31, ""confidence"": 0.93, ""source_message_id"": 1}]",[]
ml_conv_0354,A few details about me: I have a ration card; I live in Village Y; I have a rare blood disorder; I work as a shopkeeper.,0.8,0.51,0.55,0.0,0.2,0.6,4.15,MEDIUM,"[{""type"": ""GOVERNMENT_ID"", ""value"": ""a ration card"", ""specificity"": 0.49, ""confidence"": 0.9, ""source_message_id"": 1}, {""type"": ""LOCATION"", ""value"": ""Village Y"", ""specificity"": 0.55, ""confidence"": 0.91, ""source_message_id"": 2}, {""type"": ""HEALTH"", ""value"": ""a rare blood disorder"", ""specificity"": 0.54, ""confidence"": 0.89, ""source_message_id"": 2}, {""type"": ""OCCUPATION"", ""value"": ""shopkeeper"", ""specificity"": 0.46, ""confidence"": 0.93, ""source_message_id"": 2}]","[{""indicator"": ""village_level_location"", ""attribute_type"": ""LOCATION""}]"
ml_conv_0355,Yesterday I mentioned that my family includes single parent.,0.2,0.23,0.23,0.0,0.2,0,1.305556,LOW,"[{""type"": ""FAMILY"", ""value"": ""single parent"", ""specificity"": 0.23, ""confidence"": 0.91, ""source_message_id"": 1}]",[]
ml_conv_0356,Here are some details: I have a ration card; I live in Ward 14 in Jaipur; my family includes single parent; I visited district clinic.,0.8,0.56,0.72,0.25,0.2,0,3.572222,MEDIUM,"[{""type"": ""GOVERNMENT_ID"", ""value"": ""a ration card"", ""specificity"": 0.39, ""confidence"": 0.89, ""source_message_id"": 1}, {""type"": ""LOCATION"", ""value"": ""Ward 14 in Jaipur"", ""specificity"": 0.56, ""confidence"": 0.98, ""source_message_id"": 2}, {""type"": ""FAMILY"", ""value"": ""single parent"", ""specificity"": 0.57, ""confidence"": 0.97, ""source_message_id"": 1}, {""type"": ""FACILITY"", ""value"": ""district clinic"", ""specificity"": 0.72, ""confidence"": 0.99, ""source_message_id"": 2}]",[]
ml_conv_0357,My situation is that the relevant date is 14 March 2026; I visited health centre; I am young adult.,0.6,0.7200000000000001,0.84,0.6666666666666666,0.0,0,3.977778,MEDIUM,"[{""type"": ""DATE"", ""value"": ""14 March 2026"", ""specificity"": 0.84, ""confidence"": 0.94, ""source_message_id"": 1}, {""type"": ""FACILITY"", ""value"": ""health centre"", ""specificity"": 0.84, ""confidence"": 0.93, ""source_message_id"": 1}, {""type"": ""AGE"", ""value"": ""young adult"", ""specificity"": 0.48, ""confidence"": 0.92, ""source_message_id"": 2}]",[]
ml_conv_0358,Here are some details: I visited district clinic.,0.2,0.32,0.32,0.0,0.0,0,1.111111,LOW,"[{""type"": ""FACILITY"", ""value"": ""district clinic"", ""specificity"": 0.32, ""confidence"": 0.99, ""source_message_id"": 1}]",[]
ml_conv_0359,Here are some details: I am 29; I have a government identification number; I identify as nonbinary adult; I live in India.,0.8,0.5675,0.84,0.25,0.0,0,3.336111,MEDIUM,"[{""type"": ""AGE"", ""value"": ""29"", ""specificity"": 0.39, ""confidence"": 0.98, ""source_message_id"": 1}, {""type"": ""GOVERNMENT_ID"", ""value"": ""a government identification number"", ""specificity"": 0.62, ""confidence"": 0.97, ""source_message_id"": 1}, {""type"": ""GENDER"", ""value"": ""nonbinary adult"", ""specificity"": 0.84, ""confidence"": 0.93, ""source_message_id"": 2}, {""type"": ""LOCATION"", ""value"": ""India"", ""specificity"": 0.42, ""confidence"": 0.95, ""source_message_id"": 3}]",[]
ml_conv_0360,A few details about me: I have a small loan; the relevant date is this week; I have a ration card; I identify as woman.,0.8,0.5075,0.7,0.25,0.2,0,3.480556,MEDIUM,"[{""type"": ""FINANCIAL"", ""value"": ""a small loan"", ""specificity"": 0.36, ""confidence"": 0.96, ""source_message_id"": 1}, {""type"": ""DATE"", ""value"": ""this week"", ""specificity"": 0.41, ""confidence"": 0.94, ""source_message_id"": 1}, {""type"": ""GOVERNMENT_ID"", ""value"": ""a ration card"", ""specificity"": 0.7, ""confidence"": 0.97, ""source_message_id"": 1}, {""type"": ""GENDER"", ""value"": ""woman"", ""specificity"": 0.56, ""confidence"": 0.97, ""source_message_id"": 1}]",[]
ml_conv_0361,"For context, I am 41; my family includes elderly dependent.",0.4,0.5549999999999999,0.63,0.0,0.2,0,2.555556,LOW,"[{""type"": ""AGE"", ""value"": ""41"", ""specificity"": 0.63, ""confidence"": 0.94, ""source_message_id"": 1}, {""type"": ""FAMILY"", ""value"": ""elderly dependent"", ""specificity"": 0.48, ""confidence"": 0.96, ""source_message_id"": 1}]",[]
ml_conv_0362,Here are some details: I have a rare blood disorder; I am 41; I visited health centre; my contact is a phone ending in 4421.,0.8,0.7825,0.98,1.0,0.2,0.2,5.947222,MEDIUM,"[{""type"": ""HEALTH"", ""value"": ""a rare blood disorder"", ""specificity"": 0.98, ""confidence"": 0.95, ""source_message_id"": 1}, {""type"": ""AGE"", ""value"": ""41"", ""specificity"": 0.74, ""confidence"": 0.97, ""source_message_id"": 1}, {""type"": ""FACILITY"", ""value"": ""health centre"", ""specificity"": 0.71, ""confidence"": 0.98, ""source_message_id"": 1}, {""type"": ""PHONE_NUMBER"", ""value"": ""a phone ending in 4421"", ""specificity"": 0.7, ""confidence"": 0.96, ""source_message_id"": 3}]","[{""indicator"": ""sensitive_health_attribute"", ""attribute_type"": ""HEALTH""}]"
ml_conv_0363,"For context, my contact is a mobile number; my family includes two children; the relevant date is 2 January 2025; I am adult; I live in Bengaluru; I identify as woman; I have a small loan; I have a government identification number. I had already discussed the matter with the district office.",1.0,0.87375,0.99,1.0,0.4,0.44999999999999996,7.2875,HIGH,"[{""type"": ""PHONE_NUMBER"", ""value"": ""a mobile number"", ""specificity"": 0.7, ""confidence"": 0.93, ""source_message_id"": 1}, {""type"": ""FAMILY"", ""value"": ""two children"", ""specificity"": 0.77, ""confidence"": 0.89, ""source_message_id"": 2}, {""type"": ""DATE"", ""value"": ""2 January 2025"", ""specificity"": 0.96, ""confidence"": 0.91, ""source_message_id"": 1}, {""type"": ""AGE"", ""value"": ""adult"", ""specificity"": 0.99, ""confidence"": 0.92, ""source_message_id"": 4}, {""type"": ""LOCATION"", ""value"": ""Bengaluru"", ""specificity"": 0.79, ""confidence"": 0.97, ""source_message_id"": 1}, {""type"": ""GENDER"", ""value"": ""woman"", ""specificity"": 0.97, ""confidence"": 0.9, ""source_message_id"": 2}, {""type"": ""FINANCIAL"", ""value"": ""a small loan"", ""specificity"": 0.85, ""confidence"": 0.97, ""source_message_id"": 2}, {""type"": ""GOVERNMENT_ID"", ""value"": ""a government identification number"", ""specificity"": 0.96, ""confidence"": 0.91, ""source_message_id"": 1}]","[{""indicator"": ""exact_date"", ""attribute_type"": ""DATE""}, {""indicator"": ""exact_age"", ""attribute_type"": ""AGE""}]"
ml_conv_0364,A few details about me: my family includes parent; I live in Bengaluru.,0.4,0.525,0.55,0.0,0.2,0,2.388889,LOW,"[{""type"": ""FAMILY"", ""value"": ""parent"", ""specificity"": 0.5, ""confidence"": 0.95, ""source_message_id"": 1}, {""type"": ""LOCATION"", ""value"": ""Bengaluru"", ""specificity"": 0.55, ""confidence"": 0.93, ""source_message_id"": 1}]",[]
ml_conv_0365,Yesterday I mentioned that I am the only person matching these details: I am 41; I work as a farm worker; my contact is a phone ending in 4421; I visited district clinic; my family includes elderly dependent. The appointment was recorded in the local clinic register.,1.0,0.784,0.94,0.6,0.2,1.0,7.215556,HIGH,"[{""type"": ""AGE"", ""value"": ""41"", ""specificity"": 0.66, ""confidence"": 0.92, ""source_message_id"": 1}, {""type"": ""OCCUPATION"", ""value"": ""farm worker"", ""specificity"": 0.88, ""confidence"": 0.95, ""source_message_id"": 1}, {""type"": ""PHONE_NUMBER"", ""value"": ""a phone ending in 4421"", ""specificity"": 0.94, ""confidence"": 0.89, ""source_message_id"": 1}, {""type"": ""FACILITY"", ""value"": ""district clinic"", ""specificity"": 0.67, ""confidence"": 0.95, ""source_message_id"": 1}, {""type"": ""FAMILY"", ""value"": ""elderly dependent"", ""specificity"": 0.77, ""confidence"": 0.93, ""source_message_id"": 1}]","[{""indicator"": ""uniqueness_word"", ""attribute_type"": ""AGE""}]"
ml_conv_0366,A few details about me: I identify as woman; my family includes single parent.,0.4,0.66,0.66,0.0,0.2,0,2.722222,LOW,"[{""type"": ""GENDER"", ""value"": ""woman"", ""specificity"": 0.66, ""confidence"": 0.96, ""source_message_id"": 1}, {""type"": ""FAMILY"", ""value"": ""single parent"", ""specificity"": 0.66, ""confidence"": 0.88, ""source_message_id"": 1}]",[]
ml_conv_0367,Here are some details: I am the only person matching these details: my family includes single parent; I have a government identification number; I visited PHC Y; I have financial difficulty; I live in small village near Pune.,1.0,0.898,1.0,1.0,0.4,1.0,8.553333,HIGH,"[{""type"": ""FAMILY"", ""value"": ""single parent"", ""specificity"": 0.9, ""confidence"": 0.91, ""source_message_id"": 1}, {""type"": ""GOVERNMENT_ID"", ""value"": ""a government identification number"", ""specificity"": 1.0, ""confidence"": 0.99, ""source_message_id"": 2}, {""type"": ""FACILITY"", ""value"": ""PHC Y"", ""specificity"": 0.75, ""confidence"": 0.88, ""source_message_id"": 1}, {""type"": ""FINANCIAL"", ""value"": ""financial difficulty"", ""specificity"": 0.93, ""confidence"": 0.93, ""source_message_id"": 3}, {""type"": ""LOCATION"", ""value"": ""small village near Pune"", ""specificity"": 0.91, ""confidence"": 0.93, ""source_message_id"": 1}]","[{""indicator"": ""village_level_location"", ""attribute_type"": ""LOCATION""}, {""indicator"": ""uniqueness_word"", ""attribute_type"": ""LOCATION""}]"
ml_conv_0368,Yesterday I mentioned that my family includes parent; I have a ration card; I am young adult.,0.6,0.48666666666666664,0.56,0.0,0.2,0,2.585185,LOW,"[{""type"": ""FAMILY"", ""value"": ""parent"", ""specificity"": 0.48, ""confidence"": 0.9, ""source_message_id"": 1}, {""type"": ""GOVERNMENT_ID"", ""value"": ""a ration card"", ""specificity"": 0.42, ""confidence"": 0.89, ""source_message_id"": 2}, {""type"": ""AGE"", ""value"": ""young adult"", ""specificity"": 0.56, ""confidence"": 0.94, ""source_message_id"": 3}]",[]
ml_conv_0369,My situation is that I am the only person matching these details: I am young adult; I visited City Hospital; I work as a teacher; the relevant date is yesterday; I have a ration card. The appointment was recorded in the local clinic register.,1.0,0.8480000000000001,0.98,1.0,0.0,1.0,7.575556,HIGH,"[{""type"": ""AGE"", ""value"": ""young adult"", ""specificity"": 0.85, ""confidence"": 0.91, ""source_message_id"": 1}, {""type"": ""FACILITY"", ""value"": ""City Hospital"", ""specificity"": 0.79, ""confidence"": 0.9, ""source_message_id"": 2}, {""type"": ""OCCUPATION"", ""value"": ""teacher"", ""specificity"": 0.91, ""confidence"": 0.99, ""source_message_id"": 1}, {""type"": ""DATE"", ""value"": ""yesterday"", ""specificity"": 0.71, ""confidence"": 0.9, ""source_message_id"": 3}, {""type"": ""GOVERNMENT_ID"", ""value"": ""a ration card"", ""specificity"": 0.98, ""confidence"": 0.96, ""source_message_id"": 2}]","[{""indicator"": ""exact_age"", ""attribute_type"": ""AGE""}, {""indicator"": ""uniqueness_word"", ""attribute_type"": ""AGE""}]"
ml_conv_0370,Yesterday I mentioned that I live in India; my contact is a mobile number.,0.4,0.5349999999999999,0.58,0.0,0.0,0,2.005556,LOW,"[{""type"": ""LOCATION"", ""value"": ""India"", ""specificity"": 0.49, ""confidence"": 0.88, ""source_message_id"": 1}, {""type"": ""PHONE_NUMBER"", ""value"": ""a mobile number"", ""specificity"": 0.58, ""confidence"": 0.91, ""source_message_id"": 2}]",[]
ml_conv_0371,Here are some details: my family includes single parent; I have health problems; I work as a student.,0.6,0.3,0.55,0.0,0.4,0,2.805556,LOW,"[{""type"": ""FAMILY"", ""value"": ""single parent"", ""specificity"": 0.18, ""confidence"": 0.88, ""source_message_id"": 1}, {""type"": ""HEALTH"", ""value"": ""health problems"", ""specificity"": 0.17, ""confidence"": 0.92, ""source_message_id"": 2}, {""type"": ""OCCUPATION"", ""value"": ""student"", ""specificity"": 0.55, ""confidence"": 0.89, ""source_message_id"": 1}]",[]
ml_conv_0372,"For context, I am the only person matching these details: I have a government identification number; my contact is a mobile number; I have a small loan; I live in small village near Pune; I visited health centre; I work as a student.",1.0,0.8516666666666667,0.97,1.0,0.2,1.0,8.007407,HIGH,"[{""type"": ""GOVERNMENT_ID"", ""value"": ""a government identification number"", ""specificity"": 0.75, ""confidence"": 0.95, ""source_message_id"": 1}, {""type"": ""PHONE_NUMBER"", ""value"": ""a mobile number"", ""specificity"": 0.92, ""confidence"": 0.92, ""source_message_id"": 2}, {""type"": ""FINANCIAL"", ""value"": ""a small loan"", ""specificity"": 0.76, ""confidence"": 0.88, ""source_message_id"": 3}, {""type"": ""LOCATION"", ""value"": ""small village near Pune"", ""specificity"": 0.88, ""confidence"": 0.97, ""source_message_id"": 4}, {""type"": ""FACILITY"", ""value"": ""health centre"", ""specificity"": 0.83, ""confidence"": 0.98, ""source_message_id"": 4}, {""type"": ""OCCUPATION"", ""value"": ""student"", ""specificity"": 0.97, ""confidence"": 0.93, ""source_message_id"": 2}]","[{""indicator"": ""village_level_location"", ""attribute_type"": ""LOCATION""}, {""indicator"": ""uniqueness_word"", ""attribute_type"": ""LOCATION""}]"
ml_conv_0373,A few details about me: I identify as woman; I have a ration card.,0.4,0.22499999999999998,0.35,0.0,0.0,0,1.277778,LOW,"[{""type"": ""GENDER"", ""value"": ""woman"", ""specificity"": 0.1, ""confidence"": 0.98, ""source_message_id"": 1}, {""type"": ""GOVERNMENT_ID"", ""value"": ""a ration card"", ""specificity"": 0.35, ""confidence"": 0.93, ""source_message_id"": 2}]",[]
ml_conv_0374,A few details about me: I am the only person matching these details: I have a ration card; I work as a teacher; I identify as nonbinary adult; I have health problems; I am 41; I live in Karnataka; the relevant date is yesterday.,1.0,0.8214285714285714,0.95,0.7142857142857143,0.2,1.0,7.464286,HIGH,"[{""type"": ""GOVERNMENT_ID"", ""value"": ""a ration card"", ""specificity"": 0.69, ""confidence"": 0.91, ""source_message_id"": 1}, {""type"": ""OCCUPATION"", ""value"": ""teacher"", ""specificity"": 0.67, ""confidence"": 0.94, ""source_message_id"": 2}, {""type"": ""GENDER"", ""value"": ""nonbinary adult"", ""specificity"": 0.89, ""confidence"": 0.99, ""source_message_id"": 1}, {""type"": ""HEALTH"", ""value"": ""health problems"", ""specificity"": 0.86, ""confidence"": 0.97, ""source_message_id"": 4}, {""type"": ""AGE"", ""value"": ""41"", ""specificity"": 0.76, ""confidence"": 0.94, ""source_message_id"": 1}, {""type"": ""LOCATION"", ""value"": ""Karnataka"", ""specificity"": 0.95, ""confidence"": 0.95, ""source_message_id"": 3}, {""type"": ""DATE"", ""value"": ""yesterday"", ""specificity"": 0.93, ""confidence"": 0.97, ""source_message_id"": 2}]","[{""indicator"": ""sensitive_health_attribute"", ""attribute_type"": ""HEALTH""}, {""indicator"": ""exact_date"", ""attribute_type"": ""DATE""}, {""indicator"": ""uniqueness_word"", ""attribute_type"": ""HEALTH""}]"
ml_conv_0375,"My situation is that I am young adult; I live in India. The bus was late, so I listened to music while waiting.",0.4,0.13,0.14,0.0,0.0,0,0.822222,LOW,"[{""type"": ""AGE"", ""value"": ""young adult"", ""specificity"": 0.14, ""confidence"": 0.91, ""source_message_id"": 1}, {""type"": ""LOCATION"", ""value"": ""India"", ""specificity"": 0.12, ""confidence"": 0.97, ""source_message_id"": 1}]",[]
ml_conv_0376,My situation is that I have financial difficulty; I visited health centre; the relevant date is this week.,0.6,0.7766666666666667,0.84,0.6666666666666666,0.2,0,4.485185,MEDIUM,"[{""type"": ""FINANCIAL"", ""value"": ""financial difficulty"", ""specificity"": 0.84, ""confidence"": 0.93, ""source_message_id"": 1}, {""type"": ""FACILITY"", ""value"": ""health centre"", ""specificity"": 0.83, ""confidence"": 0.89, ""source_message_id"": 1}, {""type"": ""DATE"", ""value"": ""this week"", ""specificity"": 0.66, ""confidence"": 0.9, ""source_message_id"": 2}]",[]
ml_conv_0377,A few details about me: I am 34; the relevant date is 2 January 2025; I identify as man; I have health problems; I have ₹50 lakh debt.,1.0,0.648,0.85,0.4,0.4,0.2,5.247778,MEDIUM,"[{""type"": ""AGE"", ""value"": ""34"", ""specificity"": 0.47, ""confidence"": 0.94, ""source_message_id"": 1}, {""type"": ""DATE"", ""value"": ""2 January 2025"", ""specificity"": 0.57, ""confidence"": 0.93, ""source_message_id"": 2}, {""type"": ""GENDER"", ""value"": ""man"", ""specificity"": 0.55, ""confidence"": 0.98, ""source_message_id"": 1}, {""type"": ""HEALTH"", ""value"": ""health problems"", ""specificity"": 0.8, ""confidence"": 0.95, ""source_message_id"": 1}, {""type"": ""FINANCIAL"", ""value"": ""₹50 lakh debt"", ""specificity"": 0.85, ""confidence"": 0.93, ""source_message_id"": 2}]","[{""indicator"": ""sensitive_health_attribute"", ""attribute_type"": ""HEALTH""}]"
ml_conv_0378,My situation is that I am the only person matching these details: I work as a software engineer; I have a ration card; I have diabetes; I have medical debt.,0.8,0.7025,0.77,0.5,0.4,1.0,6.897222,HIGH,"[{""type"": ""OCCUPATION"", ""value"": ""software engineer"", ""specificity"": 0.77, ""confidence"": 0.91, ""source_message_id"": 1}, {""type"": ""GOVERNMENT_ID"", ""value"": ""a ration card"", ""specificity"": 0.65, ""confidence"": 0.95, ""source_message_id"": 2}, {""type"": ""HEALTH"", ""value"": ""diabetes"", ""specificity"": 0.68, ""confidence"": 0.96, ""source_message_id"": 1}, {""type"": ""FINANCIAL"", ""value"": ""medical debt"", ""specificity"": 0.71, ""confidence"": 0.96, ""source_message_id"": 3}]","[{""indicator"": ""uniqueness_word"", ""attribute_type"": ""HEALTH""}]"
ml_conv_0379,Here are some details: I am adult.,0.2,0.11,0.11,0.0,0.0,0,0.527778,LOW,"[{""type"": ""AGE"", ""value"": ""adult"", ""specificity"": 0.11, ""confidence"": 0.96, ""source_message_id"": 1}]",[]
ml_conv_0380,Yesterday I mentioned that I am the only person matching these details: my family includes two children; I live in Ward 14 in Jaipur; my contact is a phone ending in 4421; I have health problems; I work as a teacher. The appointment was recorded in the local clinic register.,1.0,0.8160000000000001,0.88,1.0,0.4,1.0,8.262222,HIGH,"[{""type"": ""FAMILY"", ""value"": ""two children"", ""specificity"": 0.88, ""confidence"": 0.91, ""source_message_id"": 1}, {""type"": ""LOCATION"", ""value"": ""Ward 14 in Jaipur"", ""specificity"": 0.86, ""confidence"": 0.99, ""source_message_id"": 2}, {""type"": ""PHONE_NUMBER"", ""value"": ""a phone ending in 4421"", ""specificity"": 0.73, ""confidence"": 0.9, ""source_message_id"": 2}, {""type"": ""HEALTH"", ""value"": ""health problems"", ""specificity"": 0.88, ""confidence"": 0.95, ""source_message_id"": 3}, {""type"": ""OCCUPATION"", ""value"": ""teacher"", ""specificity"": 0.73, ""confidence"": 0.9, ""source_message_id"": 2}]","[{""indicator"": ""sensitive_health_attribute"", ""attribute_type"": ""HEALTH""}, {""indicator"": ""uniqueness_word"", ""attribute_type"": ""LOCATION""}]"
ml_conv_0381,Yesterday I mentioned that I have a rare blood disorder; I identify as nonbinary adult; I have ₹50 lakh debt; I work as a farm worker; I am young adult; I visited district clinic. I had already discussed the matter with the district office.,1.0,0.8283333333333333,0.99,1.0,0.4,0,6.237037,MEDIUM,"[{""type"": ""HEALTH"", ""value"": ""a rare blood disorder"", ""specificity"": 0.74, ""confidence"": 0.98, ""source_message_id"": 1}, {""type"": ""GENDER"", ""value"": ""nonbinary adult"", ""specificity"": 0.76, ""confidence"": 0.92, ""source_message_id"": 2}, {""type"": ""FINANCIAL"", ""value"": ""₹50 lakh debt"", ""specificity"": 0.96, ""confidence"": 0.98, ""source_message_id"": 2}, {""type"": ""OCCUPATION"", ""value"": ""farm worker"", ""specificity"": 0.99, ""confidence"": 0.94, ""source_message_id"": 3}, {""type"": ""AGE"", ""value"": ""young adult"", ""specificity"": 0.77, ""confidence"": 0.96, ""source_message_id"": 4}, {""type"": ""FACILITY"", ""value"": ""district clinic"", ""specificity"": 0.75, ""confidence"": 0.94, ""source_message_id"": 3}]",[]
ml_conv_0382,Here are some details: I work as a teacher; I have rare neurological disorder; my family includes two children; the relevant date is yesterday; my contact is a mobile number.,1.0,0.788,0.91,0.8,0.4,0.35,6.503333,MEDIUM,"[{""type"": ""OCCUPATION"", ""value"": ""teacher"", ""specificity"": 0.73, ""confidence"": 0.93, ""source_message_id"": 1}, {""type"": ""HEALTH"", ""value"": ""rare neurological disorder"", ""specificity"": 0.89, ""confidence"": 0.9, ""source_message_id"": 1}, {""type"": ""FAMILY"", ""value"": ""two children"", ""specificity"": 0.75, ""confidence"": 0.92, ""source_message_id"": 3}, {""type"": ""DATE"", ""value"": ""yesterday"", ""specificity"": 0.91, ""confidence"": 0.96, ""source_message_id"": 3}, {""type"": ""PHONE_NUMBER"", ""value"": ""a mobile number"", ""specificity"": 0.66, ""confidence"": 0.93, ""source_message_id"": 2}]","[{""indicator"": ""sensitive_health_attribute"", ""attribute_type"": ""HEALTH""}, {""indicator"": ""exact_date"", ""attribute_type"": ""DATE""}]"
ml_conv_0383,Yesterday I mentioned that I have asthma; I have a government identification number; my family includes parent; I identify as man; I live in Bengaluru. I had already discussed the matter with the district office.,1.0,0.8320000000000001,0.95,1.0,0.4,0.2,6.618889,MEDIUM,"[{""type"": ""HEALTH"", ""value"": ""asthma"", ""specificity"": 0.76, ""confidence"": 0.98, ""source_message_id"": 1}, {""type"": ""GOVERNMENT_ID"", ""value"": ""a government identification number"", ""specificity"": 0.95, ""confidence"": 0.96, ""source_message_id"": 2}, {""type"": ""FAMILY"", ""value"": ""parent"", ""specificity"": 0.94, ""confidence"": 0.92, ""source_message_id"": 1}, {""type"": ""GENDER"", ""value"": ""man"", ""specificity"": 0.73, ""confidence"": 0.93, ""source_message_id"": 4}, {""type"": ""LOCATION"", ""value"": ""Bengaluru"", ""specificity"": 0.78, ""confidence"": 0.93, ""source_message_id"": 4}]","[{""indicator"": ""sensitive_health_attribute"", ""attribute_type"": ""HEALTH""}]"
ml_conv_0384,Here are some details: I am the only person matching these details: I work as a software engineer; I have a rare blood disorder; I have ₹50 lakh debt; the relevant date is 2 January 2025; I identify as man. The appointment was recorded in the local clinic register.,1.0,0.792,0.95,0.6,0.4,1.0,7.685556,HIGH,"[{""type"": ""OCCUPATION"", ""value"": ""software engineer"", ""specificity"": 0.77, ""confidence"": 0.88, ""source_message_id"": 1}, {""type"": ""HEALTH"", ""value"": ""a rare blood disorder"", ""specificity"": 0.91, ""confidence"": 0.96, ""source_message_id"": 1}, {""type"": ""FINANCIAL"", ""value"": ""₹50 lakh debt"", ""specificity"": 0.67, ""confidence"": 0.93, ""source_message_id"": 3}, {""type"": ""DATE"", ""value"": ""2 January 2025"", ""specificity"": 0.66, ""confidence"": 0.94, ""source_message_id"": 1}, {""type"": ""GENDER"", ""value"": ""man"", ""specificity"": 0.95, ""confidence"": 0.92, ""source_message_id"": 3}]","[{""indicator"": ""sensitive_health_attribute"", ""attribute_type"": ""HEALTH""}, {""indicator"": ""uniqueness_word"", ""attribute_type"": ""HEALTH""}]"
ml_conv_0385,My situation is that I am the only person matching these details: I have a ration card; the relevant date is 14 March 2026; I have rare neurological disorder; I identify as woman. Only a few people in the area know these details about me.,0.8,0.8075,0.89,1.0,0.2,1.0,7.602778,HIGH,"[{""type"": ""GOVERNMENT_ID"", ""value"": ""a ration card"", ""specificity"": 0.81, ""confidence"": 0.91, ""source_message_id"": 1}, {""type"": ""DATE"", ""value"": ""14 March 2026"", ""specificity"": 0.79, ""confidence"": 0.99, ""source_message_id"": 1}, {""type"": ""HEALTH"", ""value"": ""rare neurological disorder"", ""specificity"": 0.89, ""confidence"": 0.97, ""source_message_id"": 1}, {""type"": ""GENDER"", ""value"": ""woman"", ""specificity"": 0.74, ""confidence"": 0.88, ""source_message_id"": 4}]","[{""indicator"": ""sensitive_health_attribute"", ""attribute_type"": ""HEALTH""}, {""indicator"": ""uniqueness_word"", ""attribute_type"": ""HEALTH""}]"
ml_conv_0386,A few details about me: I am 41; I live in Village Y; my family includes single parent. I had already discussed the matter with the district office.,0.6,0.84,0.94,1.0,0.2,0.8999999999999999,7.277778,HIGH,"[{""type"": ""AGE"", ""value"": ""41"", ""specificity"": 0.94, ""confidence"": 0.92, ""source_message_id"": 1}, {""type"": ""LOCATION"", ""value"": ""Village Y"", ""specificity"": 0.85, ""confidence"": 0.88, ""source_message_id"": 2}, {""type"": ""FAMILY"", ""value"": ""single parent"", ""specificity"": 0.73, ""confidence"": 0.91, ""source_message_id"": 1}]","[{""indicator"": ""exact_age"", ""attribute_type"": ""AGE""}, {""indicator"": ""village_level_location"", ""attribute_type"": ""LOCATION""}]"
ml_conv_0387,Here are some details: I identify as woman; I have a government identification number; I am young adult; I visited City Hospital.,0.8,0.655,0.81,0.25,0.0,0,3.383333,MEDIUM,"[{""type"": ""GENDER"", ""value"": ""woman"", ""specificity"": 0.61, ""confidence"": 0.97, ""source_message_id"": 1}, {""type"": ""GOVERNMENT_ID"", ""value"": ""a government identification number"", ""specificity"": 0.63, ""confidence"": 0.92, ""source_message_id"": 2}, {""type"": ""AGE"", ""value"": ""young adult"", ""specificity"": 0.81, ""confidence"": 0.88, ""source_message_id"": 2}, {""type"": ""FACILITY"", ""value"": ""City Hospital"", ""specificity"": 0.57, ""confidence"": 0.94, ""source_message_id"": 1}]",[]
ml_conv_0388,A few details about me: I have chronic kidney disease; I have a ration card.,0.4,0.89,0.93,1.0,0.2,0.2,5.538889,MEDIUM,"[{""type"": ""HEALTH"", ""value"": ""chronic kidney disease"", ""specificity"": 0.85, ""confidence"": 0.96, ""source_message_id"": 1}, {""type"": ""GOVERNMENT_ID"", ""value"": ""a ration card"", ""specificity"": 0.93, ""confidence"": 0.99, ""source_message_id"": 1}]","[{""indicator"": ""sensitive_health_attribute"", ""attribute_type"": ""HEALTH""}]"
ml_conv_0389,Yesterday I mentioned that I identify as nonbinary adult; I live in Mysuru; I work as a shopkeeper; my family includes elderly dependent; I am 41; the relevant date is this week; I visited City Hospital.,1.0,0.8614285714285714,0.97,1.0,0.2,0,5.796032,MEDIUM,"[{""type"": ""GENDER"", ""value"": ""nonbinary adult"", ""specificity"": 0.92, ""confidence"": 0.88, ""source_message_id"": 1}, {""type"": ""LOCATION"", ""value"": ""Mysuru"", ""specificity"": 0.93, ""confidence"": 0.96, ""source_message_id"": 2}, {""type"": ""OCCUPATION"", ""value"": ""shopkeeper"", ""specificity"": 0.79, ""confidence"": 0.9, ""source_message_id"": 2}, {""type"": ""FAMILY"", ""value"": ""elderly dependent"", ""specificity"": 0.87, ""confidence"": 0.91, ""source_message_id"": 4}, {""type"": ""AGE"", ""value"": ""41"", ""specificity"": 0.74, ""confidence"": 0.97, ""source_message_id"": 1}, {""type"": ""DATE"", ""value"": ""this week"", ""specificity"": 0.81, ""confidence"": 0.93, ""source_message_id"": 1}, {""type"": ""FACILITY"", ""value"": ""City Hospital"", ""specificity"": 0.97, ""confidence"": 0.93, ""source_message_id"": 3}]",[]
ml_conv_0390,A few details about me: I am the only person matching these details: I work as a teacher; I live in Mysuru; I have a ration card; I have ₹50 lakh debt. Only a few people in the area know these details about me.,0.8,0.76,0.87,0.75,0.2,1.0,7.1,HIGH,"[{""type"": ""OCCUPATION"", ""value"": ""teacher"", ""specificity"": 0.68, ""confidence"": 0.99, ""source_message_id"": 1}, {""type"": ""LOCATION"", ""value"": ""Mysuru"", ""specificity"": 0.73, ""confidence"": 0.96, ""source_message_id"": 2}, {""type"": ""GOVERNMENT_ID"", ""value"": ""a ration card"", ""specificity"": 0.76, ""confidence"": 0.99, ""source_message_id"": 3}, {""type"": ""FINANCIAL"", ""value"": ""₹50 lakh debt"", ""specificity"": 0.87, ""confidence"": 0.93, ""source_message_id"": 2}]","[{""indicator"": ""uniqueness_word"", ""attribute_type"": ""LOCATION""}]"
ml_conv_0391,Yesterday I mentioned that I have health problems; I work as a farm worker; my family includes two children.,0.6,0.59,0.63,0.0,0.4,0,3.261111,LOW,"[{""type"": ""HEALTH"", ""value"": ""health problems"", ""specificity"": 0.62, ""confidence"": 0.92, ""source_message_id"": 1}, {""type"": ""OCCUPATION"", ""value"": ""farm worker"", ""specificity"": 0.63, ""confidence"": 0.91, ""source_message_id"": 2}, {""type"": ""FAMILY"", ""value"": ""two children"", ""specificity"": 0.52, ""confidence"": 0.92, ""source_message_id"": 2}]",[]
ml_conv_0392,Here are some details: I am the only person matching these details: the relevant date is this week; I have a ration card; my contact is a phone ending in 4421; I work as a farm worker.,0.8,0.7875,0.96,1.0,0.0,1.0,7.252778,HIGH,"[{""type"": ""DATE"", ""value"": ""this week"", ""specificity"": 0.71, ""confidence"": 0.95, ""source_message_id"": 1}, {""type"": ""GOVERNMENT_ID"", ""value"": ""a ration card"", ""specificity"": 0.96, ""confidence"": 0.89, ""source_message_id"": 2}, {""type"": ""PHONE_NUMBER"", ""value"": ""a phone ending in 4421"", ""specificity"": 0.77, ""confidence"": 0.9, ""source_message_id"": 1}, {""type"": ""OCCUPATION"", ""value"": ""farm worker"", ""specificity"": 0.71, ""confidence"": 0.92, ""source_message_id"": 2}]","[{""indicator"": ""uniqueness_word"", ""attribute_type"": ""AGE""}]"
ml_conv_0393,A few details about me: I have financial difficulty; I have a government identification number; the relevant date is yesterday.,0.6,0.49,0.66,0.0,0.2,0,2.755556,LOW,"[{""type"": ""FINANCIAL"", ""value"": ""financial difficulty"", ""specificity"": 0.66, ""confidence"": 0.98, ""source_message_id"": 1}, {""type"": ""GOVERNMENT_ID"", ""value"": ""a government identification number"", ""specificity"": 0.37, ""confidence"": 0.89, ""source_message_id"": 1}, {""type"": ""DATE"", ""value"": ""yesterday"", ""specificity"": 0.44, ""confidence"": 0.89, ""source_message_id"": 3}]",[]
ml_conv_0394,"For context, I identify as nonbinary adult; I have a government identification number; I have chronic kidney disease.",0.6,0.4166666666666667,0.57,0.0,0.2,0,2.524074,LOW,"[{""type"": ""GENDER"", ""value"": ""nonbinary adult"", ""specificity"": 0.49, ""confidence"": 0.94, ""source_message_id"": 1}, {""type"": ""GOVERNMENT_ID"", ""value"": ""a government identification number"", ""specificity"": 0.57, ""confidence"": 0.9, ""source_message_id"": 1}, {""type"": ""HEALTH"", ""value"": ""chronic kidney disease"", ""specificity"": 0.19, ""confidence"": 0.95, ""source_message_id"": 1}]",[]
ml_conv_0395,Yesterday I mentioned that I live in Bengaluru; I am 29; I identify as man; the relevant date is 14 March 2026; I have diabetes.,1.0,0.596,0.79,0.2,0.2,0,3.867778,MEDIUM,"[{""type"": ""LOCATION"", ""value"": ""Bengaluru"", ""specificity"": 0.79, ""confidence"": 0.94, ""source_message_id"": 1}, {""type"": ""AGE"", ""value"": ""29"", ""specificity"": 0.53, ""confidence"": 0.98, ""source_message_id"": 2}, {""type"": ""GENDER"", ""value"": ""man"", ""specificity"": 0.69, ""confidence"": 0.93, ""source_message_id"": 2}, {""type"": ""DATE"", ""value"": ""14 March 2026"", ""specificity"": 0.5, ""confidence"": 0.98, ""source_message_id"": 1}, {""type"": ""HEALTH"", ""value"": ""diabetes"", ""specificity"": 0.47, ""confidence"": 0.9, ""source_message_id"": 4}]",[]
ml_conv_0396,"For context, my family includes single parent; I have a rare blood disorder; I visited PHC Y.",0.6,0.7166666666666667,0.8,0.6666666666666666,0.4,0,4.796296,MEDIUM,"[{""type"": ""FAMILY"", ""value"": ""single parent"", ""specificity"": 0.65, ""confidence"": 0.93, ""source_message_id"": 1}, {""type"": ""HEALTH"", ""value"": ""a rare blood disorder"", ""specificity"": 0.7, ""confidence"": 0.91, ""source_message_id"": 2}, {""type"": ""FACILITY"", ""value"": ""PHC Y"", ""specificity"": 0.8, ""confidence"": 0.97, ""source_message_id"": 3}]",[]
ml_conv_0397,Yesterday I mentioned that I am the only person matching these details: my family includes single parent; I have health problems; I work as a student.,0.6,0.93,0.99,1.0,0.4,1.0,8.127778,HIGH,"[{""type"": ""FAMILY"", ""value"": ""single parent"", ""specificity"": 0.92, ""confidence"": 0.97, ""source_message_id"": 1}, {""type"": ""HEALTH"", ""value"": ""health problems"", ""specificity"": 0.99, ""confidence"": 0.93, ""source_message_id"": 2}, {""type"": ""OCCUPATION"", ""value"": ""student"", ""specificity"": 0.88, ""confidence"": 0.96, ""source_message_id"": 1}]","[{""indicator"": ""sensitive_health_attribute"", ""attribute_type"": ""HEALTH""}, {""indicator"": ""uniqueness_word"", ""attribute_type"": ""HEALTH""}]"
ml_conv_0398,Yesterday I mentioned that I am the only person matching these details: I identify as nonbinary adult; I have a ration card; I have financial difficulty. Only a few people in the area know these details about me.,0.6,0.8666666666666667,0.9,1.0,0.2,1.0,7.462963,HIGH,"[{""type"": ""GENDER"", ""value"": ""nonbinary adult"", ""specificity"": 0.81, ""confidence"": 0.99, ""source_message_id"": 1}, {""type"": ""GOVERNMENT_ID"", ""value"": ""a ration card"", ""specificity"": 0.89, ""confidence"": 0.96, ""source_message_id"": 1}, {""type"": ""FINANCIAL"", ""value"": ""financial difficulty"", ""specificity"": 0.9, ""confidence"": 0.94, ""source_message_id"": 3}]","[{""indicator"": ""uniqueness_word"", ""attribute_type"": ""AGE""}]"
ml_conv_0399,Here are some details: I have a government identification number; I live in Karnataka; the relevant date is 2 January 2025; I have rare neurological disorder; I have a small loan.,1.0,0.678,0.8,0.6,0.4,0.2,5.531111,MEDIUM,"[{""type"": ""GOVERNMENT_ID"", ""value"": ""a government identification number"", ""specificity"": 0.38, ""confidence"": 0.97, ""source_message_id"": 1}, {""type"": ""LOCATION"", ""value"": ""Karnataka"", ""specificity"": 0.74, ""confidence"": 0.96, ""source_message_id"": 2}, {""type"": ""DATE"", ""value"": ""2 January 2025"", ""specificity"": 0.69, ""confidence"": 0.94, ""source_message_id"": 2}, {""type"": ""HEALTH"", ""value"": ""rare neurological disorder"", ""specificity"": 0.78, ""confidence"": 0.91, ""source_message_id"": 2}, {""type"": ""FINANCIAL"", ""value"": ""a small loan"", ""specificity"": 0.8, ""confidence"": 0.9, ""source_message_id"": 1}]","[{""indicator"": ""sensitive_health_attribute"", ""attribute_type"": ""HEALTH""}]"
ml_conv_0400,My situation is that I am the only person matching these details: I have a government identification number; my contact is a phone ending in 4421; I visited PHC Y; the relevant date is yesterday; my family includes single parent; I work as a shopkeeper.,1.0,0.7666666666666666,0.91,0.8333333333333334,0.2,1.0,7.535185,HIGH,"[{""type"": ""GOVERNMENT_ID"", ""value"": ""a government identification number"", ""specificity"": 0.68, ""confidence"": 0.97, ""source_message_id"": 1}, {""type"": ""PHONE_NUMBER"", ""value"": ""a phone ending in 4421"", ""specificity"": 0.91, ""confidence"": 0.95, ""source_message_id"": 2}, {""type"": ""FACILITY"", ""value"": ""PHC Y"", ""specificity"": 0.75, ""confidence"": 0.92, ""source_message_id"": 2}, {""type"": ""DATE"", ""value"": ""yesterday"", ""specificity"": 0.77, ""confidence"": 0.92, ""source_message_id"": 2}, {""type"": ""FAMILY"", ""value"": ""single parent"", ""specificity"": 0.74, ""confidence"": 0.95, ""source_message_id"": 1}, {""type"": ""OCCUPATION"", ""value"": ""shopkeeper"", ""specificity"": 0.75, ""confidence"": 0.95, ""source_message_id"": 2}]","[{""indicator"": ""uniqueness_word"", ""attribute_type"": ""AGE""}]"
ml_conv_0401,"For context, my family includes parent; I work as a farm worker; I have diabetes; I have a government identification number; I visited City Hospital; I have medical debt.",1.0,0.8466666666666667,0.97,0.6666666666666666,0.6,0.2,6.557407,MEDIUM,"[{""type"": ""FAMILY"", ""value"": ""parent"", ""specificity"": 0.67, ""confidence"": 0.89, ""source_message_id"": 1}, {""type"": ""OCCUPATION"", ""value"": ""farm worker"", ""specificity"": 0.94, ""confidence"": 0.97, ""source_message_id"": 2}, {""type"": ""HEALTH"", ""value"": ""diabetes"", ""specificity"": 0.89, ""confidence"": 0.92, ""source_message_id"": 3}, {""type"": ""GOVERNMENT_ID"", ""value"": ""a government identification number"", ""specificity"": 0.65, ""confidence"": 0.89, ""source_message_id"": 3}, {""type"": ""FACILITY"", ""value"": ""City Hospital"", ""specificity"": 0.96, ""confidence"": 0.96, ""source_message_id"": 3}, {""type"": ""FINANCIAL"", ""value"": ""medical debt"", ""specificity"": 0.97, ""confidence"": 0.99, ""source_message_id"": 4}]","[{""indicator"": ""sensitive_health_attribute"", ""attribute_type"": ""HEALTH""}]"
ml_conv_0402,"Yesterday I mentioned that I have a small loan. It was a quiet day with errands, tea, and a little television.",0.2,0.29,0.29,0.0,0.2,0,1.472222,LOW,"[{""type"": ""FINANCIAL"", ""value"": ""a small loan"", ""specificity"": 0.29, ""confidence"": 0.95, ""source_message_id"": 1}]",[]
ml_conv_0403,A few details about me: I am the only person matching these details: I have diabetes; the relevant date is 2 January 2025; I visited City Hospital; I identify as man; I have ₹50 lakh debt; I have a government identification number.,1.0,0.7833333333333333,0.98,1.0,0.4,1.0,8.392593,HIGH,"[{""type"": ""HEALTH"", ""value"": ""diabetes"", ""specificity"": 0.7, ""confidence"": 0.88, ""source_message_id"": 1}, {""type"": ""DATE"", ""value"": ""2 January 2025"", ""specificity"": 0.72, ""confidence"": 0.99, ""source_message_id"": 2}, {""type"": ""FACILITY"", ""value"": ""City Hospital"", ""specificity"": 0.86, ""confidence"": 0.95, ""source_message_id"": 2}, {""type"": ""GENDER"", ""value"": ""man"", ""specificity"": 0.98, ""confidence"": 0.91, ""source_message_id"": 4}, {""type"": ""FINANCIAL"", ""value"": ""₹50 lakh debt"", ""specificity"": 0.73, ""confidence"": 0.92, ""source_message_id"": 2}, {""type"": ""GOVERNMENT_ID"", ""value"": ""a government identification number"", ""specificity"": 0.71, ""confidence"": 0.9, ""source_message_id"": 4}]","[{""indicator"": ""uniqueness_word"", ""attribute_type"": ""HEALTH""}]"
ml_conv_0404,Yesterday I mentioned that I identify as nonbinary adult.,0.2,0.4,0.4,0.0,0.0,0,1.333333,LOW,"[{""type"": ""GENDER"", ""value"": ""nonbinary adult"", ""specificity"": 0.4, ""confidence"": 0.97, ""source_message_id"": 1}]",[]
ml_conv_0405,"For context, I identify as nonbinary adult; my contact is a phone ending in 4421; I visited City Hospital.",0.6,0.49666666666666665,0.7,0.3333333333333333,0.0,0,2.940741,LOW,"[{""type"": ""GENDER"", ""value"": ""nonbinary adult"", ""specificity"": 0.7, ""confidence"": 0.9, ""source_message_id"": 1}, {""type"": ""PHONE_NUMBER"", ""value"": ""a phone ending in 4421"", ""specificity"": 0.37, ""confidence"": 0.88, ""source_message_id"": 2}, {""type"": ""FACILITY"", ""value"": ""City Hospital"", ""specificity"": 0.42, ""confidence"": 0.95, ""source_message_id"": 3}]",[]
ml_conv_0406,A few details about me: my family includes two children; I identify as nonbinary adult.,0.4,0.22,0.23,0.0,0.2,0,1.516667,LOW,"[{""type"": ""FAMILY"", ""value"": ""two children"", ""specificity"": 0.21, ""confidence"": 0.93, ""source_message_id"": 1}, {""type"": ""GENDER"", ""value"": ""nonbinary adult"", ""specificity"": 0.23, ""confidence"": 0.93, ""source_message_id"": 2}]",[]
ml_conv_0407,Here are some details: my family includes two children; I have chronic kidney disease; I work as a student; I am 29; I identify as woman.,1.0,0.614,0.77,0.4,0.4,0,4.632222,MEDIUM,"[{""type"": ""FAMILY"", ""value"": ""two children"", ""specificity"": 0.77, ""confidence"": 0.96, ""source_message_id"": 1}, {""type"": ""HEALTH"", ""value"": ""chronic kidney disease"", ""specificity"": 0.71, ""confidence"": 0.91, ""source_message_id"": 1}, {""type"": ""OCCUPATION"", ""value"": ""student"", ""specificity"": 0.54, ""confidence"": 0.93, ""source_message_id"": 1}, {""type"": ""AGE"", ""value"": ""29"", ""specificity"": 0.62, ""confidence"": 0.94, ""source_message_id"": 3}, {""type"": ""GENDER"", ""value"": ""woman"", ""specificity"": 0.43, ""confidence"": 0.97, ""source_message_id"": 3}]",[]
ml_conv_0408,"Yesterday I mentioned that I am 34; I visited City Hospital. It was a quiet day with errands, tea, and a little television.",0.4,0.505,0.57,0.0,0.0,0,1.955556,LOW,"[{""type"": ""AGE"", ""value"": ""34"", ""specificity"": 0.57, ""confidence"": 0.95, ""source_message_id"": 1}, {""type"": ""FACILITY"", ""value"": ""City Hospital"", ""specificity"": 0.44, ""confidence"": 0.96, ""source_message_id"": 1}]",[]
ml_conv_0409,Here are some details: I have chronic kidney disease; the relevant date is 14 March 2026.,0.4,0.56,0.6,0.0,0.2,0,2.511111,LOW,"[{""type"": ""HEALTH"", ""value"": ""chronic kidney disease"", ""specificity"": 0.52, ""confidence"": 0.94, ""source_message_id"": 1}, {""type"": ""DATE"", ""value"": ""14 March 2026"", ""specificity"": 0.6, ""confidence"": 0.93, ""source_message_id"": 2}]",[]
ml_conv_0410,"For context, I have diabetes; I visited health centre; the relevant date is this week; I live in Village X.",0.8,0.6125,0.78,0.25,0.2,0.6,5.063889,MEDIUM,"[{""type"": ""HEALTH"", ""value"": ""diabetes"", ""specificity"": 0.49, ""confidence"": 0.97, ""source_message_id"": 1}, {""type"": ""FACILITY"", ""value"": ""health centre"", ""specificity"": 0.78, ""confidence"": 0.95, ""source_message_id"": 1}, {""type"": ""DATE"", ""value"": ""this week"", ""specificity"": 0.52, ""confidence"": 0.95, ""source_message_id"": 3}, {""type"": ""LOCATION"", ""value"": ""Village X"", ""specificity"": 0.66, ""confidence"": 0.92, ""source_message_id"": 2}]","[{""indicator"": ""village_level_location"", ""attribute_type"": ""LOCATION""}]"
ml_conv_0411,Yesterday I mentioned that my contact is a mobile number; I identify as woman.,0.4,0.435,0.47,0.0,0.0,0,1.711111,LOW,"[{""type"": ""PHONE_NUMBER"", ""value"": ""a mobile number"", ""specificity"": 0.4, ""confidence"": 0.97, ""source_message_id"": 1}, {""type"": ""GENDER"", ""value"": ""woman"", ""specificity"": 0.47, ""confidence"": 0.94, ""source_message_id"": 1}]",[]
ml_conv_0412,A few details about me: my contact is a phone ending in 4421.,0.2,0.08,0.08,0.0,0.0,0,0.444444,LOW,"[{""type"": ""PHONE_NUMBER"", ""value"": ""a phone ending in 4421"", ""specificity"": 0.08, ""confidence"": 0.91, ""source_message_id"": 1}]",[]
ml_conv_0413,Here are some details: I am the only person matching these details: the relevant date is 14 March 2026; I live in India; my contact is a mobile number; I identify as nonbinary adult; my family includes parent; I have medical debt. I had already discussed the matter with the district office.,1.0,0.8116666666666666,0.91,1.0,0.4,1.0,8.307407,HIGH,"[{""type"": ""DATE"", ""value"": ""14 March 2026"", ""specificity"": 0.91, ""confidence"": 0.93, ""source_message_id"": 1}, {""type"": ""LOCATION"", ""value"": ""India"", ""specificity"": 0.8, ""confidence"": 0.93, ""source_message_id"": 1}, {""type"": ""PHONE_NUMBER"", ""value"": ""a mobile number"", ""specificity"": 0.75, ""confidence"": 0.92, ""source_message_id"": 2}, {""type"": ""GENDER"", ""value"": ""nonbinary adult"", ""specificity"": 0.75, ""confidence"": 0.93, ""source_message_id"": 3}, {""type"": ""FAMILY"", ""value"": ""parent"", ""specificity"": 0.79, ""confidence"": 0.93, ""source_message_id"": 3}, {""type"": ""FINANCIAL"", ""value"": ""medical debt"", ""specificity"": 0.87, ""confidence"": 0.92, ""source_message_id"": 1}]","[{""indicator"": ""exact_date"", ""attribute_type"": ""DATE""}, {""indicator"": ""uniqueness_word"", ""attribute_type"": ""LOCATION""}]"
ml_conv_0414,"For context, I visited PHC Y; I have financial difficulty; I work as a teacher; I identify as nonbinary adult; my contact is a phone ending in 4421; my family includes two children.",1.0,0.7733333333333333,0.98,0.6666666666666666,0.4,0,5.603704,MEDIUM,"[{""type"": ""FACILITY"", ""value"": ""PHC Y"", ""specificity"": 0.98, ""confidence"": 0.99, ""source_message_id"": 1}, {""type"": ""FINANCIAL"", ""value"": ""financial difficulty"", ""specificity"": 0.85, ""confidence"": 0.89, ""source_message_id"": 2}, {""type"": ""OCCUPATION"", ""value"": ""teacher"", ""specificity"": 0.77, ""confidence"": 0.91, ""source_message_id"": 1}, {""type"": ""GENDER"", ""value"": ""nonbinary adult"", ""specificity"": 0.66, ""confidence"": 0.98, ""source_message_id"": 4}, {""type"": ""PHONE_NUMBER"", ""value"": ""a phone ending in 4421"", ""specificity"": 0.7, ""confidence"": 0.94, ""source_message_id"": 2}, {""type"": ""FAMILY"", ""value"": ""two children"", ""specificity"": 0.68, ""confidence"": 0.93, ""source_message_id"": 4}]",[]
ml_conv_0415,My situation is that I work as a teacher.,0.2,0.28,0.28,0.0,0.0,0,1.0,LOW,"[{""type"": ""OCCUPATION"", ""value"": ""teacher"", ""specificity"": 0.28, ""confidence"": 0.93, ""source_message_id"": 1}]",[]
ml_conv_0416,A few details about me: I am the only person matching these details: I am 41; I work as a farm worker; the relevant date is this week; my contact is a mobile number; I have a government identification number; I identify as nonbinary adult; my family includes single parent. I had already discussed the matter with the district office.,1.0,0.85,0.97,1.0,0.2,1.0,8.005556,HIGH,"[{""type"": ""AGE"", ""value"": ""41"", ""specificity"": 0.8, ""confidence"": 0.97, ""source_message_id"": 1}, {""type"": ""OCCUPATION"", ""value"": ""farm worker"", ""specificity"": 0.75, ""confidence"": 0.98, ""source_message_id"": 2}, {""type"": ""DATE"", ""value"": ""this week"", ""specificity"": 0.89, ""confidence"": 0.92, ""source_message_id"": 3}, {""type"": ""PHONE_NUMBER"", ""value"": ""a mobile number"", ""specificity"": 0.87, ""confidence"": 0.96, ""source_message_id"": 4}, {""type"": ""GOVERNMENT_ID"", ""value"": ""a government identification number"", ""specificity"": 0.97, ""confidence"": 0.94, ""source_message_id"": 1}, {""type"": ""GENDER"", ""value"": ""nonbinary adult"", ""specificity"": 0.92, ""confidence"": 0.95, ""source_message_id"": 2}, {""type"": ""FAMILY"", ""value"": ""single parent"", ""specificity"": 0.75, ""confidence"": 0.91, ""source_message_id"": 3}]","[{""indicator"": ""exact_date"", ""attribute_type"": ""DATE""}, {""indicator"": ""uniqueness_word"", ""attribute_type"": ""AGE""}]"
ml_conv_0417,A few details about me: I live in Bengaluru; I identify as nonbinary adult; the relevant date is 14 March 2026; I visited City Hospital; my contact is a phone ending in 4421; I work as a farm worker.,1.0,0.8466666666666667,0.98,1.0,0.0,0.15,5.685185,MEDIUM,"[{""type"": ""LOCATION"", ""value"": ""Bengaluru"", ""specificity"": 0.97, ""confidence"": 0.99, ""source_message_id"": 1}, {""type"": ""GENDER"", ""value"": ""nonbinary adult"", ""specificity"": 0.78, ""confidence"": 0.93, ""source_message_id"": 1}, {""type"": ""DATE"", ""value"": ""14 March 2026"", ""specificity"": 0.98, ""confidence"": 0.97, ""source_message_id"": 2}, {""type"": ""FACILITY"", ""value"": ""City Hospital"", ""specificity"": 0.71, ""confidence"": 0.95, ""source_message_id"": 2}, {""type"": ""PHONE_NUMBER"", ""value"": ""a phone ending in 4421"", ""specificity"": 0.73, ""confidence"": 0.91, ""source_message_id"": 2}, {""type"": ""OCCUPATION"", ""value"": ""farm worker"", ""specificity"": 0.91, ""confidence"": 0.97, ""source_message_id"": 3}]","[{""indicator"": ""exact_date"", ""attribute_type"": ""DATE""}]"
ml_conv_0418,A few details about me: I am the only person matching these details: I visited PHC Y; I work as a teacher; I am adult; I have a small loan; I identify as woman; I live in Karnataka; I have diabetes; I have a government identification number.,1.0,0.8375,0.97,0.875,0.4,1.0,8.227778,HIGH,"[{""type"": ""FACILITY"", ""value"": ""PHC Y"", ""specificity"": 0.97, ""confidence"": 0.95, ""source_message_id"": 1}, {""type"": ""OCCUPATION"", ""value"": ""teacher"", ""specificity"": 0.79, ""confidence"": 0.97, ""source_message_id"": 1}, {""type"": ""AGE"", ""value"": ""adult"", ""specificity"": 0.66, ""confidence"": 0.98, ""source_message_id"": 1}, {""type"": ""FINANCIAL"", ""value"": ""a small loan"", ""specificity"": 0.85, ""confidence"": 0.92, ""source_message_id"": 3}, {""type"": ""GENDER"", ""value"": ""woman"", ""specificity"": 0.83, ""confidence"": 0.9, ""source_message_id"": 2}, {""type"": ""LOCATION"", ""value"": ""Karnataka"", ""specificity"": 0.93, ""confidence"": 0.97, ""source_message_id"": 4}, {""type"": ""HEALTH"", ""value"": ""diabetes"", ""specificity"": 0.86, ""confidence"": 0.92, ""source_message_id"": 2}, {""type"": ""GOVERNMENT_ID"", ""value"": ""a government identification number"", ""specificity"": 0.81, ""confidence"": 0.89, ""source_message_id"": 1}]","[{""indicator"": ""sensitive_health_attribute"", ""attribute_type"": ""HEALTH""}, {""indicator"": ""uniqueness_word"", ""attribute_type"": ""AGE""}]"
ml_conv_0419,My situation is that I have medical debt.,0.2,0.17,0.17,0.0,0.2,0,1.138889,LOW,"[{""type"": ""FINANCIAL"", ""value"": ""medical debt"", ""specificity"": 0.17, ""confidence"": 0.92, ""source_message_id"": 1}]",[]
ml_conv_0420,Here are some details: I am adult; my family includes two children; I have a ration card; I have chronic kidney disease.,0.8,0.5525,0.7,0.25,0.4,0,3.975,MEDIUM,"[{""type"": ""AGE"", ""value"": ""adult"", ""specificity"": 0.6, ""confidence"": 0.98, ""source_message_id"": 1}, {""type"": ""FAMILY"", ""value"": ""two children"", ""specificity"": 0.55, ""confidence"": 0.95, ""source_message_id"": 1}, {""type"": ""GOVERNMENT_ID"", ""value"": ""a ration card"", ""specificity"": 0.36, ""confidence"": 0.89, ""source_message_id"": 3}, {""type"": ""HEALTH"", ""value"": ""chronic kidney disease"", ""specificity"": 0.7, ""confidence"": 0.96, ""source_message_id"": 1}]",[]
ml_conv_0421,"For context, I am the only person matching these details: I have chronic kidney disease; I have a ration card; I identify as nonbinary adult; I have a small loan; the relevant date is this week.",1.0,0.828,0.95,1.0,0.4,1.0,8.392222,HIGH,"[{""type"": ""HEALTH"", ""value"": ""chronic kidney disease"", ""specificity"": 0.83, ""confidence"": 0.94, ""source_message_id"": 1}, {""type"": ""GOVERNMENT_ID"", ""value"": ""a ration card"", ""specificity"": 0.72, ""confidence"": 0.99, ""source_message_id"": 2}, {""type"": ""GENDER"", ""value"": ""nonbinary adult"", ""specificity"": 0.74, ""confidence"": 0.89, ""source_message_id"": 2}, {""type"": ""FINANCIAL"", ""value"": ""a small loan"", ""specificity"": 0.9, ""confidence"": 0.93, ""source_message_id"": 1}, {""type"": ""DATE"", ""value"": ""this week"", ""specificity"": 0.95, ""confidence"": 0.96, ""source_message_id"": 2}]","[{""indicator"": ""sensitive_health_attribute"", ""attribute_type"": ""HEALTH""}, {""indicator"": ""exact_date"", ""attribute_type"": ""DATE""}, {""indicator"": ""uniqueness_word"", ""attribute_type"": ""HEALTH""}]"
ml_conv_0422,Yesterday I mentioned that I identify as woman; the relevant date is 2 January 2025. After work I walked through the park and called a friend.,0.4,0.36,0.44,0.0,0.0,0,1.577778,LOW,"[{""type"": ""GENDER"", ""value"": ""woman"", ""specificity"": 0.28, ""confidence"": 0.89, ""source_message_id"": 1}, {""type"": ""DATE"", ""value"": ""2 January 2025"", ""specificity"": 0.44, ""confidence"": 0.97, ""source_message_id"": 2}]",[]
ml_conv_0423,Yesterday I mentioned that I am the only person matching these details: I have a small loan; I live in Mysuru; I visited City Hospital; I work as a software engineer; the relevant date is yesterday. I had already discussed the matter with the district office.,1.0,0.772,0.84,0.8,0.2,1.0,7.368889,HIGH,"[{""type"": ""FINANCIAL"", ""value"": ""a small loan"", ""specificity"": 0.83, ""confidence"": 0.94, ""source_message_id"": 1}, {""type"": ""LOCATION"", ""value"": ""Mysuru"", ""specificity"": 0.78, ""confidence"": 0.96, ""source_message_id"": 2}, {""type"": ""FACILITY"", ""value"": ""City Hospital"", ""specificity"": 0.72, ""confidence"": 0.91, ""source_message_id"": 2}, {""type"": ""OCCUPATION"", ""value"": ""software engineer"", ""specificity"": 0.84, ""confidence"": 0.97, ""source_message_id"": 4}, {""type"": ""DATE"", ""value"": ""yesterday"", ""specificity"": 0.69, ""confidence"": 0.99, ""source_message_id"": 1}]","[{""indicator"": ""uniqueness_word"", ""attribute_type"": ""LOCATION""}]"
ml_conv_0424,A few details about me: I am the only person matching these details: I work as a student; I live in small village near Pune; my family includes parent; I have a government identification number; I have rare neurological disorder; I am 57.,1.0,0.7533333333333333,0.88,0.8333333333333334,0.4,1.0,7.914815,HIGH,"[{""type"": ""OCCUPATION"", ""value"": ""student"", ""specificity"": 0.78, ""confidence"": 0.94, ""source_message_id"": 1}, {""type"": ""LOCATION"", ""value"": ""small village near Pune"", ""specificity"": 0.69, ""confidence"": 0.94, ""source_message_id"": 2}, {""type"": ""FAMILY"", ""value"": ""parent"", ""specificity"": 0.73, ""confidence"": 0.88, ""source_message_id"": 3}, {""type"": ""GOVERNMENT_ID"", ""value"": ""a government identification number"", ""specificity"": 0.88, ""confidence"": 0.93, ""source_message_id"": 3}, {""type"": ""HEALTH"", ""value"": ""rare neurological disorder"", ""specificity"": 0.7, ""confidence"": 0.97, ""source_message_id"": 1}, {""type"": ""AGE"", ""value"": ""57"", ""specificity"": 0.74, ""confidence"": 0.92, ""source_message_id"": 2}]","[{""indicator"": ""village_level_location"", ""attribute_type"": ""LOCATION""}, {""indicator"": ""uniqueness_word"", ""attribute_type"": ""LOCATION""}]"
ml_conv_0425,Here are some details: I identify as man; I have ₹50 lakh debt; I have a government identification number.,0.6,0.7399999999999999,0.76,1.0,0.2,0,4.866667,MEDIUM,"[{""type"": ""GENDER"", ""value"": ""man"", ""specificity"": 0.76, ""confidence"": 0.91, ""source_message_id"": 1}, {""type"": ""FINANCIAL"", ""value"": ""₹50 lakh debt"", ""specificity"": 0.75, ""confidence"": 0.88, ""source_message_id"": 1}, {""type"": ""GOVERNMENT_ID"", ""value"": ""a government identification number"", ""specificity"": 0.71, ""confidence"": 0.97, ""source_message_id"": 2}]",[]
ml_conv_0426,A few details about me: I have a ration card; my contact is a mobile number; I identify as woman; I visited health centre; I have financial difficulty.,1.0,0.626,0.79,0.2,0.2,0,3.901111,MEDIUM,"[{""type"": ""GOVERNMENT_ID"", ""value"": ""a ration card"", ""specificity"": 0.6, ""confidence"": 0.97, ""source_message_id"": 1}, {""type"": ""PHONE_NUMBER"", ""value"": ""a mobile number"", ""specificity"": 0.59, ""confidence"": 0.98, ""source_message_id"": 1}, {""type"": ""GENDER"", ""value"": ""woman"", ""specificity"": 0.61, ""confidence"": 0.9, ""source_message_id"": 2}, {""type"": ""FACILITY"", ""value"": ""health centre"", ""specificity"": 0.79, ""confidence"": 0.99, ""source_message_id"": 1}, {""type"": ""FINANCIAL"", ""value"": ""financial difficulty"", ""specificity"": 0.54, ""confidence"": 0.98, ""source_message_id"": 1}]",[]
ml_conv_0427,"For context, I live in India; the relevant date is 14 March 2026; I am young adult; I identify as nonbinary adult; I have chronic kidney disease. Only a few people in the area know these details about me.",1.0,0.876,0.96,1.0,0.2,0.35,6.573333,MEDIUM,"[{""type"": ""LOCATION"", ""value"": ""India"", ""specificity"": 0.89, ""confidence"": 0.9, ""source_message_id"": 1}, {""type"": ""DATE"", ""value"": ""14 March 2026"", ""specificity"": 0.96, ""confidence"": 0.89, ""source_message_id"": 1}, {""type"": ""AGE"", ""value"": ""young adult"", ""specificity"": 0.75, ""confidence"": 0.95, ""source_message_id"": 2}, {""type"": ""GENDER"", ""value"": ""nonbinary adult"", ""specificity"": 0.89, ""confidence"": 0.88, ""source_message_id"": 4}, {""type"": ""HEALTH"", ""value"": ""chronic kidney disease"", ""specificity"": 0.89, ""confidence"": 0.89, ""source_message_id"": 2}]","[{""indicator"": ""exact_date"", ""attribute_type"": ""DATE""}, {""indicator"": ""sensitive_health_attribute"", ""attribute_type"": ""HEALTH""}]"
ml_conv_0428,Here are some details: I am adult; the relevant date is 2 January 2025; my contact is a phone ending in 4421.,0.6,0.6333333333333333,0.82,0.3333333333333333,0.0,0,3.292593,LOW,"[{""type"": ""AGE"", ""value"": ""adult"", ""specificity"": 0.56, ""confidence"": 0.96, ""source_message_id"": 1}, {""type"": ""DATE"", ""value"": ""2 January 2025"", ""specificity"": 0.82, ""confidence"": 0.91, ""source_message_id"": 1}, {""type"": ""PHONE_NUMBER"", ""value"": ""a phone ending in 4421"", ""specificity"": 0.52, ""confidence"": 0.89, ""source_message_id"": 2}]",[]
ml_conv_0429,Here are some details: my contact is a phone ending in 4421; the relevant date is yesterday.,0.4,0.23500000000000001,0.27,0.0,0.0,0,1.155556,LOW,"[{""type"": ""PHONE_NUMBER"", ""value"": ""a phone ending in 4421"", ""specificity"": 0.2, ""confidence"": 0.89, ""source_message_id"": 1}, {""type"": ""DATE"", ""value"": ""yesterday"", ""specificity"": 0.27, ""confidence"": 0.98, ""source_message_id"": 1}]",[]
ml_conv_0430,Yesterday I mentioned that I live in Mysuru; my family includes single parent; I have asthma.,0.6,0.6133333333333333,0.62,0.0,0.4,0,3.27037,LOW,"[{""type"": ""LOCATION"", ""value"": ""Mysuru"", ""specificity"": 0.62, ""confidence"": 0.94, ""source_message_id"": 1}, {""type"": ""FAMILY"", ""value"": ""single parent"", ""specificity"": 0.62, ""confidence"": 0.96, ""source_message_id"": 2}, {""type"": ""HEALTH"", ""value"": ""asthma"", ""specificity"": 0.6, ""confidence"": 0.88, ""source_message_id"": 3}]",[]
ml_conv_0431,My situation is that I am the only person matching these details: I visited PHC Y; the relevant date is yesterday; my contact is a phone ending in 4421.,0.6,0.87,0.99,1.0,0.0,1.0,7.172222,HIGH,"[{""type"": ""FACILITY"", ""value"": ""PHC Y"", ""specificity"": 0.89, ""confidence"": 0.92, ""source_message_id"": 1}, {""type"": ""DATE"", ""value"": ""yesterday"", ""specificity"": 0.73, ""confidence"": 0.98, ""source_message_id"": 2}, {""type"": ""PHONE_NUMBER"", ""value"": ""a phone ending in 4421"", ""specificity"": 0.99, ""confidence"": 0.96, ""source_message_id"": 2}]","[{""indicator"": ""uniqueness_word"", ""attribute_type"": ""AGE""}]"
ml_conv_0432,Here are some details: I live in small village near Pune; I work as a student; I have rare neurological disorder.,0.6,0.6433333333333333,0.84,0.3333333333333333,0.2,0.6,5.114815,MEDIUM,"[{""type"": ""LOCATION"", ""value"": ""small village near Pune"", ""specificity"": 0.67, ""confidence"": 0.89, ""source_message_id"": 1}, {""type"": ""OCCUPATION"", ""value"": ""student"", ""specificity"": 0.84, ""confidence"": 0.94, ""source_message_id"": 2}, {""type"": ""HEALTH"", ""value"": ""rare neurological disorder"", ""specificity"": 0.42, ""confidence"": 0.88, ""source_message_id"": 1}]","[{""indicator"": ""village_level_location"", ""attribute_type"": ""LOCATION""}]"
ml_conv_0433,Yesterday I mentioned that I have a ration card; the relevant date is this week.,0.4,0.62,0.73,0.5,0.0,0,3.183333,LOW,"[{""type"": ""GOVERNMENT_ID"", ""value"": ""a ration card"", ""specificity"": 0.73, ""confidence"": 0.9, ""source_message_id"": 1}, {""type"": ""DATE"", ""value"": ""this week"", ""specificity"": 0.51, ""confidence"": 0.98, ""source_message_id"": 1}]",[]
ml_conv_0434,A few details about me: I have asthma; I have a small loan.,0.4,0.22000000000000003,0.34,0.0,0.4,0,2.144444,LOW,"[{""type"": ""HEALTH"", ""value"": ""asthma"", ""specificity"": 0.34, ""confidence"": 0.94, ""source_message_id"": 1}, {""type"": ""FINANCIAL"", ""value"": ""a small loan"", ""specificity"": 0.1, ""confidence"": 0.98, ""source_message_id"": 1}]",[]
ml_conv_0435,"For context, my contact is a mobile number; I visited health centre; my family includes single parent; the relevant date is 14 March 2026.",0.8,0.665,0.78,0.5,0.2,0,4.205556,MEDIUM,"[{""type"": ""PHONE_NUMBER"", ""value"": ""a mobile number"", ""specificity"": 0.47, ""confidence"": 0.97, ""source_message_id"": 1}, {""type"": ""FACILITY"", ""value"": ""health centre"", ""specificity"": 0.76, ""confidence"": 0.96, ""source_message_id"": 1}, {""type"": ""FAMILY"", ""value"": ""single parent"", ""specificity"": 0.65, ""confidence"": 0.97, ""source_message_id"": 3}, {""type"": ""DATE"", ""value"": ""14 March 2026"", ""specificity"": 0.78, ""confidence"": 0.98, ""source_message_id"": 3}]",[]
ml_conv_0436,My situation is that I am the only person matching these details: my contact is a phone ending in 4421; I identify as nonbinary adult; I have chronic kidney disease; I am 34; the relevant date is this week; I have a government identification number. Only a few people in the area know these details about me.,1.0,0.7966666666666667,0.93,1.0,0.2,1.0,7.87963,HIGH,"[{""type"": ""PHONE_NUMBER"", ""value"": ""a phone ending in 4421"", ""specificity"": 0.72, ""confidence"": 0.95, ""source_message_id"": 1}, {""type"": ""GENDER"", ""value"": ""nonbinary adult"", ""specificity"": 0.72, ""confidence"": 0.97, ""source_message_id"": 1}, {""type"": ""HEALTH"", ""value"": ""chronic kidney disease"", ""specificity"": 0.8, ""confidence"": 0.94, ""source_message_id"": 2}, {""type"": ""AGE"", ""value"": ""34"", ""specificity"": 0.75, ""confidence"": 0.92, ""source_message_id"": 4}, {""type"": ""DATE"", ""value"": ""this week"", ""specificity"": 0.86, ""confidence"": 0.98, ""source_message_id"": 2}, {""type"": ""GOVERNMENT_ID"", ""value"": ""a government identification number"", ""specificity"": 0.93, ""confidence"": 0.91, ""source_message_id"": 4}]","[{""indicator"": ""sensitive_health_attribute"", ""attribute_type"": ""HEALTH""}, {""indicator"": ""exact_date"", ""attribute_type"": ""DATE""}, {""indicator"": ""uniqueness_word"", ""attribute_type"": ""HEALTH""}]"
ml_conv_0437,Here are some details: I live in Mysuru; I have a ration card; I work as a software engineer.,0.6,0.6133333333333333,0.75,0.3333333333333333,0.0,0,3.153704,LOW,"[{""type"": ""LOCATION"", ""value"": ""Mysuru"", ""specificity"": 0.75, ""confidence"": 0.93, ""source_message_id"": 1}, {""type"": ""GOVERNMENT_ID"", ""value"": ""a ration card"", ""specificity"": 0.52, ""confidence"": 0.98, ""source_message_id"": 2}, {""type"": ""OCCUPATION"", ""value"": ""software engineer"", ""specificity"": 0.57, ""confidence"": 0.94, ""source_message_id"": 1}]",[]
ml_conv_0438,A few details about me: I have a government identification number; I work as a teacher.,0.4,0.42,0.47,0.0,0.0,0,1.694444,LOW,"[{""type"": ""GOVERNMENT_ID"", ""value"": ""a government identification number"", ""specificity"": 0.37, ""confidence"": 0.96, ""source_message_id"": 1}, {""type"": ""OCCUPATION"", ""value"": ""teacher"", ""specificity"": 0.47, ""confidence"": 0.93, ""source_message_id"": 2}]",[]
ml_conv_0439,Yesterday I mentioned that my contact is a mobile number; I am young adult; I have diabetes; I visited health centre; I live in small village near Pune.,1.0,0.488,0.58,0.0,0.2,0.6,4.397778,MEDIUM,"[{""type"": ""PHONE_NUMBER"", ""value"": ""a mobile number"", ""specificity"": 0.42, ""confidence"": 0.97, ""source_message_id"": 1}, {""type"": ""AGE"", ""value"": ""young adult"", ""specificity"": 0.51, ""confidence"": 0.96, ""source_message_id"": 1}, {""type"": ""HEALTH"", ""value"": ""diabetes"", ""specificity"": 0.57, ""confidence"": 0.98, ""source_message_id"": 2}, {""type"": ""FACILITY"", ""value"": ""health centre"", ""specificity"": 0.36, ""confidence"": 0.93, ""source_message_id"": 3}, {""type"": ""LOCATION"", ""value"": ""small village near Pune"", ""specificity"": 0.58, ""confidence"": 0.93, ""source_message_id"": 2}]","[{""indicator"": ""village_level_location"", ""attribute_type"": ""LOCATION""}]"
ml_conv_0440,A few details about me: I am the only person matching these details: I identify as man; I have medical debt; my family includes single parent; I visited district clinic; I am adult; the relevant date is yesterday; I work as a farm worker; I have a ration card. Only a few people in the area know these details about me.,1.0,0.78375,0.99,0.75,0.4,1.0,7.993056,HIGH,"[{""type"": ""GENDER"", ""value"": ""man"", ""specificity"": 0.66, ""confidence"": 0.97, ""source_message_id"": 1}, {""type"": ""FINANCIAL"", ""value"": ""medical debt"", ""specificity"": 0.74, ""confidence"": 0.98, ""source_message_id"": 1}, {""type"": ""FAMILY"", ""value"": ""single parent"", ""specificity"": 0.85, ""confidence"": 0.98, ""source_message_id"": 1}, {""type"": ""FACILITY"", ""value"": ""district clinic"", ""specificity"": 0.7, ""confidence"": 0.94, ""source_message_id"": 3}, {""type"": ""AGE"", ""value"": ""adult"", ""specificity"": 0.68, ""confidence"": 0.96, ""source_message_id"": 3}, {""type"": ""DATE"", ""value"": ""yesterday"", ""specificity"": 0.78, ""confidence"": 0.96, ""source_message_id"": 3}, {""type"": ""OCCUPATION"", ""value"": ""farm worker"", ""specificity"": 0.87, ""confidence"": 0.93, ""source_message_id"": 4}, {""type"": ""GOVERNMENT_ID"", ""value"": ""a ration card"", ""specificity"": 0.99, ""confidence"": 0.95, ""source_message_id"": 2}]","[{""indicator"": ""uniqueness_word"", ""attribute_type"": ""AGE""}]"
ml_conv_0441,Here are some details: I visited health centre; my contact is a mobile number. Only a few people in the area know these details about me.,0.4,0.78,0.89,0.5,0.0,0,3.627778,MEDIUM,"[{""type"": ""FACILITY"", ""value"": ""health centre"", ""specificity"": 0.67, ""confidence"": 0.92, ""source_message_id"": 1}, {""type"": ""PHONE_NUMBER"", ""value"": ""a mobile number"", ""specificity"": 0.89, ""confidence"": 0.91, ""source_message_id"": 1}]",[]
ml_conv_0442,"For context, I have a ration card; the relevant date is yesterday; I live in Village Y; my family includes two children; I am adult.",1.0,0.61,0.79,0.2,0.2,0.6,5.216667,MEDIUM,"[{""type"": ""GOVERNMENT_ID"", ""value"": ""a ration card"", ""specificity"": 0.69, ""confidence"": 0.94, ""source_message_id"": 1}, {""type"": ""DATE"", ""value"": ""yesterday"", ""specificity"": 0.79, ""confidence"": 0.91, ""source_message_id"": 2}, {""type"": ""LOCATION"", ""value"": ""Village Y"", ""specificity"": 0.61, ""confidence"": 0.97, ""source_message_id"": 3}, {""type"": ""FAMILY"", ""value"": ""two children"", ""specificity"": 0.47, ""confidence"": 0.96, ""source_message_id"": 4}, {""type"": ""AGE"", ""value"": ""adult"", ""specificity"": 0.49, ""confidence"": 0.95, ""source_message_id"": 4}]","[{""indicator"": ""village_level_location"", ""attribute_type"": ""LOCATION""}]"
ml_conv_0443,Here are some details: I work as a teacher; I visited City Hospital; the relevant date is this week.,0.6,0.59,0.65,0.0,0.0,0,2.405556,LOW,"[{""type"": ""OCCUPATION"", ""value"": ""teacher"", ""specificity"": 0.6, ""confidence"": 0.9, ""source_message_id"": 1}, {""type"": ""FACILITY"", ""value"": ""City Hospital"", ""specificity"": 0.52, ""confidence"": 0.88, ""source_message_id"": 2}, {""type"": ""DATE"", ""value"": ""this week"", ""specificity"": 0.65, ""confidence"": 0.92, ""source_message_id"": 2}]",[]
ml_conv_0444,A few details about me: I work as a teacher; I have ₹50 lakh debt; I live in Ward 14 in Jaipur; I have rare neurological disorder.,0.8,0.71,0.84,0.5,0.4,0.2,5.244444,MEDIUM,"[{""type"": ""OCCUPATION"", ""value"": ""teacher"", ""specificity"": 0.53, ""confidence"": 0.91, ""source_message_id"": 1}, {""type"": ""FINANCIAL"", ""value"": ""₹50 lakh debt"", ""specificity"": 0.84, ""confidence"": 0.97, ""source_message_id"": 2}, {""type"": ""LOCATION"", ""value"": ""Ward 14 in Jaipur"", ""specificity"": 0.68, ""confidence"": 0.89, ""source_message_id"": 1}, {""type"": ""HEALTH"", ""value"": ""rare neurological disorder"", ""specificity"": 0.79, ""confidence"": 0.93, ""source_message_id"": 1}]","[{""indicator"": ""sensitive_health_attribute"", ""attribute_type"": ""HEALTH""}]"
ml_conv_0445,Yesterday I mentioned that I have a ration card; I identify as woman; I live in Mysuru; the relevant date is 14 March 2026; I visited City Hospital; I work as a farm worker. The appointment was recorded in the local clinic register.,1.0,0.7983333333333333,0.97,0.8333333333333334,0.0,0.15,5.337037,MEDIUM,"[{""type"": ""GOVERNMENT_ID"", ""value"": ""a ration card"", ""specificity"": 0.92, ""confidence"": 0.96, ""source_message_id"": 1}, {""type"": ""GENDER"", ""value"": ""woman"", ""specificity"": 0.7, ""confidence"": 0.92, ""source_message_id"": 2}, {""type"": ""LOCATION"", ""value"": ""Mysuru"", ""specificity"": 0.76, ""confidence"": 0.88, ""source_message_id"": 1}, {""type"": ""DATE"", ""value"": ""14 March 2026"", ""specificity"": 0.97, ""confidence"": 0.96, ""source_message_id"": 4}, {""type"": ""FACILITY"", ""value"": ""City Hospital"", ""specificity"": 0.75, ""confidence"": 0.91, ""source_message_id"": 2}, {""type"": ""OCCUPATION"", ""value"": ""farm worker"", ""specificity"": 0.69, ""confidence"": 0.91, ""source_message_id"": 3}]","[{""indicator"": ""exact_date"", ""attribute_type"": ""DATE""}]"
ml_conv_0446,"For context, I am the only person matching these details: I identify as man; I have ₹50 lakh debt; I am adult; I visited PHC Y; the relevant date is 2 January 2025; I have a government identification number.",1.0,0.785,0.97,0.6666666666666666,0.2,1.0,7.377778,HIGH,"[{""type"": ""GENDER"", ""value"": ""man"", ""specificity"": 0.81, ""confidence"": 0.94, ""source_message_id"": 1}, {""type"": ""FINANCIAL"", ""value"": ""₹50 lakh debt"", ""specificity"": 0.81, ""confidence"": 0.96, ""source_message_id"": 2}, {""type"": ""AGE"", ""value"": ""adult"", ""specificity"": 0.97, ""confidence"": 0.96, ""source_message_id"": 1}, {""type"": ""FACILITY"", ""value"": ""PHC Y"", ""specificity"": 0.77, ""confidence"": 0.91, ""source_message_id"": 4}, {""type"": ""DATE"", ""value"": ""2 January 2025"", ""specificity"": 0.69, ""confidence"": 0.98, ""source_message_id"": 3}, {""type"": ""GOVERNMENT_ID"", ""value"": ""a government identification number"", ""specificity"": 0.66, ""confidence"": 0.98, ""source_message_id"": 3}]","[{""indicator"": ""exact_age"", ""attribute_type"": ""AGE""}, {""indicator"": ""uniqueness_word"", ""attribute_type"": ""AGE""}]"
ml_conv_0447,"A few details about me: I live in small village near Pune. The bus was late, so I listened to music while waiting.",0.2,0.23,0.23,0.0,0.0,0.6,2.194444,LOW,"[{""type"": ""LOCATION"", ""value"": ""small village near Pune"", ""specificity"": 0.23, ""confidence"": 0.99, ""source_message_id"": 1}]","[{""indicator"": ""village_level_location"", ""attribute_type"": ""LOCATION""}]"
ml_conv_0448,A few details about me: I have health problems; I visited City Hospital; my contact is a phone ending in 4421; I am young adult. Only a few people in the area know these details about me.,0.8,0.8575,0.98,1.0,0.2,0.2,6.030556,MEDIUM,"[{""type"": ""HEALTH"", ""value"": ""health problems"", ""specificity"": 0.98, ""confidence"": 0.94, ""source_message_id"": 1}, {""type"": ""FACILITY"", ""value"": ""City Hospital"", ""specificity"": 0.89, ""confidence"": 0.91, ""source_message_id"": 2}, {""type"": ""PHONE_NUMBER"", ""value"": ""a phone ending in 4421"", ""specificity"": 0.75, ""confidence"": 0.99, ""source_message_id"": 2}, {""type"": ""AGE"", ""value"": ""young adult"", ""specificity"": 0.81, ""confidence"": 0.92, ""source_message_id"": 2}]","[{""indicator"": ""sensitive_health_attribute"", ""attribute_type"": ""HEALTH""}]"
ml_conv_0449,"For context, I am the only person matching these details: I am 34; I identify as nonbinary adult; I have diabetes; my family includes two children; my contact is a mobile number.",1.0,0.82,0.93,1.0,0.4,1.0,8.35,HIGH,"[{""type"": ""AGE"", ""value"": ""34"", ""specificity"": 0.73, ""confidence"": 0.98, ""source_message_id"": 1}, {""type"": ""GENDER"", ""value"": ""nonbinary adult"", ""specificity"": 0.91, ""confidence"": 0.96, ""source_message_id"": 1}, {""type"": ""HEALTH"", ""value"": ""diabetes"", ""specificity"": 0.79, ""confidence"": 0.92, ""source_message_id"": 1}, {""type"": ""FAMILY"", ""value"": ""two children"", ""specificity"": 0.93, ""confidence"": 0.9, ""source_message_id"": 2}, {""type"": ""PHONE_NUMBER"", ""value"": ""a mobile number"", ""specificity"": 0.74, ""confidence"": 0.92, ""source_message_id"": 4}]","[{""indicator"": ""sensitive_health_attribute"", ""attribute_type"": ""HEALTH""}, {""indicator"": ""uniqueness_word"", ""attribute_type"": ""AGE""}]"
ml_conv_0450,Yesterday I mentioned that I have a rare blood disorder; I work as a student. I spent the morning reading and then made lunch at home.,0.4,0.355,0.5,0.0,0.2,0,2.116667,LOW,"[{""type"": ""HEALTH"", ""value"": ""a rare blood disorder"", ""specificity"": 0.21, ""confidence"": 0.91, ""source_message_id"": 1}, {""type"": ""OCCUPATION"", ""value"": ""student"", ""specificity"": 0.5, ""confidence"": 0.89, ""source_message_id"": 2}]",[]
ml_conv_0451,Here are some details: I am the only person matching these details: I visited PHC Y; I live in Karnataka; I work as a teacher; my family includes single parent.,0.8,0.79,0.91,1.0,0.2,1.0,7.616667,HIGH,"[{""type"": ""FACILITY"", ""value"": ""PHC Y"", ""specificity"": 0.73, ""confidence"": 0.97, ""source_message_id"": 1}, {""type"": ""LOCATION"", ""value"": ""Karnataka"", ""specificity"": 0.71, ""confidence"": 0.92, ""source_message_id"": 2}, {""type"": ""OCCUPATION"", ""value"": ""teacher"", ""specificity"": 0.81, ""confidence"": 0.98, ""source_message_id"": 1}, {""type"": ""FAMILY"", ""value"": ""single parent"", ""specificity"": 0.91, ""confidence"": 0.92, ""source_message_id"": 2}]","[{""indicator"": ""uniqueness_word"", ""attribute_type"": ""LOCATION""}]"
ml_conv_0452,A few details about me: I have rare neurological disorder; my contact is a phone ending in 4421; I identify as man; I visited district clinic.,0.8,0.525,0.63,0.0,0.2,0,2.966667,LOW,"[{""type"": ""HEALTH"", ""value"": ""rare neurological disorder"", ""specificity"": 0.63, ""confidence"": 0.97, ""source_message_id"": 1}, {""type"": ""PHONE_NUMBER"", ""value"": ""a phone ending in 4421"", ""specificity"": 0.41, ""confidence"": 0.92, ""source_message_id"": 2}, {""type"": ""GENDER"", ""value"": ""man"", ""specificity"": 0.55, ""confidence"": 0.94, ""source_message_id"": 3}, {""type"": ""FACILITY"", ""value"": ""district clinic"", ""specificity"": 0.51, ""confidence"": 0.88, ""source_message_id"": 3}]",[]
ml_conv_0453,"Here are some details: I am 29. The bus was late, so I listened to music while waiting.",0.2,0.48,0.48,0.0,0.0,0,1.555556,LOW,"[{""type"": ""AGE"", ""value"": ""29"", ""specificity"": 0.48, ""confidence"": 0.9, ""source_message_id"": 1}]",[]
ml_conv_0454,Here are some details: I have financial difficulty; my contact is a mobile number; I have chronic kidney disease.,0.6,0.6166666666666667,0.85,0.3333333333333333,0.4,0.2,4.657407,MEDIUM,"[{""type"": ""FINANCIAL"", ""value"": ""financial difficulty"", ""specificity"": 0.62, ""confidence"": 0.96, ""source_message_id"": 1}, {""type"": ""PHONE_NUMBER"", ""value"": ""a mobile number"", ""specificity"": 0.38, ""confidence"": 0.98, ""source_message_id"": 2}, {""type"": ""HEALTH"", ""value"": ""chronic kidney disease"", ""specificity"": 0.85, ""confidence"": 0.9, ""source_message_id"": 3}]","[{""indicator"": ""sensitive_health_attribute"", ""attribute_type"": ""HEALTH""}]"
ml_conv_0455,"For context, my contact is a phone ending in 4421; I have financial difficulty; the relevant date is this week.",0.6,0.69,0.76,0.6666666666666666,0.2,0,4.255556,MEDIUM,"[{""type"": ""PHONE_NUMBER"", ""value"": ""a phone ending in 4421"", ""specificity"": 0.58, ""confidence"": 0.9, ""source_message_id"": 1}, {""type"": ""FINANCIAL"", ""value"": ""financial difficulty"", ""specificity"": 0.76, ""confidence"": 0.97, ""source_message_id"": 2}, {""type"": ""DATE"", ""value"": ""this week"", ""specificity"": 0.73, ""confidence"": 0.93, ""source_message_id"": 3}]",[]
ml_conv_0456,Yesterday I mentioned that my contact is a mobile number; I work as a farm worker; I have financial difficulty; I live in Karnataka; I visited City Hospital; I have a ration card.,1.0,0.8250000000000001,0.99,0.6666666666666666,0.2,0,5.233333,MEDIUM,"[{""type"": ""PHONE_NUMBER"", ""value"": ""a mobile number"", ""specificity"": 0.8, ""confidence"": 0.92, ""source_message_id"": 1}, {""type"": ""OCCUPATION"", ""value"": ""farm worker"", ""specificity"": 0.68, ""confidence"": 0.89, ""source_message_id"": 1}, {""type"": ""FINANCIAL"", ""value"": ""financial difficulty"", ""specificity"": 0.96, ""confidence"": 0.9, ""source_message_id"": 2}, {""type"": ""LOCATION"", ""value"": ""Karnataka"", ""specificity"": 0.68, ""confidence"": 0.97, ""source_message_id"": 2}, {""type"": ""FACILITY"", ""value"": ""City Hospital"", ""specificity"": 0.84, ""confidence"": 0.93, ""source_message_id"": 4}, {""type"": ""GOVERNMENT_ID"", ""value"": ""a ration card"", ""specificity"": 0.99, ""confidence"": 0.95, ""source_message_id"": 4}]",[]
ml_conv_0457,My situation is that I have chronic kidney disease.,0.2,0.13,0.13,0.0,0.2,0,1.027778,LOW,"[{""type"": ""HEALTH"", ""value"": ""chronic kidney disease"", ""specificity"": 0.13, ""confidence"": 0.99, ""source_message_id"": 1}]",[]
ml_conv_0458,A few details about me: I am the only person matching these details: my contact is a mobile number; I identify as woman; I work as a farm worker; I have diabetes; I live in Bengaluru; I visited City Hospital; the relevant date is 14 March 2026.,1.0,0.7842857142857144,0.92,1.0,0.2,1.0,7.849206,HIGH,"[{""type"": ""PHONE_NUMBER"", ""value"": ""a mobile number"", ""specificity"": 0.72, ""confidence"": 0.94, ""source_message_id"": 1}, {""type"": ""GENDER"", ""value"": ""woman"", ""specificity"": 0.81, ""confidence"": 0.88, ""source_message_id"": 1}, {""type"": ""OCCUPATION"", ""value"": ""farm worker"", ""specificity"": 0.71, ""confidence"": 0.89, ""source_message_id"": 1}, {""type"": ""HEALTH"", ""value"": ""diabetes"", ""specificity"": 0.77, ""confidence"": 0.89, ""source_message_id"": 4}, {""type"": ""LOCATION"", ""value"": ""Bengaluru"", ""specificity"": 0.79, ""confidence"": 0.98, ""source_message_id"": 3}, {""type"": ""FACILITY"", ""value"": ""City Hospital"", ""specificity"": 0.77, ""confidence"": 0.89, ""source_message_id"": 2}, {""type"": ""DATE"", ""value"": ""14 March 2026"", ""specificity"": 0.92, ""confidence"": 0.89, ""source_message_id"": 3}]","[{""indicator"": ""sensitive_health_attribute"", ""attribute_type"": ""HEALTH""}, {""indicator"": ""exact_date"", ""attribute_type"": ""DATE""}, {""indicator"": ""uniqueness_word"", ""attribute_type"": ""HEALTH""}]"
ml_conv_0459,A few details about me: my contact is a mobile number; I am adult; I identify as nonbinary adult; I have a government identification number; I visited PHC Y.,1.0,0.6759999999999999,0.76,0.4,0.0,0,3.795556,MEDIUM,"[{""type"": ""PHONE_NUMBER"", ""value"": ""a mobile number"", ""specificity"": 0.67, ""confidence"": 0.9, ""source_message_id"": 1}, {""type"": ""AGE"", ""value"": ""adult"", ""specificity"": 0.76, ""confidence"": 0.93, ""source_message_id"": 1}, {""type"": ""GENDER"", ""value"": ""nonbinary adult"", ""specificity"": 0.74, ""confidence"": 0.93, ""source_message_id"": 2}, {""type"": ""GOVERNMENT_ID"", ""value"": ""a government identification number"", ""specificity"": 0.57, ""confidence"": 0.96, ""source_message_id"": 4}, {""type"": ""FACILITY"", ""value"": ""PHC Y"", ""specificity"": 0.64, ""confidence"": 0.95, ""source_message_id"": 4}]",[]
ml_conv_0460,Yesterday I mentioned that I have medical debt.,0.2,0.09,0.09,0.0,0.2,0,0.916667,LOW,"[{""type"": ""FINANCIAL"", ""value"": ""medical debt"", ""specificity"": 0.09, ""confidence"": 0.93, ""source_message_id"": 1}]",[]
ml_conv_0461,My situation is that I am the only person matching these details: I am 29; I identify as woman; my contact is a phone ending in 4421; I have ₹50 lakh debt. The appointment was recorded in the local clinic register.,0.8,0.9125,0.98,1.0,0.2,1.0,7.869444,HIGH,"[{""type"": ""AGE"", ""value"": ""29"", ""specificity"": 0.91, ""confidence"": 0.92, ""source_message_id"": 1}, {""type"": ""GENDER"", ""value"": ""woman"", ""specificity"": 0.85, ""confidence"": 0.89, ""source_message_id"": 1}, {""type"": ""PHONE_NUMBER"", ""value"": ""a phone ending in 4421"", ""specificity"": 0.98, ""confidence"": 0.94, ""source_message_id"": 1}, {""type"": ""FINANCIAL"", ""value"": ""₹50 lakh debt"", ""specificity"": 0.91, ""confidence"": 0.96, ""source_message_id"": 3}]","[{""indicator"": ""exact_age"", ""attribute_type"": ""AGE""}, {""indicator"": ""uniqueness_word"", ""attribute_type"": ""AGE""}]"
ml_conv_0462,Yesterday I mentioned that I live in Village Y; the relevant date is 2 January 2025; I identify as nonbinary adult; my family includes elderly dependent; I work as a shopkeeper. Only a few people in the area know these details about me.,1.0,0.808,0.94,1.0,0.2,0.75,7.353333,HIGH,"[{""type"": ""LOCATION"", ""value"": ""Village Y"", ""specificity"": 0.7, ""confidence"": 0.9, ""source_message_id"": 1}, {""type"": ""DATE"", ""value"": ""2 January 2025"", ""specificity"": 0.94, ""confidence"": 0.95, ""source_message_id"": 2}, {""type"": ""GENDER"", ""value"": ""nonbinary adult"", ""specificity"": 0.78, ""confidence"": 0.97, ""source_message_id"": 3}, {""type"": ""FAMILY"", ""value"": ""elderly dependent"", ""specificity"": 0.77, ""confidence"": 0.96, ""source_message_id"": 1}, {""type"": ""OCCUPATION"", ""value"": ""shopkeeper"", ""specificity"": 0.85, ""confidence"": 0.96, ""source_message_id"": 1}]","[{""indicator"": ""village_level_location"", ""attribute_type"": ""LOCATION""}, {""indicator"": ""exact_date"", ""attribute_type"": ""DATE""}]"
ml_conv_0463,Here are some details: I identify as nonbinary adult.,0.2,0.07,0.07,0.0,0.0,0,0.416667,LOW,"[{""type"": ""GENDER"", ""value"": ""nonbinary adult"", ""specificity"": 0.07, ""confidence"": 0.88, ""source_message_id"": 1}]",[]
ml_conv_0464,"For context, I identify as woman; the relevant date is 2 January 2025; my contact is a mobile number; I live in small village near Pune.",0.8,0.8725,0.93,1.0,0.0,0.75,6.741667,HIGH,"[{""type"": ""GENDER"", ""value"": ""woman"", ""specificity"": 0.8, ""confidence"": 0.94, ""source_message_id"": 1}, {""type"": ""DATE"", ""value"": ""2 January 2025"", ""specificity"": 0.85, ""confidence"": 0.92, ""source_message_id"": 1}, {""type"": ""PHONE_NUMBER"", ""value"": ""a mobile number"", ""specificity"": 0.93, ""confidence"": 0.91, ""source_message_id"": 3}, {""type"": ""LOCATION"", ""value"": ""small village near Pune"", ""specificity"": 0.91, ""confidence"": 0.99, ""source_message_id"": 3}]","[{""indicator"": ""exact_date"", ""attribute_type"": ""DATE""}, {""indicator"": ""village_level_location"", ""attribute_type"": ""LOCATION""}]"
ml_conv_0465,A few details about me: I have a government identification number.,0.2,0.54,0.54,0.0,0.0,0,1.722222,LOW,"[{""type"": ""GOVERNMENT_ID"", ""value"": ""a government identification number"", ""specificity"": 0.54, ""confidence"": 0.93, ""source_message_id"": 1}]",[]
ml_conv_0466,Yesterday I mentioned that I live in India; my contact is a mobile number; I have ₹50 lakh debt; I am 57; I have health problems.,1.0,0.548,0.79,0.2,0.4,0.2,4.703333,MEDIUM,"[{""type"": ""LOCATION"", ""value"": ""India"", ""specificity"": 0.53, ""confidence"": 0.92, ""source_message_id"": 1}, {""type"": ""PHONE_NUMBER"", ""value"": ""a mobile number"", ""specificity"": 0.39, ""confidence"": 0.93, ""source_message_id"": 1}, {""type"": ""FINANCIAL"", ""value"": ""₹50 lakh debt"", ""specificity"": 0.61, ""confidence"": 0.98, ""source_message_id"": 2}, {""type"": ""AGE"", ""value"": ""57"", ""specificity"": 0.42, ""confidence"": 0.88, ""source_message_id"": 4}, {""type"": ""HEALTH"", ""value"": ""health problems"", ""specificity"": 0.79, ""confidence"": 0.91, ""source_message_id"": 4}]","[{""indicator"": ""sensitive_health_attribute"", ""attribute_type"": ""HEALTH""}]"
ml_conv_0467,My situation is that I have health problems; I have a government identification number.,0.4,0.2,0.27,0.0,0.2,0,1.561111,LOW,"[{""type"": ""HEALTH"", ""value"": ""health problems"", ""specificity"": 0.13, ""confidence"": 0.9, ""source_message_id"": 1}, {""type"": ""GOVERNMENT_ID"", ""value"": ""a government identification number"", ""specificity"": 0.27, ""confidence"": 0.91, ""source_message_id"": 2}]",[]
ml_conv_0468,Here are some details: I visited health centre; I identify as woman; I live in small village near Pune; my family includes single parent; I have financial difficulty.,1.0,0.784,0.96,0.8,0.4,0.6,7.137778,HIGH,"[{""type"": ""FACILITY"", ""value"": ""health centre"", ""specificity"": 0.71, ""confidence"": 0.98, ""source_message_id"": 1}, {""type"": ""GENDER"", ""value"": ""woman"", ""specificity"": 0.96, ""confidence"": 0.9, ""source_message_id"": 2}, {""type"": ""LOCATION"", ""value"": ""small village near Pune"", ""specificity"": 0.85, ""confidence"": 0.93, ""source_message_id"": 3}, {""type"": ""FAMILY"", ""value"": ""single parent"", ""specificity"": 0.75, ""confidence"": 0.94, ""source_message_id"": 1}, {""type"": ""FINANCIAL"", ""value"": ""financial difficulty"", ""specificity"": 0.65, ""confidence"": 0.99, ""source_message_id"": 4}]","[{""indicator"": ""village_level_location"", ""attribute_type"": ""LOCATION""}]"
ml_conv_0469,"For context, I have a ration card; I visited PHC Y; I identify as nonbinary adult; I am 34.",0.8,0.4675,0.54,0.0,0.0,0,2.308333,LOW,"[{""type"": ""GOVERNMENT_ID"", ""value"": ""a ration card"", ""specificity"": 0.46, ""confidence"": 0.9, ""source_message_id"": 1}, {""type"": ""FACILITY"", ""value"": ""PHC Y"", ""specificity"": 0.36, ""confidence"": 0.94, ""source_message_id"": 1}, {""type"": ""GENDER"", ""value"": ""nonbinary adult"", ""specificity"": 0.54, ""confidence"": 0.93, ""source_message_id"": 1}, {""type"": ""AGE"", ""value"": ""34"", ""specificity"": 0.51, ""confidence"": 0.98, ""source_message_id"": 2}]",[]
ml_conv_0470,Here are some details: I am the only person matching these details: I identify as man; I work as a farm worker; I have a ration card; I live in India; I have ₹50 lakh debt; I am adult; the relevant date is yesterday.,1.0,0.8757142857142857,0.99,0.8571428571428571,0.2,1.0,7.829365,HIGH,"[{""type"": ""GENDER"", ""value"": ""man"", ""specificity"": 0.69, ""confidence"": 0.93, ""source_message_id"": 1}, {""type"": ""OCCUPATION"", ""value"": ""farm worker"", ""specificity"": 0.99, ""confidence"": 0.9, ""source_message_id"": 2}, {""type"": ""GOVERNMENT_ID"", ""value"": ""a ration card"", ""specificity"": 0.92, ""confidence"": 0.97, ""source_message_id"": 2}, {""type"": ""LOCATION"", ""value"": ""India"", ""specificity"": 0.76, ""confidence"": 0.99, ""source_message_id"": 3}, {""type"": ""FINANCIAL"", ""value"": ""₹50 lakh debt"", ""specificity"": 0.99, ""confidence"": 0.95, ""source_message_id"": 3}, {""type"": ""AGE"", ""value"": ""adult"", ""specificity"": 0.93, ""confidence"": 0.99, ""source_message_id"": 3}, {""type"": ""DATE"", ""value"": ""yesterday"", ""specificity"": 0.85, ""confidence"": 0.93, ""source_message_id"": 3}]","[{""indicator"": ""exact_age"", ""attribute_type"": ""AGE""}, {""indicator"": ""exact_date"", ""attribute_type"": ""DATE""}, {""indicator"": ""uniqueness_word"", ""attribute_type"": ""LOCATION""}]"
ml_conv_0471,"For context, I identify as man; I have diabetes; I visited City Hospital.",0.6,0.87,0.91,1.0,0.2,0.2,5.705556,MEDIUM,"[{""type"": ""GENDER"", ""value"": ""man"", ""specificity"": 0.83, ""confidence"": 0.97, ""source_message_id"": 1}, {""type"": ""HEALTH"", ""value"": ""diabetes"", ""specificity"": 0.91, ""confidence"": 0.9, ""source_message_id"": 1}, {""type"": ""FACILITY"", ""value"": ""City Hospital"", ""specificity"": 0.87, ""confidence"": 0.97, ""source_message_id"": 3}]","[{""indicator"": ""sensitive_health_attribute"", ""attribute_type"": ""HEALTH""}]"
ml_conv_0472,A few details about me: I live in Karnataka; I have a small loan; my contact is a mobile number; I visited City Hospital; I have a government identification number; I identify as man; my family includes elderly dependent.,1.0,0.8185714285714286,0.99,0.8571428571428571,0.4,0,5.988095,MEDIUM,"[{""type"": ""LOCATION"", ""value"": ""Karnataka"", ""specificity"": 0.71, ""confidence"": 0.88, ""source_message_id"": 1}, {""type"": ""FINANCIAL"", ""value"": ""a small loan"", ""specificity"": 0.81, ""confidence"": 0.99, ""source_message_id"": 1}, {""type"": ""PHONE_NUMBER"", ""value"": ""a mobile number"", ""specificity"": 0.77, ""confidence"": 0.91, ""source_message_id"": 2}, {""type"": ""FACILITY"", ""value"": ""City Hospital"", ""specificity"": 0.88, ""confidence"": 0.93, ""source_message_id"": 4}, {""type"": ""GOVERNMENT_ID"", ""value"": ""a government identification number"", ""specificity"": 0.99, ""confidence"": 0.9, ""source_message_id"": 2}, {""type"": ""GENDER"", ""value"": ""man"", ""specificity"": 0.9, ""confidence"": 0.89, ""source_message_id"": 3}, {""type"": ""FAMILY"", ""value"": ""elderly dependent"", ""specificity"": 0.67, ""confidence"": 0.98, ""source_message_id"": 3}]",[]
ml_conv_0473,A few details about me: I have ₹50 lakh debt; I identify as woman.,0.4,0.5349999999999999,0.71,0.5,0.2,0,3.5,MEDIUM,"[{""type"": ""FINANCIAL"", ""value"": ""₹50 lakh debt"", ""specificity"": 0.71, ""confidence"": 0.95, ""source_message_id"": 1}, {""type"": ""GENDER"", ""value"": ""woman"", ""specificity"": 0.36, ""confidence"": 0.94, ""source_message_id"": 1}]",[]
ml_conv_0474,Here are some details: I am the only person matching these details: my family includes parent; I have a government identification number; I work as a software engineer; I have a small loan.,0.8,0.9025,0.98,1.0,0.4,1.0,8.302778,HIGH,"[{""type"": ""FAMILY"", ""value"": ""parent"", ""specificity"": 0.98, ""confidence"": 0.91, ""source_message_id"": 1}, {""type"": ""GOVERNMENT_ID"", ""value"": ""a government identification number"", ""specificity"": 0.71, ""confidence"": 0.98, ""source_message_id"": 1}, {""type"": ""OCCUPATION"", ""value"": ""software engineer"", ""specificity"": 0.95, ""confidence"": 0.88, ""source_message_id"": 1}, {""type"": ""FINANCIAL"", ""value"": ""a small loan"", ""specificity"": 0.97, ""confidence"": 0.9, ""source_message_id"": 3}]","[{""indicator"": ""uniqueness_word"", ""attribute_type"": ""AGE""}]"
ml_conv_0475,"For context, I am the only person matching these details: I have a ration card; my contact is a mobile number; I am 57; the relevant date is 2 January 2025; I have a rare blood disorder; my family includes elderly dependent.",1.0,0.8366666666666666,0.98,0.8333333333333334,0.4,1.0,8.174074,HIGH,"[{""type"": ""GOVERNMENT_ID"", ""value"": ""a ration card"", ""specificity"": 0.66, ""confidence"": 0.89, ""source_message_id"": 1}, {""type"": ""PHONE_NUMBER"", ""value"": ""a mobile number"", ""specificity"": 0.88, ""confidence"": 0.97, ""source_message_id"": 2}, {""type"": ""AGE"", ""value"": ""57"", ""specificity"": 0.75, ""confidence"": 0.99, ""source_message_id"": 3}, {""type"": ""DATE"", ""value"": ""2 January 2025"", ""specificity"": 0.98, ""confidence"": 0.95, ""source_message_id"": 2}, {""type"": ""HEALTH"", ""value"": ""a rare blood disorder"", ""specificity"": 0.79, ""confidence"": 0.97, ""source_message_id"": 2}, {""type"": ""FAMILY"", ""value"": ""elderly dependent"", ""specificity"": 0.96, ""confidence"": 0.96, ""source_message_id"": 3}]","[{""indicator"": ""exact_date"", ""attribute_type"": ""DATE""}, {""indicator"": ""sensitive_health_attribute"", ""attribute_type"": ""HEALTH""}, {""indicator"": ""uniqueness_word"", ""attribute_type"": ""AGE""}]"
ml_conv_0476,"For context, I am the only person matching these details: I am 29; my family includes single parent.",0.4,0.8400000000000001,0.89,1.0,0.2,1.0,7.194444,HIGH,"[{""type"": ""AGE"", ""value"": ""29"", ""specificity"": 0.89, ""confidence"": 0.9, ""source_message_id"": 1}, {""type"": ""FAMILY"", ""value"": ""single parent"", ""specificity"": 0.79, ""confidence"": 0.95, ""source_message_id"": 1}]","[{""indicator"": ""exact_age"", ""attribute_type"": ""AGE""}, {""indicator"": ""uniqueness_word"", ""attribute_type"": ""AGE""}]"
ml_conv_0477,Yesterday I mentioned that I have a ration card.,0.2,0.5,0.5,0.0,0.0,0,1.611111,LOW,"[{""type"": ""GOVERNMENT_ID"", ""value"": ""a ration card"", ""specificity"": 0.5, ""confidence"": 0.89, ""source_message_id"": 1}]",[]
ml_conv_0478,A few details about me: I am the only person matching these details: the relevant date is 14 March 2026; I work as a software engineer; I have a ration card; I live in Bengaluru; my family includes parent; my contact is a mobile number; I have asthma. The appointment was recorded in the local clinic register.,1.0,0.7657142857142858,0.88,0.8571428571428571,0.4,1.0,7.968254,HIGH,"[{""type"": ""DATE"", ""value"": ""14 March 2026"", ""specificity"": 0.66, ""confidence"": 0.89, ""source_message_id"": 1}, {""type"": ""OCCUPATION"", ""value"": ""software engineer"", ""specificity"": 0.73, ""confidence"": 0.99, ""source_message_id"": 1}, {""type"": ""GOVERNMENT_ID"", ""value"": ""a ration card"", ""specificity"": 0.88, ""confidence"": 0.9, ""source_message_id"": 1}, {""type"": ""LOCATION"", ""value"": ""Bengaluru"", ""specificity"": 0.71, ""confidence"": 0.94, ""source_message_id"": 4}, {""type"": ""FAMILY"", ""value"": ""parent"", ""specificity"": 0.75, ""confidence"": 0.94, ""source_message_id"": 1}, {""type"": ""PHONE_NUMBER"", ""value"": ""a mobile number"", ""specificity"": 0.78, ""confidence"": 0.96, ""source_message_id"": 2}, {""type"": ""HEALTH"", ""value"": ""asthma"", ""specificity"": 0.85, ""confidence"": 0.92, ""source_message_id"": 1}]","[{""indicator"": ""sensitive_health_attribute"", ""attribute_type"": ""HEALTH""}, {""indicator"": ""uniqueness_word"", ""attribute_type"": ""LOCATION""}]"
ml_conv_0479,My situation is that the relevant date is this week; I have a ration card; I visited PHC Y; my contact is a phone ending in 4421. Only a few people in the area know these details about me.,0.8,0.8775,0.96,1.0,0.0,0.15,5.463889,MEDIUM,"[{""type"": ""DATE"", ""value"": ""this week"", ""specificity"": 0.94, ""confidence"": 0.98, ""source_message_id"": 1}, {""type"": ""GOVERNMENT_ID"", ""value"": ""a ration card"", ""specificity"": 0.79, ""confidence"": 0.9, ""source_message_id"": 1}, {""type"": ""FACILITY"", ""value"": ""PHC Y"", ""specificity"": 0.82, ""confidence"": 0.88, ""source_message_id"": 2}, {""type"": ""PHONE_NUMBER"", ""value"": ""a phone ending in 4421"", ""specificity"": 0.96, ""confidence"": 0.93, ""source_message_id"": 4}]","[{""indicator"": ""exact_date"", ""attribute_type"": ""DATE""}]"
ml_conv_0480,A few details about me: I have ₹50 lakh debt; my family includes elderly dependent; I visited health centre.,0.6,0.4633333333333334,0.62,0.0,0.4,0,3.103704,LOW,"[{""type"": ""FINANCIAL"", ""value"": ""₹50 lakh debt"", ""specificity"": 0.62, ""confidence"": 0.95, ""source_message_id"": 1}, {""type"": ""FAMILY"", ""value"": ""elderly dependent"", ""specificity"": 0.4, ""confidence"": 0.94, ""source_message_id"": 1}, {""type"": ""FACILITY"", ""value"": ""health centre"", ""specificity"": 0.37, ""confidence"": 0.89, ""source_message_id"": 3}]",[]
ml_conv_0481,Yesterday I mentioned that I have financial difficulty; I have a government identification number; the relevant date is 2 January 2025; I live in small village near Pune.,0.8,0.625,0.85,0.25,0.2,0.6,5.194444,MEDIUM,"[{""type"": ""FINANCIAL"", ""value"": ""financial difficulty"", ""specificity"": 0.85, ""confidence"": 0.97, ""source_message_id"": 1}, {""type"": ""GOVERNMENT_ID"", ""value"": ""a government identification number"", ""specificity"": 0.69, ""confidence"": 0.98, ""source_message_id"": 2}, {""type"": ""DATE"", ""value"": ""2 January 2025"", ""specificity"": 0.55, ""confidence"": 0.89, ""source_message_id"": 3}, {""type"": ""LOCATION"", ""value"": ""small village near Pune"", ""specificity"": 0.41, ""confidence"": 0.92, ""source_message_id"": 2}]","[{""indicator"": ""village_level_location"", ""attribute_type"": ""LOCATION""}]"
ml_conv_0482,My situation is that I have a government identification number; I work as a software engineer; my contact is a phone ending in 4421.,0.6,0.7333333333333334,0.78,1.0,0.0,0,4.448148,MEDIUM,"[{""type"": ""GOVERNMENT_ID"", ""value"": ""a government identification number"", ""specificity"": 0.71, ""confidence"": 0.96, ""source_message_id"": 1}, {""type"": ""OCCUPATION"", ""value"": ""software engineer"", ""specificity"": 0.71, ""confidence"": 0.93, ""source_message_id"": 1}, {""type"": ""PHONE_NUMBER"", ""value"": ""a phone ending in 4421"", ""specificity"": 0.78, ""confidence"": 0.89, ""source_message_id"": 1}]",[]
ml_conv_0483,Here are some details: I identify as nonbinary adult; I have a government identification number.,0.4,0.665,0.78,0.5,0.0,0,3.316667,LOW,"[{""type"": ""GENDER"", ""value"": ""nonbinary adult"", ""specificity"": 0.55, ""confidence"": 0.99, ""source_message_id"": 1}, {""type"": ""GOVERNMENT_ID"", ""value"": ""a government identification number"", ""specificity"": 0.78, ""confidence"": 0.88, ""source_message_id"": 2}]",[]
ml_conv_0484,"For context, my contact is a mobile number; I work as a shopkeeper; I identify as man.",0.6,0.6,0.78,0.3333333333333333,0.0,0,3.188889,LOW,"[{""type"": ""PHONE_NUMBER"", ""value"": ""a mobile number"", ""specificity"": 0.51, ""confidence"": 0.91, ""source_message_id"": 1}, {""type"": ""OCCUPATION"", ""value"": ""shopkeeper"", ""specificity"": 0.51, ""confidence"": 0.89, ""source_message_id"": 2}, {""type"": ""GENDER"", ""value"": ""man"", ""specificity"": 0.78, ""confidence"": 0.9, ""source_message_id"": 1}]",[]
ml_conv_0485,My situation is that I am the only person matching these details: I work as a student; I have financial difficulty; I am young adult. I had already discussed the matter with the district office.,0.6,0.7799999999999999,0.96,0.6666666666666666,0.2,1.0,6.911111,HIGH,"[{""type"": ""OCCUPATION"", ""value"": ""student"", ""specificity"": 0.96, ""confidence"": 0.96, ""source_message_id"": 1}, {""type"": ""FINANCIAL"", ""value"": ""financial difficulty"", ""specificity"": 0.7, ""confidence"": 0.96, ""source_message_id"": 2}, {""type"": ""AGE"", ""value"": ""young adult"", ""specificity"": 0.68, ""confidence"": 0.98, ""source_message_id"": 1}]","[{""indicator"": ""uniqueness_word"", ""attribute_type"": ""AGE""}]"
ml_conv_0486,Here are some details: I am the only person matching these details: I identify as man; I work as a shopkeeper; I visited district clinic.,0.6,0.82,0.94,0.6666666666666666,0.0,1.0,6.477778,MEDIUM,"[{""type"": ""GENDER"", ""value"": ""man"", ""specificity"": 0.94, ""confidence"": 0.88, ""source_message_id"": 1}, {""type"": ""OCCUPATION"", ""value"": ""shopkeeper"", ""specificity"": 0.69, ""confidence"": 0.94, ""source_message_id"": 2}, {""type"": ""FACILITY"", ""value"": ""district clinic"", ""specificity"": 0.83, ""confidence"": 0.97, ""source_message_id"": 3}]","[{""indicator"": ""uniqueness_word"", ""attribute_type"": ""AGE""}]"
ml_conv_0487,"For context, the relevant date is yesterday; I have diabetes; I live in Village X. I had already discussed the matter with the district office.",0.6,0.8433333333333333,0.95,1.0,0.2,0.8,7.075926,HIGH,"[{""type"": ""DATE"", ""value"": ""yesterday"", ""specificity"": 0.7, ""confidence"": 0.95, ""source_message_id"": 1}, {""type"": ""HEALTH"", ""value"": ""diabetes"", ""specificity"": 0.95, ""confidence"": 0.91, ""source_message_id"": 2}, {""type"": ""LOCATION"", ""value"": ""Village X"", ""specificity"": 0.88, ""confidence"": 0.96, ""source_message_id"": 2}]","[{""indicator"": ""sensitive_health_attribute"", ""attribute_type"": ""HEALTH""}, {""indicator"": ""village_level_location"", ""attribute_type"": ""LOCATION""}]"
ml_conv_0488,Yesterday I mentioned that I have a small loan. After work I walked through the park and called a friend.,0.2,0.47,0.47,0.0,0.2,0,1.972222,LOW,"[{""type"": ""FINANCIAL"", ""value"": ""a small loan"", ""specificity"": 0.47, ""confidence"": 0.91, ""source_message_id"": 1}]",[]
ml_conv_0489,My situation is that my contact is a phone ending in 4421; I am young adult.,0.4,0.23500000000000001,0.34,0.0,0.0,0,1.272222,LOW,"[{""type"": ""PHONE_NUMBER"", ""value"": ""a phone ending in 4421"", ""specificity"": 0.13, ""confidence"": 0.89, ""source_message_id"": 1}, {""type"": ""AGE"", ""value"": ""young adult"", ""specificity"": 0.34, ""confidence"": 0.94, ""source_message_id"": 2}]",[]
ml_conv_0490,Here are some details: my family includes elderly dependent; I have ₹50 lakh debt; I am 41; I visited health centre; I work as a teacher.,1.0,0.638,0.73,0.2,0.4,0,4.258889,MEDIUM,"[{""type"": ""FAMILY"", ""value"": ""elderly dependent"", ""specificity"": 0.68, ""confidence"": 0.91, ""source_message_id"": 1}, {""type"": ""FINANCIAL"", ""value"": ""₹50 lakh debt"", ""specificity"": 0.69, ""confidence"": 0.94, ""source_message_id"": 1}, {""type"": ""AGE"", ""value"": ""41"", ""specificity"": 0.44, ""confidence"": 0.89, ""source_message_id"": 3}, {""type"": ""FACILITY"", ""value"": ""health centre"", ""specificity"": 0.65, ""confidence"": 0.97, ""source_message_id"": 2}, {""type"": ""OCCUPATION"", ""value"": ""teacher"", ""specificity"": 0.73, ""confidence"": 0.88, ""source_message_id"": 4}]",[]
ml_conv_0491,Here are some details: I have financial difficulty; I have a ration card; I work as a farm worker; I visited health centre.,0.8,0.685,0.81,0.25,0.2,0,3.861111,MEDIUM,"[{""type"": ""FINANCIAL"", ""value"": ""financial difficulty"", ""specificity"": 0.81, ""confidence"": 0.95, ""source_message_id"": 1}, {""type"": ""GOVERNMENT_ID"", ""value"": ""a ration card"", ""specificity"": 0.67, ""confidence"": 0.98, ""source_message_id"": 2}, {""type"": ""OCCUPATION"", ""value"": ""farm worker"", ""specificity"": 0.65, ""confidence"": 0.92, ""source_message_id"": 1}, {""type"": ""FACILITY"", ""value"": ""health centre"", ""specificity"": 0.61, ""confidence"": 0.97, ""source_message_id"": 2}]",[]
ml_conv_0492,Yesterday I mentioned that I identify as man; I am 57.,0.4,0.125,0.15,0.0,0.0,0,0.833333,LOW,"[{""type"": ""GENDER"", ""value"": ""man"", ""specificity"": 0.1, ""confidence"": 0.93, ""source_message_id"": 1}, {""type"": ""AGE"", ""value"": ""57"", ""specificity"": 0.15, ""confidence"": 0.89, ""source_message_id"": 1}]",[]
ml_conv_0493,"For context, I have a rare blood disorder; I visited district clinic; the relevant date is this week; I have a government identification number.",0.8,0.5975,0.79,0.25,0.2,0,3.730556,MEDIUM,"[{""type"": ""HEALTH"", ""value"": ""a rare blood disorder"", ""specificity"": 0.38, ""confidence"": 0.98, ""source_message_id"": 1}, {""type"": ""FACILITY"", ""value"": ""district clinic"", ""specificity"": 0.69, ""confidence"": 0.98, ""source_message_id"": 1}, {""type"": ""DATE"", ""value"": ""this week"", ""specificity"": 0.79, ""confidence"": 0.93, ""source_message_id"": 1}, {""type"": ""GOVERNMENT_ID"", ""value"": ""a government identification number"", ""specificity"": 0.53, ""confidence"": 0.97, ""source_message_id"": 3}]",[]
ml_conv_0494,My situation is that I am the only person matching these details: I have chronic kidney disease; my family includes parent; I live in India; I am 34; I identify as woman.,1.0,0.85,0.89,1.0,0.4,1.0,8.316667,HIGH,"[{""type"": ""HEALTH"", ""value"": ""chronic kidney disease"", ""specificity"": 0.83, ""confidence"": 0.93, ""source_message_id"": 1}, {""type"": ""FAMILY"", ""value"": ""parent"", ""specificity"": 0.89, ""confidence"": 0.98, ""source_message_id"": 2}, {""type"": ""LOCATION"", ""value"": ""India"", ""specificity"": 0.88, ""confidence"": 0.92, ""source_message_id"": 1}, {""type"": ""AGE"", ""value"": ""34"", ""specificity"": 0.76, ""confidence"": 0.9, ""source_message_id"": 1}, {""type"": ""GENDER"", ""value"": ""woman"", ""specificity"": 0.89, ""confidence"": 0.91, ""source_message_id"": 2}]","[{""indicator"": ""sensitive_health_attribute"", ""attribute_type"": ""HEALTH""}, {""indicator"": ""uniqueness_word"", ""attribute_type"": ""HEALTH""}]"
ml_conv_0495,Here are some details: I am the only person matching these details: I identify as man; my family includes parent; I visited PHC Y; I am 57.,0.8,0.8300000000000001,0.93,1.0,0.2,1.0,7.694444,HIGH,"[{""type"": ""GENDER"", ""value"": ""man"", ""specificity"": 0.9, ""confidence"": 0.92, ""source_message_id"": 1}, {""type"": ""FAMILY"", ""value"": ""parent"", ""specificity"": 0.76, ""confidence"": 0.97, ""source_message_id"": 2}, {""type"": ""FACILITY"", ""value"": ""PHC Y"", ""specificity"": 0.93, ""confidence"": 0.95, ""source_message_id"": 3}, {""type"": ""AGE"", ""value"": ""57"", ""specificity"": 0.73, ""confidence"": 0.91, ""source_message_id"": 3}]","[{""indicator"": ""uniqueness_word"", ""attribute_type"": ""AGE""}]"
ml_conv_0496,Yesterday I mentioned that the relevant date is this week; my family includes elderly dependent.,0.4,0.595,0.69,0.0,0.2,0,2.7,LOW,"[{""type"": ""DATE"", ""value"": ""this week"", ""specificity"": 0.69, ""confidence"": 0.93, ""source_message_id"": 1}, {""type"": ""FAMILY"", ""value"": ""elderly dependent"", ""specificity"": 0.5, ""confidence"": 0.9, ""source_message_id"": 1}]",[]
ml_conv_0497,"For context, I have chronic kidney disease; I work as a teacher; I am 41; I live in Village Y; I identify as man; the relevant date is this week.",1.0,0.8883333333333333,0.98,1.0,0.2,1.0,8.064815,HIGH,"[{""type"": ""HEALTH"", ""value"": ""chronic kidney disease"", ""specificity"": 0.95, ""confidence"": 0.93, ""source_message_id"": 1}, {""type"": ""OCCUPATION"", ""value"": ""teacher"", ""specificity"": 0.82, ""confidence"": 0.94, ""source_message_id"": 1}, {""type"": ""AGE"", ""value"": ""41"", ""specificity"": 0.98, ""confidence"": 0.99, ""source_message_id"": 3}, {""type"": ""LOCATION"", ""value"": ""Village Y"", ""specificity"": 0.94, ""confidence"": 0.89, ""source_message_id"": 3}, {""type"": ""GENDER"", ""value"": ""man"", ""specificity"": 0.92, ""confidence"": 0.91, ""source_message_id"": 2}, {""type"": ""DATE"", ""value"": ""this week"", ""specificity"": 0.72, ""confidence"": 0.96, ""source_message_id"": 1}]","[{""indicator"": ""sensitive_health_attribute"", ""attribute_type"": ""HEALTH""}, {""indicator"": ""exact_age"", ""attribute_type"": ""AGE""}, {""indicator"": ""village_level_location"", ""attribute_type"": ""LOCATION""}]"
ml_conv_0498,"For context, I work as a software engineer; I have diabetes; I have a ration card; I have financial difficulty; I am 57.",1.0,0.866,0.96,0.8,0.4,0.5,7.006667,HIGH,"[{""type"": ""OCCUPATION"", ""value"": ""software engineer"", ""specificity"": 0.66, ""confidence"": 0.9, ""source_message_id"": 1}, {""type"": ""HEALTH"", ""value"": ""diabetes"", ""specificity"": 0.94, ""confidence"": 0.91, ""source_message_id"": 1}, {""type"": ""GOVERNMENT_ID"", ""value"": ""a ration card"", ""specificity"": 0.95, ""confidence"": 0.9, ""source_message_id"": 1}, {""type"": ""FINANCIAL"", ""value"": ""financial difficulty"", ""specificity"": 0.82, ""confidence"": 0.9, ""source_message_id"": 1}, {""type"": ""AGE"", ""value"": ""57"", ""specificity"": 0.96, ""confidence"": 0.92, ""source_message_id"": 1}]","[{""indicator"": ""sensitive_health_attribute"", ""attribute_type"": ""HEALTH""}, {""indicator"": ""exact_age"", ""attribute_type"": ""AGE""}]"
ml_conv_0499,"Yesterday I mentioned that my contact is a mobile number; I am young adult. It was a quiet day with errands, tea, and a little television.",0.4,0.26,0.28,0.0,0.0,0,1.2,LOW,"[{""type"": ""PHONE_NUMBER"", ""value"": ""a mobile number"", ""specificity"": 0.24, ""confidence"": 0.95, ""source_message_id"": 1}, {""type"": ""AGE"", ""value"": ""young adult"", ""specificity"": 0.28, ""confidence"": 0.95, ""source_message_id"": 2}]",[]
ml_conv_0500,"For context, I am the only person matching these details: I live in Bengaluru; my family includes two children; I have a ration card; I have diabetes; the relevant date is yesterday.",1.0,0.834,0.93,0.8,0.4,1.0,8.032222,HIGH,"[{""type"": ""LOCATION"", ""value"": ""Bengaluru"", ""specificity"": 0.84, ""confidence"": 0.97, ""source_message_id"": 1}, {""type"": ""FAMILY"", ""value"": ""two children"", ""specificity"": 0.93, ""confidence"": 0.91, ""source_message_id"": 2}, {""type"": ""GOVERNMENT_ID"", ""value"": ""a ration card"", ""specificity"": 0.89, ""confidence"": 0.91, ""source_message_id"": 3}, {""type"": ""HEALTH"", ""value"": ""diabetes"", ""specificity"": 0.67, ""confidence"": 0.97, ""source_message_id"": 2}, {""type"": ""DATE"", ""value"": ""yesterday"", ""specificity"": 0.84, ""confidence"": 0.88, ""source_message_id"": 1}]","[{""indicator"": ""uniqueness_word"", ""attribute_type"": ""LOCATION""}]"
